date,revenue,cogs,gross_profit,gross_margin_pct,day_of_week,is_weekend,month,day_of_year,sessions,unique_visitors,page_views,bounce_rate,avg_session_duration_sec,traffic_source,revenue_ma7,revenue_ma30
2012-07-04,5123547.94,3982991.19,1140556.75,22.26,2,0,7,186,,,,,,,5123547.94,5123547.94
2012-07-05,2751773.45,2150580.23,601193.22,21.85,3,0,7,187,,,,,,,3937660.7,3937660.7
2012-07-06,3054029.42,2517632.84,536396.58,17.56,4,0,7,188,,,,,,,3643116.94,3643116.94
2012-07-07,2667930.94,2108246.62,559684.32,20.98,5,1,7,189,,,,,,,3399320.44,3399320.44
2012-07-08,2360851.9,1808622.79,552229.11,23.39,6,1,7,190,,,,,,,3191626.73,3191626.73
2012-07-09,3548386.46,2787841.68,760544.78,21.43,0,0,7,191,,,,,,,3251086.68,3251086.68
2012-07-10,5234938.62,4044438.84,1190499.78,22.74,1,0,7,192,,,,,,,3534494.1,3534494.1
2012-07-11,5582884.78,4338313.07,1244571.71,22.29,2,0,7,193,,,,,,,3600113.65,3790542.94
2012-07-12,5734632.02,4458811.27,1275820.75,22.25,3,0,7,194,,,,,,,4026236.31,4006552.84
2012-07-13,5309511.71,4143402.78,1166108.93,21.96,4,0,7,195,,,,,,,4348448.06,4136848.72
2012-07-14,3820831.41,3075464.87,745366.54,19.51,5,1,7,196,,,,,,,4513148.13,4108119.88
2012-07-15,3948841.28,3154482.05,794359.23,20.12,6,1,7,197,,,,,,,4740003.75,4094846.66
2012-07-16,3503801.49,2708219.59,795581.9,22.71,0,0,7,198,,,,,,,4733634.47,4049381.65
2012-07-17,4476729.49,3463061.65,1013667.84,22.64,1,0,7,199,,,,,,,4625318.88,4079906.49
2012-07-18,5184141.46,4072012.16,1112129.3,21.45,2,0,7,200,,,,,,,4568355.55,4153522.16
2012-07-19,6421487.11,5007270.91,1414216.2,22.02,3,0,7,201,,,,,,,4666477.71,4295269.97
2012-07-20,5171470.46,4213989.64,957480.82,18.51,4,0,7,202,,,,,,,4646757.53,4346811.17
2012-07-21,3442157.02,2746075.45,696081.57,20.22,5,1,7,203,,,,,,,4592661.19,4296552.61
2012-07-22,3117550.57,2531656.38,585894.19,18.79,6,1,7,204,,,,,,,4473905.37,4234499.87
2012-07-23,4730517.69,3685006.66,1045511.03,22.1,0,0,7,205,,,,,,,4649150.54,4259300.76
2012-07-24,4096496.12,3248450.65,848045.47,20.7,1,0,7,206,,,,,,,4594831.49,4251548.16
2012-07-25,5246688.08,4140019.37,1106668.71,21.09,2,0,7,207,,,,,,,4603766.72,4296781.79
2012-07-26,5851965.06,4579171.74,1272793.32,21.75,3,0,7,208,,,,,,,4522406.43,4364398.46
2012-07-27,5156699.45,3989402.2,1167297.25,22.64,4,0,7,209,,,,,,,4520296.28,4397411.0
2012-07-28,4326956.84,3403662.59,923294.25,21.34,5,1,7,210,,,,,,,4646696.26,4394592.83
2012-07-29,4804199.65,3819645.91,984553.74,20.49,6,1,7,211,,,,,,,4887646.13,4410346.94
2012-07-30,6586130.95,5195109.56,1391021.39,21.12,0,0,7,212,,,,,,,5152733.74,4490931.53
2012-07-31,9151622.14,7142891.18,2008730.96,21.95,1,0,7,213,,,,,,,5874894.6,4657384.77
2012-08-01,9148357.3,7308514.33,1839842.97,20.11,2,0,8,214,,,,,,,6432275.91,4812245.89
2012-08-02,9692427.0,7537501.15,2154925.85,22.23,3,0,8,215,,,,,,,6980913.33,4974918.59
2012-08-03,9297269.95,7118808.46,2178461.49,23.43,4,0,8,216,,,,,,,7572423.4,5114042.66
2012-08-04,6384195.03,5087528.11,1296666.92,20.31,5,1,8,217,,,,,,,7866314.57,5235123.38
2012-08-05,2359224.19,1863413.11,495811.08,21.02,6,1,8,218,,,,,,,7517032.37,5211963.21
2012-08-06,3630003.7,2922718.71,707284.99,19.48,0,0,8,219,,,,,,,7094728.47,5244032.3
2012-08-07,2240253.44,1781265.84,458987.6,20.49,1,0,8,220,,,,,,,6107390.09,5240012.35
2012-08-08,2617553.36,1997006.42,620546.94,23.71,2,0,8,221,,,,,,,5174418.1,5208984.58
2012-08-09,4478691.52,3621672.71,857018.81,19.14,3,0,8,222,,,,,,,4429598.74,5183776.34
2012-08-10,3412496.65,2699279.56,713217.09,20.9,4,0,8,223,,,,,,,3588916.84,5111430.07
2012-08-11,2732604.35,2168668.05,563936.3,20.64,5,1,8,224,,,,,,,3067261.03,5011362.48
2012-08-12,3388181.83,2654275.25,733906.58,21.66,6,1,8,225,,,,,,,3214254.98,4947318.15
2012-08-13,3928170.01,3189564.96,738605.05,18.8,0,0,8,226,,,,,,,3256850.17,4950896.11
2012-08-14,4033912.16,3258198.58,775713.58,19.23,1,0,8,227,,,,,,,3513087.13,4953731.8
2012-08-15,3780293.26,2886923.59,893369.67,23.63,2,0,8,228,,,,,,,3679192.83,4962948.19
2012-08-16,5249978.18,4222455.97,1027522.21,19.57,3,0,8,229,,,,,,,3789376.63,4988723.15
2012-08-17,4089284.05,3238908.92,850375.13,20.8,4,0,8,230,,,,,,,3886060.55,4952227.9
2012-08-18,3450015.71,2808916.94,641098.77,18.58,5,1,8,231,,,,,,,3988547.89,4853178.86
2012-08-19,3904300.93,3006801.4,897499.53,22.99,6,1,8,232,,,,,,,4062279.19,4810939.87
2012-08-20,3541027.32,2827038.81,713988.51,20.16,0,0,8,233,,,,,,,4006973.09,4814235.55
2012-08-21,4147483.23,3364364.64,783118.59,18.88,1,0,8,234,,,,,,,4023197.53,4848566.64
2012-08-22,4597682.81,3562468.33,1035214.48,22.52,2,0,8,235,,,,,,,4139967.46,4844138.81
2012-08-23,5478869.55,4195738.04,1283131.51,23.42,3,0,8,236,,,,,,,4172666.23,4890217.92
2012-08-24,4637850.57,3632210.67,1005639.9,21.68,4,0,8,237,,,,,,,4251032.87,4869923.34
2012-08-25,3589566.28,2784342.75,805223.53,22.43,5,1,8,238,,,,,,,4270968.67,4794510.05
2012-08-26,4280204.53,3476942.48,803262.05,18.77,6,1,8,239,,,,,,,4324669.18,4765293.55
2012-08-27,3038895.84,2365260.68,673635.16,22.17,0,0,8,240,,,,,,,4252936.12,4722358.18
2012-08-28,9508676.62,7439851.59,2068825.03,21.76,1,0,8,241,,,,,,,5018820.89,4879174.08
2012-08-29,9260558.32,7336294.54,1924263.78,20.78,2,0,8,242,,,,,,,5684945.96,4968321.66
2012-08-30,10086534.1,7950911.72,2135622.38,21.17,3,0,8,243,,,,,,,6343183.75,4999485.39
2012-08-31,9104678.52,7277460.12,1827218.4,20.07,4,0,8,244,,,,,,,6981302.03,4998029.43
2012-09-01,8560208.92,6738335.17,1821873.75,21.28,5,1,9,245,,,,,,,7691393.84,4960288.83
2012-09-02,2587099.44,1946097.28,641002.16,24.78,6,1,9,246,,,,,,,7449521.68,4736616.48
2012-09-03,3865505.01,3063431.08,802073.93,20.75,0,0,9,247,,,,,,,7567608.7,4652660.15
2012-09-04,3645749.44,2876968.79,768780.65,21.09,1,0,9,248,,,,,,,6730047.68,4695544.32
2012-09-05,2398185.51,1966376.48,431809.03,18.01,2,0,9,249,,,,,,,5749708.71,4654483.72
2012-09-06,2858227.37,2147909.96,710317.41,24.85,3,0,9,250,,,,,,,4717093.46,4675082.85
2012-09-07,3282753.8,2580035.06,702718.74,21.41,4,0,9,251,,,,,,,3885389.93,4697256.19
2012-09-08,3666204.89,2804001.32,862203.57,23.52,5,1,9,252,,,,,,,3186246.49,4670173.31
2012-09-09,4458501.42,3589475.8,869025.62,19.49,6,1,9,253,,,,,,,3453589.63,4705040.13
2012-09-10,4548962.79,3517300.88,1031661.91,22.68,0,0,9,254,,,,,,,3551226.46,4765585.41
2012-09-11,4021565.55,3264364.41,757201.14,18.83,1,0,9,255,,,,,,,3604914.48,4786698.2
2012-09-12,3335978.29,2673690.65,662287.64,19.85,2,0,9,256,,,,,,,3738884.87,4766958.48
2012-09-13,2609609.29,2103806.97,505802.32,19.38,3,0,9,257,,,,,,,3703368.0,4719481.72
2012-09-14,3729228.43,2835412.27,893816.16,23.97,4,0,9,258,,,,,,,3767150.09,4717779.56
2012-09-15,3605125.64,2849539.9,755585.74,20.96,5,1,9,259,,,,,,,3758424.49,4662951.14
2012-09-16,4452012.44,3561492.95,890519.49,20.0,6,1,9,260,,,,,,,3757497.49,4675042.09
2012-09-17,4811788.67,3932069.23,879719.44,18.28,0,0,9,261,,,,,,,3795044.04,4720434.52
2012-09-18,5078878.07,4123200.89,955677.18,18.82,1,0,9,262,,,,,,,3946088.69,4759587.09
2012-09-19,3680241.62,3014323.76,665917.86,18.09,2,0,9,263,,,,,,,3995269.17,4764227.57
2012-09-20,3763143.75,3080273.62,682870.13,18.15,3,0,9,264,,,,,,,4160059.8,4751416.25
2012-09-21,3943768.14,2978697.93,965070.21,24.47,4,0,9,265,,,,,,,4190708.33,4729619.09
2012-09-22,3872374.03,3011266.74,861107.29,22.24,5,1,9,266,,,,,,,4228886.67,4676069.24
2012-09-23,4118299.54,3294951.2,823348.34,19.99,6,1,9,267,,,,,,,4181213.4,4658750.88
2012-09-24,5733263.53,4585762.62,1147500.91,20.01,0,0,9,268,,,,,,,4312852.67,4730207.45
2012-09-25,5639897.53,4502395.62,1137501.91,20.17,1,0,9,269,,,,,,,4392998.31,4775530.55
2012-09-26,4592282.59,3670417.04,921865.55,20.07,2,0,9,270,,,,,,,4523289.87,4827310.11
2012-09-27,7556892.66,6017108.13,1539784.53,20.38,3,0,9,271,,,,,,,5065254.0,4762250.64
2012-09-28,4892631.14,3884590.92,1008040.22,20.6,4,0,9,272,,,,,,,5200805.86,4616653.07
2012-09-29,5304374.46,4170120.63,1134253.83,21.38,5,1,9,273,,,,,,,5405377.35,4457247.75
2012-09-30,4694379.86,3812737.52,881642.34,18.78,6,1,9,274,,,,,,,5487674.54,4310237.79
2012-10-01,4752532.1,3764447.04,988085.06,20.79,0,0,10,275,,,,,,,5347570.05,4183315.23
2012-10-02,3233135.78,2566510.62,666625.16,20.62,1,0,10,276,,,,,,,5003746.94,4204849.78
2012-10-03,3515132.03,2762823.63,752308.4,21.4,2,0,10,277,,,,,,,4849868.29,4193170.68
2012-10-04,2398137.74,1902425.74,495712.0,20.67,3,0,10,278,,,,,,,4112903.3,4151583.62
2012-10-05,2665953.06,2064899.19,601053.87,22.55,4,0,10,279,,,,,,,3794806.43,4160509.21
2012-10-06,2205266.94,1755004.4,450262.54,20.42,5,1,10,280,,,,,,,3352076.79,4138743.86
2012-10-07,3389598.07,2725469.75,664128.32,19.59,6,1,10,281,,,,,,,3165679.39,4142305.34
2012-10-08,4037039.45,3285493.04,751546.41,18.62,0,0,10,282,,,,,,,3063466.15,4154666.49
2012-10-09,4298675.76,3472700.63,825975.13,19.21,1,0,10,283,,,,,,,3215686.15,4149338.96
2012-10-10,3548716.67,2839202.59,709514.08,19.99,2,0,10,284,,,,,,,3220483.96,4115997.43
2012-10-11,3421490.39,2765374.16,656116.23,19.18,3,0,10,285,,,,,,,3366677.19,4095994.92
2012-10-12,2380119.87,1830898.15,549221.72,23.08,4,0,10,286,,,,,,,3325843.88,4064132.98
2012-10-13,2798011.44,2256579.15,541432.29,19.35,5,1,10,287,,,,,,,3410521.66,4070413.05
2012-10-14,3055629.78,2516987.32,538642.46,17.63,6,1,10,288,,,,,,,3362811.91,4047959.76
2012-10-15,3234517.3,2632811.8,601705.5,18.6,0,0,10,289,,,,,,,3248165.89,4035606.15
2012-10-16,3549298.21,2763325.25,785972.96,22.14,1,0,10,290,,,,,,,3141111.95,4005515.67
2012-10-17,3818048.0,3108682.75,709365.25,18.58,2,0,10,291,,,,,,,3179587.86,3972390.98
2012-10-18,2909728.89,2301277.14,608451.75,20.91,3,0,10,292,,,,,,,3106479.07,3900086.01
2012-10-19,2877379.81,2352068.71,525311.1,18.26,4,0,10,293,,,,,,,3177516.2,3873323.95
2012-10-20,3242557.3,2647331.71,595225.59,18.36,5,1,10,294,,,,,,,3241022.76,3855971.07
2012-10-21,2395609.91,1920246.47,475363.44,19.84,6,1,10,295,,,,,,,3146734.2,3804365.79
2012-10-22,3596158.34,2873316.18,722842.16,20.1,0,0,10,296,,,,,,,3198397.21,3795158.6
2012-10-23,3999141.88,3151858.27,847283.61,21.19,1,0,10,297,,,,,,,3262660.59,3791186.68
2012-10-24,3829179.99,3037851.31,791328.68,20.67,2,0,10,298,,,,,,,3264250.87,3727717.23
2012-10-25,3104460.52,2528526.7,575933.82,18.55,3,0,10,299,,,,,,,3292069.68,3643202.66
2012-10-26,2138927.17,1671777.12,467150.05,21.84,4,0,10,300,,,,,,,3186576.44,3561424.15
2012-10-27,2816872.34,2296869.06,520003.28,18.46,5,1,10,301,,,,,,,3125764.31,3403423.47
2012-10-28,6259883.83,5044146.85,1215736.98,19.42,6,1,10,302,,,,,,,3677803.44,3448998.56
2012-10-29,5424539.1,4294440.71,1130098.39,20.83,0,0,10,303,,,,,,,3939000.69,3453004.05
2012-10-30,6347274.89,5049887.71,1297387.18,20.44,1,0,10,304,,,,,,,4274448.26,3508100.55
2012-10-31,4942677.89,3871571.88,1071106.01,21.67,2,0,10,305,,,,,,,4433519.39,3514438.74
2012-11-01,5536748.35,4440955.34,1095793.01,19.79,3,0,11,306,,,,,,,4780989.08,3591225.83
2012-11-02,1936831.08,1547786.14,389044.94,20.09,4,0,11,307,,,,,,,4752118.21,3538615.8
2012-11-03,2911848.61,2151815.97,760032.64,26.1,5,1,11,308,,,,,,,4765686.25,3555739.49
2012-11-04,2658832.75,2131401.7,527431.05,19.84,6,1,11,309,,,,,,,4251250.38,3555502.15
2012-11-05,3332448.46,2732792.99,599655.47,17.99,0,0,11,310,,,,,,,3952380.29,3593074.87
2012-11-06,3439495.01,2809375.18,630119.83,18.32,1,0,11,311,,,,,,,3536983.16,3594738.1
2012-11-07,1969815.91,1538155.1,431660.81,21.91,2,0,11,312,,,,,,,3112288.6,3525830.65
2012-11-08,2197716.17,1723412.77,474303.4,21.58,3,0,11,313,,,,,,,2635284.0,3455798.66
2012-11-09,2920310.06,2308918.6,611391.46,20.94,4,0,11,314,,,,,,,2775781.0,3434851.78
2012-11-10,3124993.27,2475389.25,649604.02,20.79,5,1,11,315,,,,,,,2806230.23,3424968.54
2012-11-11,3484874.3,2713727.18,771147.12,22.13,6,1,11,316,,,,,,,2924236.17,3461793.69
2012-11-12,3806978.06,3077336.49,729641.57,19.17,0,0,11,317,,,,,,,2992026.11,3495425.91
2012-11-13,3848498.06,3048755.92,799742.14,20.78,1,0,11,318,,,,,,,3050455.12,3521854.85
2012-11-14,3213518.64,2550177.92,663340.72,20.64,2,0,11,319,,,,,,,3228126.94,3521154.89
2012-11-15,2996358.37,2282178.26,714180.11,23.83,3,0,11,320,,,,,,,3342218.68,3502723.57
2012-11-16,2851503.98,2255928.16,595575.82,20.89,4,0,11,321,,,,,,,3332389.24,3470505.43
2012-11-17,3258479.4,2499839.57,758639.83,23.28,5,1,11,322,,,,,,,3351458.69,3482130.45
2012-11-18,3292697.97,2632996.71,659701.26,20.04,6,1,11,323,,,,,,,3324004.93,3495974.39
2012-11-19,4654711.93,3714724.53,939987.4,20.19,0,0,11,324,,,,,,,3445109.76,3543046.21
2012-11-20,3532139.01,2841184.71,690954.3,19.56,1,0,11,325,,,,,,,3399915.61,3580930.51
2012-11-21,3144567.59,2465022.82,679544.77,21.61,2,0,11,326,,,,,,,3390065.46,3565877.49
2012-11-22,2661394.83,2082526.75,578868.08,21.75,3,0,11,327,,,,,,,3342213.53,3521285.92
2012-11-23,3625609.77,2879673.14,745936.63,20.57,4,0,11,328,,,,,,,3452800.07,3514500.24
2012-11-24,2283866.51,1759438.38,524428.13,22.96,5,1,11,329,,,,,,,3313569.66,3487147.11
2012-11-25,2891169.43,2288045.69,603123.74,20.86,6,1,11,330,,,,,,,3256208.44,3512221.85
2012-11-26,3626699.25,2942841.67,683857.58,18.86,0,0,11,331,,,,,,,3109349.48,3539216.08
2012-11-27,4703189.22,3751057.26,952131.96,20.24,1,0,11,332,,,,,,,3276642.37,3487326.26
2012-11-28,3980270.66,3143037.5,837233.16,21.03,2,0,11,333,,,,,,,3396028.52,3439183.98
2012-11-29,3116036.61,2564940.27,551096.34,17.69,3,0,11,334,,,,,,,3460977.35,3331476.04
2012-11-30,3184691.98,2466641.44,718050.54,22.55,4,0,11,335,,,,,,,3397989.09,3272876.51
2012-12-01,3064822.76,2435991.34,628831.42,20.52,5,1,12,336,,,,,,,3509554.27,3190478.99
2012-12-02,1765509.34,1464812.23,300697.11,17.03,6,1,12,337,,,,,,,3348745.69,3184768.26
2012-12-03,2315389.05,1807129.65,508259.4,21.95,0,0,12,338,,,,,,,3161415.66,3164886.28
2012-12-04,2382954.42,1864688.02,518266.4,21.75,1,0,12,339,,,,,,,2829953.55,3155690.33
2012-12-05,2286277.45,1849992.69,436284.76,19.08,2,0,12,340,,,,,,,2587954.52,3120817.97
2012-12-06,2733678.5,2184618.1,549060.4,20.09,3,0,12,341,,,,,,,2533331.93,3097290.75
2012-12-07,2065198.04,1633326.72,431871.32,20.91,4,0,12,342,,,,,,,2373404.22,3100470.15
2012-12-08,2087384.34,1719369.91,368014.43,17.63,5,1,12,343,,,,,,,2233770.16,3096792.43
2012-12-09,2430122.78,1883727.02,546395.76,22.48,6,1,12,344,,,,,,,2328714.94,3080452.85
2012-12-10,2542389.69,2015472.58,526917.11,20.73,0,0,12,345,,,,,,,2361143.6,3061032.73
2012-12-11,3699430.17,3001083.16,698347.01,18.88,1,0,12,346,,,,,,,2549211.57,3068184.59
2012-12-12,4386420.92,3545221.89,841199.03,19.18,2,0,12,347,,,,,,,2849232.06,3087499.36
2012-12-13,2326824.81,1839144.84,487679.97,20.96,3,0,12,348,,,,,,,2791110.11,3036776.91
2012-12-14,2659317.57,2101555.8,557761.77,20.97,4,0,12,349,,,,,,,2875984.33,3018303.55
2012-12-15,3385542.75,2693057.28,692485.47,20.45,5,1,12,350,,,,,,,3061435.53,3031276.36
2012-12-16,3484853.43,2706611.68,778241.75,22.33,6,1,12,351,,,,,,,3212111.33,3052388.01
2012-12-17,4281691.85,3433745.61,847946.24,19.8,0,0,12,352,,,,,,,3460583.07,3086495.09
2012-12-18,4394537.67,3473710.24,920827.43,20.95,1,0,12,353,,,,,,,3559884.14,3123223.08
2012-12-19,3785472.73,3004383.53,781089.2,20.63,2,0,12,354,,,,,,,3474034.4,3094248.44
2012-12-20,3905985.95,3132486.67,773499.28,19.8,3,0,12,355,,,,,,,3699628.85,3106710.0
2012-12-21,3966203.09,3174444.37,791758.72,19.96,4,0,12,356,,,,,,,3886326.78,3134097.85
2012-12-22,3225123.87,2559516.54,665607.33,20.64,5,1,12,357,,,,,,,3863409.8,3152888.82
2012-12-23,2151580.15,1770780.57,380799.58,17.7,6,1,12,358,,,,,,,3672942.19,3103754.5
2012-12-24,3297376.6,2599138.83,698237.77,21.18,0,0,12,359,,,,,,,3532325.72,3137538.17
2012-12-25,4917024.98,3856446.89,1060578.09,21.57,1,0,12,360,,,,,,,3606966.77,3205066.69
2012-12-26,3285221.25,2658633.45,626587.8,19.07,2,0,12,361,,,,,,,3535502.27,3193684.09
2012-12-27,4994041.71,3924374.73,1069666.98,21.42,3,0,12,362,,,,,,,3690938.81,3203379.17
2012-12-28,8573663.31,6682336.48,1891326.83,22.06,4,0,12,363,,,,,,,4349147.41,3356492.26
2012-12-29,7842913.37,6260959.87,1581953.5,20.17,5,1,12,364,,,,,,,5008831.62,3514054.82
2012-12-30,6511908.92,5180121.12,1331787.8,20.45,6,1,12,365,,,,,,,5631735.73,3624962.05
2012-12-31,5573749.22,4432224.44,1141524.78,20.48,0,0,12,366,,,,,,,5956931.82,3708592.93
2013-01-01,5304546.99,4156070.2,1148476.79,21.65,1,0,1,1,9760.0,7253.0,39093.0,0.00514,102.9,organic_search,6012292.11,3826560.85
2013-01-02,1606940.44,1237497.84,369442.6,22.99,2,0,1,2,10456.0,8151.0,47611.0,0.00406,120.5,organic_search,5772537.71,3802945.9
2013-01-03,2281680.01,1832133.02,449546.99,19.7,3,0,1,3,10076.0,7458.0,36963.0,0.00401,263.6,direct,5385057.47,3799570.09
2013-01-04,2376895.46,1940747.07,436148.39,18.35,4,0,1,4,9973.0,8063.0,53078.0,0.00562,151.8,direct,4499804.92,3802590.69
2013-01-05,2509462.77,1977027.71,532435.06,21.22,5,1,1,5,10223.0,7882.0,36790.0,0.00525,168.6,referral,3737883.4,3795116.83
2013-01-06,2603356.52,2060481.76,542874.76,20.85,6,1,1,6,9545.0,6992.0,47160.0,0.00438,263.6,social_media,3179518.77,3813055.44
2013-01-07,3048100.39,2452517.39,595583.0,19.54,0,0,1,7,10203.0,7354.0,32749.0,0.00443,252.1,organic_search,2818711.8,3845079.31
2013-01-08,2449700.42,1973182.14,476518.28,19.45,1,0,1,8,9456.0,7459.0,31482.0,0.0044,192.4,paid_search,2410876.57,3845731.9
2013-01-09,2049715.7,1654806.5,394909.2,19.27,2,0,1,9,9162.0,7108.0,46717.0,0.00409,312.8,organic_search,2474130.18,3829309.43
2013-01-10,2794331.46,2122153.07,672178.39,24.06,3,0,1,10,9887.0,7878.0,38472.0,0.00544,285.4,organic_search,2547366.1,3799139.48
2013-01-11,2343077.25,1805692.13,537385.12,22.94,4,0,1,11,9412.0,7368.0,46916.0,0.00356,238.2,social_media,2542534.93,3731028.02
2013-01-12,2814596.53,2241879.07,572717.46,20.35,5,1,1,12,8730.0,6136.0,33336.0,0.00386,193.3,paid_search,2586125.47,3747287.08
2013-01-13,2919719.62,2279740.92,639978.7,21.92,6,1,1,13,8818.0,6863.0,35427.0,0.00372,308.8,paid_search,2631320.2,3755967.15
2013-01-14,3077677.28,2477490.97,600186.31,19.5,0,0,1,14,8230.0,6203.0,35402.0,0.004,301.5,paid_search,2635545.47,3745704.96
2013-01-15,2536405.93,2094291.34,442114.59,17.43,1,0,1,15,8102.0,6179.0,39490.0,0.00445,314.0,direct,2647931.97,3714090.05
2013-01-16,1849789.43,1445623.48,404165.95,21.85,2,0,1,16,9373.0,7503.0,37034.0,0.00446,284.4,paid_search,2619371.07,3633026.63
2013-01-17,2173214.95,1763012.0,410202.95,18.88,3,0,1,17,9819.0,7503.0,48840.0,0.00495,162.5,social_media,2530640.14,3558982.54
2013-01-18,2099249.56,1615535.57,483713.99,23.04,4,0,1,18,10041.0,7821.0,35761.0,0.00509,182.0,email_campaign,2495807.61,3502775.1
2013-01-19,2477132.79,2033637.15,443495.64,17.9,5,1,1,19,8746.0,6138.0,33440.0,0.00546,223.1,organic_search,2447598.51,3455146.67
2013-01-20,2522776.58,2018671.04,504105.54,19.98,6,1,1,20,10270.0,8030.0,35184.0,0.00501,283.9,email_campaign,2390892.36,3407032.45
2013-01-21,4100379.42,3250868.59,849510.83,20.72,0,0,1,21,10339.0,8283.0,40661.0,0.00429,152.6,paid_search,2536992.67,3436207.63
2013-01-22,3538734.12,2801650.02,737084.1,20.83,1,0,1,22,10100.0,7469.0,39597.0,0.00504,250.0,email_campaign,2680182.41,3482446.1
2013-01-23,2836455.88,2322088.98,514366.9,18.13,2,0,1,23,9307.0,7261.0,39117.0,0.00451,243.9,referral,2821134.76,3467082.08
2013-01-24,2522924.71,2102458.71,420466.0,16.67,3,0,1,24,9698.0,7034.0,36976.0,0.00503,144.4,organic_search,2871093.29,3387278.73
2013-01-25,2823082.71,2273250.41,549832.3,19.48,4,0,1,25,10600.0,7868.0,42453.0,0.00385,195.6,email_campaign,2974498.03,3371874.12
2013-01-26,2312290.79,1869897.73,442393.06,19.13,5,1,1,26,10226.0,8004.0,42655.0,0.00566,245.5,organic_search,2950949.17,3282482.42
2013-01-27,3818881.29,3023842.24,795039.05,20.82,6,1,1,27,8604.0,6327.0,44601.0,0.00554,222.6,referral,3136106.99,3123989.68
2013-01-28,5008712.77,4035190.91,973521.86,19.44,0,0,1,28,9701.0,7636.0,51697.0,0.00447,258.0,direct,3265868.9,3029516.33
2013-01-29,4833870.43,4015854.7,818015.73,16.92,1,0,1,29,8638.0,6928.0,42663.0,0.00329,299.3,email_campaign,3450888.37,2973581.71
2013-01-30,4296295.37,3414688.28,881607.09,20.52,2,0,1,30,8596.0,6245.0,30451.0,0.00394,173.9,paid_search,3659436.87,2930999.92
2013-01-31,3378679.46,2731823.14,646856.32,19.15,3,0,1,31,8915.0,6530.0,47230.0,0.00344,109.4,paid_search,3781687.55,2866804.33
2013-02-01,4073777.92,3289266.58,784511.34,19.26,4,0,2,32,15758.0,11220.0,63433.0,0.00409,116.7,organic_search,3960358.29,2949032.25
2013-02-02,2351969.75,1915236.16,436733.59,18.57,5,1,2,33,15027.0,12295.0,56597.0,0.0039,208.2,email_campaign,3966026.71,2951375.24
2013-02-03,2743224.75,2293960.05,449264.7,16.38,6,1,2,34,14372.0,10507.0,72606.0,0.0043,215.7,social_media,3812361.49,2963586.22
2013-02-04,3599084.22,2986552.92,612531.3,17.02,0,0,2,35,15623.0,12726.0,62972.0,0.00524,194.6,organic_search,3610985.99,2999906.93
2013-02-05,3829186.14,3181079.49,648106.65,16.93,1,0,2,36,14177.0,11064.0,62917.0,0.00429,138.2,social_media,3467459.66,3040767.92
2013-02-06,2313071.08,1919077.04,393994.04,17.03,2,0,2,37,14103.0,10525.0,66736.0,0.00367,286.6,referral,3184141.9,3016266.94
2013-02-07,2839296.13,2338660.54,500635.59,17.63,3,0,2,38,14761.0,10967.0,66344.0,0.005,190.5,paid_search,3107087.14,3029253.47
2013-02-08,2648161.4,2136088.4,512073.0,19.34,4,0,2,39,14467.0,10993.0,59452.0,0.00549,227.1,social_media,2903427.64,3049201.66
2013-02-09,2957587.36,2354253.06,603334.3,20.4,5,1,2,40,14578.0,10995.0,47223.0,0.00548,237.0,social_media,2989944.44,3054643.52
2013-02-10,3380985.73,2832001.18,548984.55,16.24,6,1,2,41,16602.0,12760.0,61322.0,0.00387,199.5,organic_search,3081053.15,3089240.47
2013-02-11,4189315.44,3426089.62,763225.82,18.22,0,0,2,42,15063.0,11080.0,60064.0,0.00526,223.3,paid_search,3165371.9,3135064.43
2013-02-12,3967295.55,3276616.25,690679.3,17.41,1,0,2,43,15368.0,11408.0,65858.0,0.00363,162.4,social_media,3185101.81,3169983.63
2013-02-13,3156812.35,2628245.52,528566.83,16.74,2,0,2,44,13346.0,9812.0,50414.0,0.0047,193.8,social_media,3305636.28,3172621.47
2013-02-14,3286622.13,2725794.93,560827.2,17.06,3,0,2,45,17180.0,13040.0,85934.0,0.00387,254.4,paid_search,3369539.99,3197628.67
2013-02-15,2860640.37,2293142.09,567498.28,19.84,4,0,2,46,13633.0,10416.0,74873.0,0.00565,238.7,paid_search,3399894.13,3231323.7
2013-02-16,3339909.75,2755975.45,583934.3,17.48,5,1,2,47,15360.0,12159.0,73050.0,0.00487,203.7,direct,3454511.62,3270213.53
2013-02-17,3433567.61,2907659.44,525908.17,15.32,6,1,2,48,14662.0,10421.0,77351.0,0.00468,314.8,organic_search,3462023.31,3314690.8
2013-02-18,4473211.04,3823113.82,650097.22,14.53,0,0,2,49,13304.0,9946.0,43820.0,0.00573,140.6,organic_search,3502579.83,3381226.74
2013-02-19,4318301.23,3421155.04,897146.19,20.78,1,0,2,50,16231.0,11522.0,82447.0,0.00365,173.8,paid_search,3552723.5,3441077.56
2013-02-20,3392471.04,2787089.48,605381.56,17.84,2,0,2,51,14347.0,11037.0,75545.0,0.00396,224.8,paid_search,3586389.02,3417480.62
2013-02-21,3412803.18,2676550.95,736252.23,21.57,3,0,2,52,14194.0,11525.0,54818.0,0.00546,118.2,organic_search,3604414.89,3413282.92
2013-02-22,3535377.38,2908690.59,626686.79,17.73,4,0,2,53,15750.0,12758.0,61771.0,0.00439,239.1,organic_search,3700805.89,3436580.3
2013-02-23,4286140.45,3439856.85,846283.6,19.74,5,1,2,54,14540.0,11603.0,61974.0,0.00358,189.1,organic_search,3835981.7,3495354.16
2013-02-24,5419232.89,4431878.1,987354.79,18.22,6,1,2,55,13758.0,9915.0,63623.0,0.00527,147.8,organic_search,4119648.17,3581892.5
2013-02-25,9128225.25,7430696.94,1697528.31,18.6,0,0,2,56,13676.0,10852.0,72244.0,0.00518,177.9,paid_search,4784650.2,3809090.32
2013-02-26,6762535.71,5653323.87,1109211.84,16.4,1,0,2,57,15824.0,11642.0,60025.0,0.00333,169.9,social_media,5133826.56,3907212.13
2013-02-27,5716765.68,4880975.48,835790.2,14.62,2,0,2,58,15908.0,11989.0,72791.0,0.00323,290.3,direct,5465868.65,3930813.89
2013-02-28,4367566.41,3573846.75,793719.66,18.17,3,0,2,59,15284.0,11512.0,56308.0,0.00441,286.2,email_campaign,5602263.4,3915270.43
2013-03-01,2693901.21,2256905.73,436995.48,16.22,4,0,3,60,20573.0,15216.0,82066.0,0.0047,125.7,organic_search,5482052.51,3861857.29
2013-03-02,279813.94,236576.31,43237.63,15.45,5,1,3,61,18275.0,14004.0,64834.0,0.00437,161.4,organic_search,4909720.16,3758561.77
2013-03-03,1959484.08,1505793.8,453690.28,23.15,6,1,3,62,19075.0,15498.0,69465.0,0.00346,286.8,paid_search,4415470.33,3688085.31
2013-03-04,1412869.43,1130489.5,282379.93,19.99,0,0,3,63,21760.0,16400.0,112923.0,0.00459,204.5,organic_search,3313276.64,3656781.96
2013-03-05,2440470.72,1954056.55,486414.17,19.93,1,0,3,64,21169.0,15161.0,90533.0,0.00389,283.0,paid_search,2695838.78,3646690.16
2013-03-06,3247761.18,2622451.1,625310.08,19.25,2,0,3,65,19422.0,13780.0,66932.0,0.00558,143.8,paid_search,2343123.85,3634979.4
2013-03-07,4017685.67,3191424.08,826261.59,20.57,3,0,3,66,20205.0,14897.0,74215.0,0.00534,308.2,referral,2293140.89,3641262.71
2013-03-08,3622255.55,2838056.23,784199.32,21.65,4,0,3,67,21327.0,17243.0,72483.0,0.00557,127.9,paid_search,2425762.94,3684902.2
2013-03-09,3263371.09,2560913.71,702457.38,21.53,5,1,3,68,20046.0,15758.0,91235.0,0.00377,314.3,referral,2851985.39,3699038.03
2013-03-10,3510986.19,2877727.07,633259.12,18.04,6,1,3,69,19505.0,15320.0,104073.0,0.00354,185.0,organic_search,3073628.55,3727798.85
2013-03-11,3242639.13,2568418.97,674220.16,20.79,0,0,3,70,21480.0,15406.0,115544.0,0.00419,296.4,direct,3335024.22,3737300.58
2013-03-12,3660190.99,2853606.73,806584.26,22.04,1,0,3,71,16857.0,13571.0,82314.0,0.00395,179.0,referral,3509269.97,3746607.42
2013-03-13,4335373.37,3463021.54,872351.83,20.12,2,0,3,72,23166.0,18652.0,76524.0,0.00413,287.0,organic_search,3664643.14,3751476.02
2013-03-14,6692797.3,5359353.2,1333444.1,19.92,3,0,3,73,18997.0,14391.0,77150.0,0.0056,129.7,paid_search,4046801.95,3842326.08
2013-03-15,5330057.69,4206775.58,1123282.11,21.07,4,0,3,74,20137.0,15797.0,106673.0,0.00347,171.3,referral,4290773.68,3914767.59
2013-03-16,3591734.21,2762570.88,829163.33,23.09,5,1,3,75,20761.0,16647.0,90756.0,0.00464,254.5,paid_search,4337682.7,3924937.99
2013-03-17,4401297.64,3565497.63,835800.01,18.99,6,1,3,76,17101.0,12496.0,79841.0,0.00344,161.6,paid_search,4464870.05,3976293.23
2013-03-18,4567013.37,3743618.37,823395.0,18.03,0,0,3,77,22860.0,18012.0,120159.0,0.00396,174.6,social_media,4654066.37,4017196.69
2013-03-19,4645433.62,3929520.42,715913.2,15.41,1,0,3,78,17631.0,14247.0,85400.0,0.00525,214.5,direct,4794815.31,4057592.22
2013-03-20,4992105.19,4308112.41,683992.78,13.7,2,0,3,79,21762.0,16804.0,116234.0,0.00568,202.2,social_media,4888634.15,4074888.69
2013-03-21,7355693.45,6496769.78,858923.67,11.68,3,0,3,80,22061.0,17031.0,119803.0,0.00578,171.4,organic_search,4983333.6,4176135.1
2013-03-22,6603332.26,6021167.98,582164.28,8.82,4,0,3,81,20729.0,16912.0,71130.0,0.00372,195.9,paid_search,5165229.96,4283163.81
2013-03-23,6009508.61,5393148.03,616360.58,10.26,5,1,3,82,21609.0,15589.0,92824.0,0.00402,223.6,social_media,5510626.31,4369720.66
2013-03-24,5088153.2,4610104.28,478048.92,9.4,6,1,3,83,20504.0,16771.0,96571.0,0.00439,234.1,organic_search,5608748.53,4421479.85
2013-03-25,4694308.82,4169990.65,524318.17,11.17,0,0,3,84,16659.0,12105.0,60697.0,0.00368,189.0,organic_search,5626933.59,4435085.46
2013-03-26,5731432.22,5192620.7,538811.52,9.4,1,0,3,85,20555.0,16341.0,109308.0,0.00577,242.7,social_media,5782076.25,4445492.11
2013-03-27,6872130.59,6081507.57,790623.02,11.5,2,0,3,86,16879.0,12285.0,56985.0,0.00543,115.8,paid_search,6050651.31,4370288.95
2013-03-28,8099154.93,7239463.63,859691.3,10.61,3,0,3,87,18569.0,14393.0,98414.0,0.00334,221.0,paid_search,6156860.09,4414842.92
2013-03-29,8381683.44,7644413.84,737269.6,8.8,4,0,3,88,19856.0,14231.0,93944.0,0.00555,218.4,social_media,6410910.26,4503673.52
2013-03-30,11636994.38,10600188.31,1036806.07,8.91,5,1,3,89,21034.0,15942.0,82344.0,0.00472,169.5,social_media,7214836.8,4745987.78
2013-03-31,9455023.8,8513517.85,941505.95,9.96,6,1,3,90,21610.0,16402.0,74076.0,0.00408,188.6,organic_search,7838675.45,4971358.54
2013-04-01,10313848.23,9188774.52,1125073.71,10.91,0,0,4,91,24812.0,17641.0,117628.0,0.00551,178.5,social_media,8641466.8,5305826.34
2013-04-02,8250013.05,7374699.1,875313.95,10.61,1,0,4,92,26607.0,19633.0,99501.0,0.00523,246.4,organic_search,9001264.06,5515510.64
2013-04-03,8740749.51,7769943.74,970805.77,11.11,2,0,4,93,26624.0,19598.0,107204.0,0.00518,275.2,organic_search,9268209.62,5759773.31
2013-04-04,4270660.8,3779960.51,490700.29,11.49,3,0,4,94,21608.0,16833.0,111095.0,0.00536,192.1,social_media,8721281.89,5820779.65
2013-04-05,3073716.42,2637291.44,436424.98,14.2,4,0,4,95,32435.0,24802.0,158360.0,0.00421,269.6,organic_search,7963000.88,5814978.16
2013-04-06,3663196.56,3221790.63,441405.93,12.05,5,1,4,96,32500.0,24533.0,108393.0,0.00473,156.1,social_media,6823886.91,5803161.85
2013-04-07,2924734.26,2598895.09,325839.17,11.14,6,1,4,97,27260.0,21972.0,126098.0,0.00463,109.8,paid_search,5890988.4,5779911.14
2013-04-08,4670874.28,4351446.44,319427.84,6.84,0,0,4,98,30848.0,21771.0,155647.0,0.00484,119.5,social_media,5084849.27,5826827.92
2013-04-09,4293257.18,3845242.09,448015.09,10.44,1,0,4,99,25156.0,17669.0,137296.0,0.0034,312.2,organic_search,4519598.43,5852903.62
2013-04-10,6011834.78,5327749.04,684085.74,11.38,2,0,4,100,29194.0,23157.0,116383.0,0.00481,293.9,social_media,4129753.47,5945210.14
2013-04-11,4244755.76,3794688.65,450067.11,10.6,3,0,4,101,29054.0,21204.0,96574.0,0.00493,251.0,organic_search,4126052.75,5964695.63
2013-04-12,4282161.81,3850989.97,431171.84,10.07,4,0,4,102,24892.0,19582.0,95949.0,0.00454,168.3,direct,4298687.8,5962921.91
2013-04-13,5214391.75,4691901.42,522490.33,10.02,5,1,4,103,27517.0,21818.0,149988.0,0.00399,156.1,paid_search,4520287.12,5913641.73
2013-04-14,4506492.03,3873550.82,632941.21,14.05,6,1,4,104,23814.0,16876.0,78359.0,0.00341,252.7,referral,4746252.51,5886189.54
2013-04-15,5167610.5,4514315.72,653294.78,12.64,0,0,4,105,30902.0,22373.0,159594.0,0.0049,197.6,organic_search,4817214.83,5938718.75
2013-04-16,5887221.88,4755791.57,1131430.31,19.22,1,0,4,106,27551.0,21877.0,99161.0,0.00504,239.0,email_campaign,5044924.07,5988249.56
2013-04-17,8104639.53,6617328.78,1487310.75,18.35,2,0,4,107,29585.0,21004.0,94904.0,0.00452,105.9,social_media,5343896.18,6106170.43
2013-04-18,6536742.64,5253454.75,1283287.89,19.63,3,0,4,108,24098.0,19494.0,113622.0,0.0055,206.2,paid_search,5671322.88,6169214.06
2013-04-19,5871312.85,4657092.08,1214220.77,20.68,4,0,4,109,27256.0,21981.0,90395.0,0.00392,109.1,paid_search,5898344.45,6198520.98
2013-04-20,6012115.71,4722140.67,1289975.04,21.46,5,1,4,110,21636.0,15934.0,90602.0,0.00495,204.7,referral,6012305.02,6153735.06
2013-04-21,6323547.99,5021941.78,1301606.21,20.58,6,1,4,111,24267.0,19025.0,133036.0,0.00363,309.0,email_campaign,6271884.44,6144408.92
2013-04-22,7292352.56,5866886.82,1425465.74,19.55,0,0,4,112,28085.0,22427.0,141532.0,0.00488,302.2,email_campaign,6575419.02,6187170.38
2013-04-23,8757473.08,6907927.03,1849546.05,21.12,1,0,4,113,27068.0,19210.0,88898.0,0.00466,227.3,paid_search,6985454.91,6309481.04
2013-04-24,9358565.61,7286897.36,2071668.25,22.14,2,0,4,114,33819.0,25856.0,134590.0,0.00461,110.1,organic_search,7164587.21,6464956.27
2013-04-25,9127283.0,7206948.14,1920334.86,21.04,3,0,4,115,25153.0,20499.0,119550.0,0.00575,207.3,direct,7534664.4,6578151.3
2013-04-26,6156392.84,4860244.05,1296148.79,21.05,4,0,4,116,25454.0,18300.0,131458.0,0.00556,204.8,social_media,7575390.11,6554293.37
2013-04-27,6420235.09,5103697.51,1316537.58,20.51,5,1,4,117,23854.0,17383.0,104436.0,0.00467,203.7,email_campaign,7633692.88,6498329.38
2013-04-28,9099343.31,7234100.22,1865243.09,20.5,6,1,4,118,26593.0,20990.0,92764.0,0.00388,199.8,organic_search,8030235.07,6522251.37
2013-04-29,13160942.22,10423989.71,2736952.51,20.8,0,0,4,119,30100.0,21412.0,127202.0,0.00508,142.8,direct,8868605.02,6573049.63
2013-04-30,11190466.86,8842281.65,2348185.21,20.98,1,0,4,120,26638.0,20421.0,114824.0,0.00385,250.7,referral,9216175.56,6630897.74
2013-05-01,13051232.31,10395426.51,2655805.8,20.35,2,0,5,121,25484.0,20167.0,121645.0,0.00389,319.7,direct,9743699.38,6722143.87
2013-05-02,11179665.29,8989067.99,2190597.3,19.59,3,0,5,122,27523.0,21551.0,148318.0,0.00521,270.6,paid_search,10036896.85,6819798.95
2013-05-03,8173550.12,6507576.59,1665973.53,20.38,4,0,5,123,27201.0,20147.0,109468.0,0.00408,186.8,email_campaign,10325062.17,6800892.3
2013-05-04,3225175.57,2586608.79,638566.78,19.8,5,1,5,124,26616.0,18955.0,87588.0,0.00566,226.5,organic_search,9868625.1,6766042.79
2013-05-05,3906711.0,3268319.42,638391.58,16.34,6,1,5,125,26820.0,19885.0,116224.0,0.00383,209.1,email_campaign,9126820.48,6793809.28
2013-05-06,4311626.38,3384442.35,927184.03,21.5,0,0,5,126,24933.0,19563.0,109347.0,0.00459,111.7,social_media,7862632.5,6815423.61
2013-05-07,3763332.37,3079887.85,683444.52,18.16,1,0,5,127,28589.0,21318.0,147402.0,0.00555,197.7,organic_search,6801613.29,6843376.88
2013-05-08,5458168.5,4267785.48,1190383.02,21.81,2,0,5,128,28654.0,20921.0,130897.0,0.00408,302.5,organic_search,5716889.89,6869620.02
2013-05-09,5815611.07,4647084.74,1168526.33,20.09,3,0,5,129,26771.0,19690.0,142781.0,0.00509,182.8,paid_search,4950596.43,6920365.15
2013-05-10,4248246.45,3392369.6,855876.85,20.15,4,0,5,130,26830.0,19447.0,124787.0,0.00391,153.5,organic_search,4389838.76,6861578.87
2013-05-11,4388803.6,3347274.34,1041529.26,23.73,5,1,5,131,28668.0,21307.0,137833.0,0.00495,215.2,paid_search,4556071.34,6866380.46
2013-05-12,4298069.68,3423974.02,874095.66,20.34,6,1,5,132,27438.0,22374.0,128020.0,0.00428,301.0,social_media,4611979.72,6866910.73
2013-05-13,4663488.62,3677688.54,985800.08,21.14,0,0,5,133,26357.0,19629.0,90559.0,0.00574,131.4,paid_search,4662245.76,6848547.29
2013-05-14,5622176.45,4515976.68,1106199.77,19.68,1,0,5,134,26056.0,20140.0,115695.0,0.00322,116.0,social_media,4927794.91,6885736.77
2013-05-15,6416011.44,5136196.06,1279815.38,19.95,2,0,5,135,29084.0,22687.0,146585.0,0.00436,188.5,direct,5064629.62,6927350.13
2013-05-16,7727680.05,6101584.58,1626095.47,21.04,3,0,5,136,26638.0,19759.0,113183.0,0.00522,314.0,referral,5337782.33,6988698.74
2013-05-17,6520355.77,5213542.1,1306813.67,20.04,4,0,5,137,24122.0,18498.0,132379.0,0.00353,308.1,organic_search,5662369.37,6935889.28
2013-05-18,5126131.05,4165368.61,960762.44,18.74,5,1,5,138,23202.0,17262.0,103657.0,0.00445,270.5,email_campaign,5767701.87,6888868.89
2013-05-19,5417543.03,4323889.4,1093653.63,20.19,6,1,5,139,25148.0,20307.0,89419.0,0.00518,105.8,social_media,5927626.63,6873743.23
2013-05-20,5837064.06,4872375.63,964688.43,16.53,0,0,5,140,23328.0,18639.0,95417.0,0.00444,116.7,organic_search,6095280.26,6867908.18
2013-05-21,5156527.79,4086850.49,1069677.3,20.74,1,0,5,141,28407.0,22048.0,108703.0,0.00491,277.6,referral,6028759.03,6829007.51
2013-05-22,6977473.78,5617374.39,1360099.39,19.49,2,0,5,142,25706.0,19005.0,88509.0,0.00537,198.2,social_media,6108967.93,6818511.55
2013-05-23,9166919.02,7150676.62,2016242.4,21.99,3,0,5,143,22398.0,17580.0,109248.0,0.00403,121.3,email_campaign,6314573.5,6832159.74
2013-05-24,6670030.19,5242528.96,1427501.23,21.4,4,0,5,144,25714.0,20338.0,120745.0,0.00445,116.7,social_media,6335955.56,6742541.9
2013-05-25,5054594.94,3916382.21,1138212.73,22.52,5,1,5,145,26078.0,21237.0,92476.0,0.00385,141.3,paid_search,6325736.12,6606785.63
2013-05-26,3649585.05,2889501.26,760083.79,20.83,6,1,5,146,29842.0,21470.0,103585.0,0.00491,317.6,organic_search,6073170.69,6523225.37
2013-05-27,4403026.04,3471897.02,931129.02,21.15,0,0,5,147,25522.0,20808.0,123734.0,0.005,267.2,social_media,5868308.12,6455985.07
2013-05-28,6274027.61,4977411.59,1296616.02,20.67,1,0,5,148,25369.0,18149.0,102736.0,0.00391,253.4,paid_search,6027950.95,6361807.88
2013-05-29,7359639.59,5841803.19,1517836.4,20.62,2,0,5,149,23853.0,18613.0,85854.0,0.00337,120.5,referral,6082546.06,6168431.12
2013-05-30,12828293.48,10036927.65,2791365.83,21.76,3,0,5,150,27287.0,20624.0,123833.0,0.00446,173.2,organic_search,6605599.56,6223025.34
2013-05-31,13809349.18,11231361.14,2577988.04,18.67,4,0,5,151,26902.0,19521.0,103623.0,0.00321,257.9,social_media,7625502.27,6248295.91
2013-06-01,13162597.88,10314262.16,2848335.72,21.64,5,1,6,152,25458.0,18115.0,131842.0,0.00372,186.4,organic_search,8783788.4,6314393.66
2013-06-02,12079925.72,9610953.04,2468972.68,20.44,6,1,6,153,23735.0,17119.0,76080.0,0.00346,260.9,organic_search,9988122.79,6444606.18
2013-06-03,9411997.25,7525850.2,1886147.05,20.04,0,0,6,154,25536.0,19209.0,97821.0,0.00537,174.4,direct,10703690.1,6650833.57
2013-06-04,5397308.75,4297393.33,1099915.42,20.38,1,0,6,155,27334.0,19831.0,110854.0,0.00401,310.6,organic_search,10578444.55,6700520.16
2013-06-05,6860958.96,5505167.85,1355791.11,19.76,2,0,6,156,28445.0,21988.0,137505.0,0.0039,209.5,social_media,10507204.46,6785497.91
2013-06-06,5692902.11,4632206.37,1060695.74,18.63,3,0,6,157,26397.0,18897.0,125873.0,0.00512,154.8,social_media,9487862.84,6849816.9
2013-06-07,3843507.28,2986865.05,856642.23,22.29,4,0,6,158,26823.0,18932.0,134357.0,0.00399,224.4,email_campaign,8064171.14,6795994.86
2013-06-08,3646959.35,2897196.14,749763.21,20.56,5,1,6,159,27553.0,21069.0,147243.0,0.00562,207.9,paid_search,6704794.2,6723706.47
2013-06-09,3880132.51,3070545.08,809587.43,20.86,6,1,6,160,24891.0,19205.0,125165.0,0.00507,280.4,social_media,5533395.17,6711436.01
2013-06-10,4476887.83,3582347.82,894540.01,19.98,0,0,6,161,28861.0,23567.0,100856.0,0.00478,231.8,organic_search,4828379.54,6714372.15
2013-06-11,5003847.86,3903592.44,1100255.42,21.99,1,0,6,162,23368.0,17790.0,126304.0,0.00561,172.9,organic_search,4772170.84,6737898.09
2013-06-12,7209020.15,5796177.46,1412842.69,19.6,2,0,6,163,25933.0,21079.0,127206.0,0.00527,116.5,paid_search,4821893.87,6822749.14
2013-06-13,6845836.24,5559998.61,1285837.63,18.78,3,0,6,164,27752.0,19777.0,151236.0,0.00347,106.4,organic_search,4986598.75,6863537.8
2013-06-14,4871516.57,3975403.65,896112.92,18.39,4,0,6,165,27755.0,21197.0,126500.0,0.00556,219.8,email_campaign,5133457.22,6812054.64
2013-06-15,5166292.57,4029821.84,1136470.73,22.0,5,1,6,166,26928.0,21083.0,98828.0,0.00495,269.9,organic_search,5350504.82,6726675.05
2013-06-16,5794009.15,4551326.63,1242682.52,21.45,6,1,6,167,26115.0,18984.0,119810.0,0.00417,313.2,paid_search,5623915.77,6702463.5
2013-06-17,5795298.96,4637293.92,1158005.04,19.98,0,0,6,168,28092.0,21312.0,92163.0,0.00378,152.1,organic_search,5812260.21,6724769.1
2013-06-18,6632615.61,5459331.17,1173284.44,17.69,1,0,6,169,25085.0,19903.0,133701.0,0.00478,191.8,social_media,6044941.32,6765271.52
2013-06-19,7437341.02,6031157.35,1406183.67,18.91,2,0,6,170,28632.0,23372.0,112269.0,0.00514,130.0,social_media,6077558.59,6818614.08
2013-06-20,7078652.68,5515676.8,1562975.88,22.08,3,0,6,171,25557.0,20425.0,116849.0,0.00534,122.0,paid_search,6110818.08,6882684.91
2013-06-21,5526354.45,4396745.86,1129608.59,20.44,4,0,6,172,29053.0,21451.0,103139.0,0.00566,139.1,email_campaign,6204366.35,6834314.27
2013-06-22,5117274.96,4111300.17,1005974.79,19.66,5,1,6,173,26367.0,21250.0,113536.0,0.00407,255.4,paid_search,6197363.83,6699326.13
2013-06-23,5844565.63,4855247.11,989318.52,16.93,6,1,6,174,27355.0,21580.0,146783.0,0.00397,253.1,organic_search,6204586.19,6671810.65
2013-06-24,5243774.5,4800223.91,443550.59,8.46,0,0,6,175,26497.0,21120.0,97404.0,0.00364,178.5,paid_search,6125796.98,6678116.63
2013-06-25,6728887.1,6142934.34,585952.76,8.71,1,0,6,176,29694.0,21606.0,125033.0,0.00538,177.8,paid_search,6139550.05,6780760.03
2013-06-26,8817278.13,8290194.65,527083.48,5.98,2,0,6,177,27207.0,20220.0,127226.0,0.00399,190.0,direct,6336683.92,6927901.77
2013-06-27,7748199.74,7462815.86,285383.88,3.68,3,0,6,178,26545.0,20261.0,100022.0,0.00427,186.3,paid_search,6432333.5,6977040.84
2013-06-28,6285354.21,6043485.1,241869.11,3.85,4,0,6,179,23891.0,17776.0,91798.0,0.00447,121.5,social_media,6540762.04,6941231.33
2013-06-29,9546012.78,9167617.84,378394.94,3.96,5,1,6,180,28947.0,21255.0,158795.0,0.00327,305.7,organic_search,7173438.87,6831821.97
2013-06-30,7372318.59,7149429.97,222888.62,3.02,6,1,6,181,26808.0,20585.0,139193.0,0.0058,210.3,organic_search,7391689.29,6617254.28
2013-07-01,6359864.53,6248239.94,111624.59,1.76,0,0,7,182,20717.0,14990.0,103616.0,0.00537,166.5,referral,7551130.73,6390496.51
2013-07-02,7209130.33,6927420.38,281709.95,3.91,1,0,7,183,22158.0,16944.0,96216.0,0.00543,318.6,paid_search,7619736.9,6228136.66
2013-07-03,8038680.63,7869401.17,169279.46,2.11,2,0,7,184,20624.0,16244.0,90498.0,0.00532,317.6,direct,7508508.69,6182359.44
2013-07-04,2521315.44,2408274.98,113040.46,4.48,3,0,7,185,20224.0,15518.0,96547.0,0.00434,133.9,paid_search,6761810.93,6086493.0
2013-07-05,2494107.65,2432073.97,62033.68,2.49,4,0,7,186,22308.0,16026.0,110365.0,0.00435,162.3,paid_search,6220204.28,5940931.29
2013-07-06,2452372.43,2331799.51,120572.92,4.92,5,1,7,187,19852.0,14493.0,104084.0,0.00367,171.3,paid_search,5206827.09,5832913.63
2013-07-07,2958215.01,2950992.63,7222.38,0.24,6,1,7,188,19573.0,15181.0,74366.0,0.00554,219.4,paid_search,4576240.86,5803403.89
2013-07-08,2571901.18,2450996.77,120904.41,4.7,0,0,7,189,18865.0,14238.0,78747.0,0.00327,160.0,organic_search,4035103.24,5767568.61
2013-07-09,4624825.33,4592718.95,32106.38,0.69,1,0,7,190,22779.0,18244.0,96006.0,0.00444,299.1,organic_search,3665916.81,5792391.71
2013-07-10,3855254.64,3797797.81,57456.83,1.49,2,0,7,191,22911.0,17844.0,91089.0,0.00504,214.5,organic_search,3068284.53,5771670.6
2013-07-11,5785320.61,5626075.87,159244.74,2.75,3,0,7,192,22159.0,15665.0,121194.0,0.00486,156.7,email_campaign,3534570.98,5797719.69
2013-07-12,6053300.71,5886949.95,166350.76,2.75,4,0,7,193,21395.0,17049.0,79697.0,0.0046,106.4,referral,4043027.13,5759195.71
2013-07-13,4161301.31,3995435.41,165865.9,3.99,5,1,7,194,20990.0,16293.0,82169.0,0.00342,184.3,social_media,4287159.83,5669711.22
2013-07-14,4482102.22,4419156.67,62945.55,1.4,6,1,7,195,19989.0,14732.0,82309.0,0.00387,208.7,paid_search,4504858.0,5656730.74
2013-07-15,4387240.36,4219310.04,167930.32,3.83,0,0,7,196,18587.0,13497.0,84767.0,0.00407,199.4,social_media,4764192.17,5630762.33
2013-07-16,4411030.39,4135243.61,275786.78,6.25,1,0,7,197,19711.0,16037.0,88626.0,0.00484,256.8,referral,4733650.03,5584663.04
2013-07-17,4475453.64,4375610.63,99843.01,2.23,2,0,7,198,19882.0,14587.0,66793.0,0.00416,180.4,organic_search,4822249.89,5540668.19
2013-07-18,6265533.39,6163756.55,101776.84,1.62,3,0,7,199,19517.0,13750.0,66929.0,0.00401,219.2,organic_search,4890851.72,5528432.12
2013-07-19,6310739.5,5960928.51,349810.99,5.54,4,0,7,200,21059.0,16557.0,96682.0,0.00435,183.6,social_media,4927628.69,5490878.74
2013-07-20,4157746.85,3978173.28,179573.57,4.32,5,1,7,201,21432.0,15474.0,75600.0,0.00475,172.1,social_media,4927120.91,5393515.21
2013-07-21,4847680.2,4301699.27,545980.93,11.26,6,1,7,202,22930.0,16061.0,97731.0,0.00555,187.7,organic_search,4979346.33,5370892.73
2013-07-22,5926190.4,5032346.99,893843.41,15.08,0,0,7,203,19228.0,13486.0,71073.0,0.00429,107.5,organic_search,5199196.34,5397856.58
2013-07-23,4436778.28,3552350.42,884427.86,19.93,1,0,7,204,20992.0,16978.0,97061.0,0.00414,201.3,social_media,5202874.61,5350930.34
2013-07-24,7329505.1,5924978.27,1404526.83,19.16,2,0,7,205,23873.0,18037.0,83203.0,0.00565,202.2,email_campaign,5610596.25,5420454.69
2013-07-25,6342757.31,4978292.65,1364464.66,21.51,3,0,7,206,24318.0,18975.0,100129.0,0.00497,186.2,direct,5621628.23,5407583.7
2013-07-26,6941436.71,5543496.22,1397940.49,20.14,4,0,7,207,20769.0,14594.0,72595.0,0.00562,249.5,direct,5711727.84,5345055.65
2013-07-27,4353958.13,3499528.32,854429.81,19.62,5,1,7,208,18198.0,12889.0,70117.0,0.00462,279.9,social_media,5739758.02,5231914.26
2013-07-28,6017516.42,4917333.26,1100183.16,18.28,6,1,7,209,25026.0,18160.0,120386.0,0.00397,136.1,paid_search,5906877.48,5222986.34
2013-07-29,8158241.16,6599164.67,1559076.49,19.11,0,0,7,210,20760.0,15605.0,109067.0,0.0045,211.4,email_campaign,6225741.87,5176727.28
2013-07-30,7711378.77,7073525.07,637853.7,8.27,1,0,7,211,22570.0,17674.0,74423.0,0.00426,112.1,organic_search,6693541.94,5188029.29
2013-07-31,10104475.36,10851542.12,-747066.76,-7.39,2,0,7,212,21645.0,16539.0,81092.0,0.00565,219.7,organic_search,7089966.27,5312849.65
2013-08-01,10998208.4,12167214.07,-1169005.67,-10.63,3,0,8,213,23532.0,17995.0,95876.0,0.004,186.4,paid_search,7755030.71,5439152.25
2013-08-02,7422715.15,9601836.11,-2179120.96,-29.36,4,0,8,214,22089.0,17760.0,76290.0,0.00367,144.5,organic_search,7823784.77,5418620.07
2013-08-03,5599602.67,7786528.35,-2186925.68,-39.06,5,1,8,215,19760.0,15958.0,85952.0,0.0044,205.7,referral,8001733.99,5521229.64
2013-08-04,5021938.29,7089757.76,-2067819.47,-41.18,6,1,8,216,22135.0,16046.0,73001.0,0.00542,158.4,social_media,7859508.54,5605490.66
2013-08-05,2231563.34,3064145.21,-832581.87,-37.31,0,0,8,217,25518.0,20607.0,95149.0,0.00565,188.0,paid_search,7012840.28,5598130.36
2013-08-06,2493225.51,3592496.3,-1099270.79,-44.09,1,0,8,218,21270.0,15427.0,110319.0,0.00402,315.4,organic_search,6267389.82,5582630.71
2013-08-07,2638845.23,3381813.66,-742968.43,-28.16,2,0,8,219,21729.0,17596.0,106146.0,0.00321,193.3,paid_search,5200871.23,5584862.18
2013-08-08,3065089.0,4223344.7,-1158255.7,-37.79,3,0,8,220,25048.0,20133.0,88852.0,0.00572,312.2,organic_search,4067568.46,5532870.97
2013-08-09,2598855.08,3418548.13,-819693.05,-31.54,4,0,8,221,21871.0,16990.0,105802.0,0.00368,317.0,organic_search,3378445.59,5490990.98
2013-08-10,1776113.02,2320738.01,-544624.99,-30.66,5,1,8,222,22931.0,17591.0,107729.0,0.00561,223.1,referral,2832232.78,5357350.73
2013-08-11,2074476.53,2834815.33,-760338.8,-36.65,6,1,8,223,20544.0,15209.0,90834.0,0.00475,235.5,social_media,2411166.82,5224723.26
2013-08-12,1933036.01,2566277.36,-633241.35,-32.76,0,0,8,224,24576.0,17742.0,103910.0,0.00536,219.8,direct,2368520.05,5150447.75
2013-08-13,2531884.21,3266499.42,-734615.21,-29.01,1,0,8,225,19843.0,14706.0,70310.0,0.00566,283.4,organic_search,2374042.73,5085440.48
2013-08-14,2791478.67,3740726.27,-949247.6,-34.01,2,0,8,226,23377.0,16422.0,106286.0,0.00503,244.7,social_media,2395847.5,5032248.42
2013-08-15,3665019.45,4896607.22,-1231587.77,-33.6,3,0,8,227,24562.0,17671.0,104078.0,0.00479,110.5,social_media,2481551.85,5007381.39
2013-08-16,3619170.1,4661015.06,-1041844.96,-28.79,4,0,8,228,21594.0,15178.0,70937.0,0.0042,127.9,paid_search,2627311.14,4978838.61
2013-08-17,3066137.96,4129676.85,-1063538.89,-34.69,5,1,8,229,25258.0,19092.0,110262.0,0.0049,127.6,organic_search,2811600.42,4872192.09
2013-08-18,2385617.18,2947242.18,-561625.0,-23.54,6,1,8,230,24646.0,19117.0,120067.0,0.00336,285.5,social_media,2856049.08,4741354.68
2013-08-19,2870843.18,3669528.41,-798685.23,-27.82,0,0,8,231,23836.0,16878.0,127242.0,0.00558,162.3,direct,2990021.54,4698457.89
2013-08-20,2730112.88,3528369.0,-798256.12,-29.24,1,0,8,232,23145.0,16573.0,76874.0,0.00421,177.2,email_campaign,3018339.92,4627872.32
2013-08-21,2707776.73,3591906.04,-884129.31,-32.65,2,0,8,233,22174.0,17667.0,88785.0,0.00393,127.8,organic_search,3006382.5,4520591.86
2013-08-22,3821233.2,5275320.79,-1454087.59,-38.05,3,0,8,234,20674.0,16052.0,88395.0,0.00368,108.9,paid_search,3028698.75,4500073.69
2013-08-23,3454696.96,4693020.59,-1238323.63,-35.84,4,0,8,235,21969.0,16007.0,73448.0,0.00484,146.4,direct,3005202.58,4370913.42
2013-08-24,2837188.07,4087795.83,-1250607.76,-44.08,5,1,8,236,22020.0,16468.0,117994.0,0.0054,253.3,organic_search,2972495.46,4254061.11
2013-08-25,3018860.44,3945685.24,-926824.8,-30.7,6,1,8,237,23027.0,18302.0,124556.0,0.00326,316.9,social_media,3062958.78,4123308.57
2013-08-26,3465971.03,4845153.03,-1379182.0,-39.79,0,0,8,238,23617.0,17269.0,78791.0,0.00429,183.7,paid_search,3147977.04,4093709.0
2013-08-27,3008572.56,3950990.04,-942417.48,-31.32,1,0,8,239,23901.0,18422.0,99962.0,0.00322,233.3,email_campaign,3187757.0,3993410.87
2013-08-28,3749158.5,4845899.79,-1096741.29,-29.25,2,0,8,240,21366.0,17094.0,107444.0,0.00472,134.2,referral,3336525.82,3846441.45
2013-08-29,6385124.62,8251851.88,-1866727.26,-29.24,3,0,8,241,23147.0,16818.0,83676.0,0.00408,183.8,organic_search,3702796.03,3802232.98
2013-08-30,5499141.72,7247803.25,-1748661.53,-31.8,4,0,8,242,26500.0,20681.0,114458.0,0.00412,231.9,organic_search,3994859.56,3648721.86
2013-08-31,6810100.27,8325085.12,-1514984.85,-22.25,5,1,8,243,23963.0,18130.0,80783.0,0.00437,274.4,social_media,4562418.45,3509118.25
2013-09-01,6018993.92,6937336.62,-918342.7,-15.26,6,1,9,244,17091.0,12233.0,74574.0,0.00518,106.8,referral,4991008.95,3462327.54
2013-09-02,5386759.65,5986639.99,-599880.34,-11.14,0,0,9,245,15376.0,12350.0,50005.0,0.00401,157.3,organic_search,5265407.32,3455232.78
2013-09-03,4126941.12,3701795.41,425145.71,10.3,1,0,9,246,15581.0,10983.0,59990.0,0.0041,202.7,organic_search,5425174.26,3425399.54
2013-09-04,5401049.96,4808183.3,592866.66,10.98,2,0,9,247,16020.0,12505.0,55806.0,0.00437,176.3,email_campaign,5661158.75,3531049.09
2013-09-05,3168900.6,2729766.04,439134.56,13.86,3,0,9,248,16582.0,13189.0,57021.0,0.00488,181.5,paid_search,5201698.18,3553571.6
2013-09-06,2705040.33,2367475.06,337565.27,12.48,4,0,9,249,16237.0,13287.0,87609.0,0.00406,224.6,paid_search,4802540.84,3555778.1
2013-09-07,2468479.29,2187848.67,280630.62,11.37,5,1,9,250,15613.0,12209.0,55336.0,0.00413,318.7,referral,4182309.27,3535891.11
2013-09-08,3056823.21,2611808.27,445014.94,14.56,6,1,9,251,16962.0,13239.0,74004.0,0.00329,119.6,referral,3759142.02,3551156.71
2013-09-09,3771227.87,3399993.99,371233.88,9.84,0,0,9,252,18127.0,13415.0,88280.0,0.0048,240.7,organic_search,3528351.77,3617660.54
2013-09-10,5357130.97,4737093.81,620037.16,11.57,1,0,9,253,17160.0,14066.0,72179.0,0.00438,268.7,referral,3704093.18,3727082.36
2013-09-11,4636476.74,4075727.91,560748.83,12.09,2,0,9,254,16910.0,11894.0,65138.0,0.00501,207.1,organic_search,3594868.43,3817197.05
2013-09-12,3865949.23,3502787.78,363161.45,9.39,3,0,9,255,15632.0,11865.0,60436.0,0.00503,296.5,paid_search,3694446.81,3861665.88
2013-09-13,3034568.95,2783517.1,251051.85,8.27,4,0,9,256,17916.0,12765.0,59697.0,0.00367,103.5,organic_search,3741522.32,3869768.89
2013-09-14,3664631.38,3289032.18,375599.2,10.25,5,1,9,257,16694.0,12421.0,90074.0,0.00564,308.3,social_media,3912401.19,3869755.95
2013-09-15,3078369.62,2753095.6,325274.02,10.57,6,1,9,258,15207.0,11403.0,64405.0,0.00553,177.3,email_campaign,3915479.25,3851729.27
2013-09-16,3927167.34,3489729.16,437438.18,11.14,0,0,9,259,16977.0,12773.0,84823.0,0.00353,102.7,organic_search,3937756.32,3880430.25
2013-09-17,5410121.46,4728526.43,681595.03,12.6,1,0,9,260,19210.0,15448.0,69626.0,0.0057,203.0,direct,3945326.39,3981247.06
2013-09-18,4460453.69,3992756.75,467696.94,10.49,2,0,9,261,19581.0,14167.0,80144.0,0.00458,158.9,organic_search,3920180.24,4034234.08
2013-09-19,2995364.48,2599191.98,396172.5,13.23,3,0,9,262,15000.0,11585.0,73236.0,0.00538,238.9,paid_search,3795810.99,4043075.8
2013-09-20,3316913.08,3045593.87,271319.21,8.18,4,0,9,263,18009.0,13483.0,64698.0,0.00462,111.3,organic_search,3836145.86,4063380.34
2013-09-21,3799564.88,3399323.86,400241.02,10.53,5,1,9,264,16298.0,12409.0,85777.0,0.00417,271.6,organic_search,3855422.08,4062658.06
2013-09-22,3243304.2,2980813.06,262491.14,8.09,6,1,9,265,17457.0,13570.0,77141.0,0.00483,315.5,paid_search,3878984.16,4055611.64
2013-09-23,4426354.9,3977701.82,448653.08,10.14,0,0,9,266,13116.0,10363.0,70856.0,0.00407,179.1,organic_search,3950296.67,4108583.87
2013-09-24,4673257.46,4051335.39,621922.07,13.31,1,0,9,267,18830.0,14326.0,90846.0,0.00449,140.7,email_campaign,3845030.38,4163730.43
2013-09-25,4851490.55,4336304.71,515185.84,10.62,2,0,9,268,16433.0,12462.0,72743.0,0.00541,206.6,organic_search,3900892.79,4209914.42
2013-09-26,4120039.5,3761711.17,358328.33,8.7,3,0,9,269,16255.0,11501.0,53823.0,0.00555,165.9,organic_search,4061560.65,4246963.32
2013-09-27,4676571.41,4202205.54,474365.87,10.14,4,0,9,270,15631.0,12772.0,85398.0,0.00532,292.3,organic_search,4255797.56,4277877.08
2013-09-28,7035889.97,6246182.51,789707.46,11.22,5,1,9,271,19359.0,15652.0,74052.0,0.00382,154.5,paid_search,4718129.71,4299569.26
2013-09-29,5087376.98,4359895.07,727481.91,14.3,6,1,9,272,19815.0,14640.0,88791.0,0.00538,281.9,social_media,4981568.68,4285843.77
2013-09-30,5768935.23,5117966.77,650968.46,11.28,0,0,9,273,17778.0,13505.0,90690.0,0.00535,226.8,organic_search,5173365.87,4251138.27
2013-10-01,5389130.81,4591599.54,797531.27,14.8,1,0,10,274,13710.0,9680.0,52584.0,0.00324,209.8,email_campaign,5275633.49,4230142.83
2013-10-02,5393969.29,4651419.05,742550.24,13.77,2,0,10,275,12941.0,9851.0,71024.0,0.00539,205.0,organic_search,5353130.46,4230383.15
2013-10-03,2026611.74,1672946.51,353665.23,17.45,3,0,10,276,13080.0,9748.0,44993.0,0.00499,125.5,organic_search,5054069.35,4160372.17
2013-10-04,2912944.43,2284930.64,628013.79,21.56,4,0,10,277,15477.0,12022.0,78604.0,0.00375,156.7,social_media,4802122.64,4077435.32
2013-10-05,2463961.82,1952842.64,511119.18,20.74,5,1,10,278,13994.0,10098.0,68009.0,0.00564,314.4,referral,4148990.04,4053937.36
2013-10-06,2875234.12,2170808.86,704425.26,24.5,6,1,10,279,14105.0,11490.0,70993.0,0.00435,122.9,paid_search,3832969.63,4059610.49
2013-10-07,2084519.3,1674894.34,409624.96,19.65,0,0,10,280,12570.0,9552.0,45109.0,0.00325,181.8,organic_search,3306624.5,4046811.82
2013-10-08,2982770.86,2404722.52,578048.34,19.38,1,0,10,281,13093.0,10025.0,58429.0,0.00339,138.1,direct,2962858.79,4044343.41
2013-10-09,3524600.98,2822967.5,701633.48,19.91,2,0,10,282,12218.0,9764.0,50149.0,0.00469,209.6,organic_search,2695806.18,4036122.51
2013-10-10,4018321.34,3267316.51,751004.83,18.69,3,0,10,283,13055.0,10029.0,43148.0,0.00534,176.8,organic_search,2980336.12,3991495.52
2013-10-11,1938342.36,1556262.82,382079.54,19.71,4,0,10,284,13725.0,9778.0,64212.0,0.00375,220.2,organic_search,2841107.25,3901557.71
2013-10-12,3170838.37,2562812.71,608025.66,19.18,5,1,10,285,13023.0,10257.0,64771.0,0.0055,256.2,organic_search,2942089.62,3878387.35
2013-10-13,3719451.39,2946745.46,772705.93,20.77,6,1,10,286,13045.0,9157.0,51450.0,0.00425,160.5,organic_search,3062692.09,3901216.76
2013-10-14,3097590.81,2398025.79,699565.02,22.58,0,0,10,287,14459.0,11334.0,50446.0,0.00413,231.0,organic_search,3207416.59,3882315.41
2013-10-15,4062456.23,3281418.54,781037.69,19.23,1,0,10,288,13895.0,11304.0,65905.0,0.00361,224.3,organic_search,3361657.35,3915118.3
2013-10-16,4801027.51,3944302.72,856724.79,17.84,2,0,10,289,12929.0,9667.0,64283.0,0.00423,261.5,paid_search,3544004.0,3944246.97
2013-10-17,3348412.32,2713865.33,634546.99,18.95,3,0,10,290,12216.0,9304.0,57228.0,0.00462,144.0,direct,3448302.71,3875523.33
2013-10-18,3238854.55,2560313.88,678540.67,20.95,4,0,10,291,12323.0,9163.0,60959.0,0.00406,231.9,referral,3634090.17,3834803.36
2013-10-19,3376648.2,2769325.22,607322.98,17.99,5,1,10,292,11963.0,9407.0,54624.0,0.00537,276.6,social_media,3663491.57,3847512.82
2013-10-20,2888479.98,2302148.44,586331.54,20.3,6,1,10,293,14009.0,10602.0,54466.0,0.00482,314.7,email_campaign,3544781.37,3833231.72
2013-10-21,3409990.75,2751364.44,658626.31,19.31,0,0,10,294,12745.0,9506.0,53990.0,0.00578,274.1,organic_search,3589409.93,3820245.91
2013-10-22,3932052.89,3189287.97,742764.92,18.89,1,0,10,295,14589.0,10511.0,47642.0,0.00338,207.1,direct,3570780.89,3843204.2
2013-10-23,4895108.72,3861527.06,1033581.66,21.11,2,0,10,296,13717.0,10722.0,60164.0,0.0035,121.5,social_media,3584221.06,3858829.33
2013-10-24,4333852.18,3403031.49,930820.69,21.48,3,0,10,297,12783.0,9260.0,50277.0,0.00481,108.1,organic_search,3724998.18,3847515.82
2013-10-25,3503713.92,2743366.59,760347.33,21.7,4,0,10,298,12510.0,9642.0,46132.0,0.00342,284.2,social_media,3762835.23,3802589.93
2013-10-26,2923604.47,2331573.03,592031.44,20.25,5,1,10,299,12422.0,8842.0,45914.0,0.00452,197.1,organic_search,3698114.7,3762708.76
2013-10-27,2949737.88,2365410.99,584326.89,19.81,6,1,10,300,13304.0,10333.0,64827.0,0.00326,308.3,social_media,3706865.83,3705147.65
2013-10-28,3235799.73,2588267.2,647532.53,20.01,0,0,10,301,14257.0,11502.0,64149.0,0.00469,263.5,paid_search,3681981.4,3578477.97
2013-10-29,5981959.98,4833162.34,1148797.64,19.2,1,0,10,302,15101.0,11332.0,69384.0,0.0055,290.4,paid_search,3974825.27,3608297.41
2013-10-30,6960811.52,5563340.73,1397470.79,20.08,2,0,10,303,11718.0,8876.0,59818.0,0.00461,172.4,referral,4269925.67,3648026.62
2013-10-31,5649038.29,4525813.51,1123224.78,19.88,3,0,10,304,15782.0,12006.0,85169.0,0.00421,193.6,referral,4457809.4,3656690.2
2013-11-01,4823330.61,3780905.84,1042424.77,21.61,4,0,11,305,13644.0,10009.0,46358.0,0.00343,180.9,social_media,4646326.07,3637668.91
2013-11-02,4871579.51,3874376.58,997202.93,20.47,5,1,11,306,11668.0,9313.0,57812.0,0.00481,183.2,direct,4924608.22,3732501.17
2013-11-03,2310551.56,1894570.42,415981.14,18.0,6,1,11,307,11609.0,8407.0,59878.0,0.00519,290.6,organic_search,4833295.89,3712421.4
2013-11-04,2638652.15,2128739.96,509912.19,19.32,0,0,11,308,10715.0,8320.0,47693.0,0.00409,266.8,email_campaign,4747989.09,3718244.42
2013-11-05,3529966.51,2818098.89,711867.62,20.17,1,0,11,309,11604.0,8132.0,44253.0,0.00497,316.4,paid_search,4397704.31,3740068.83
2013-11-06,2440647.75,1890461.99,550185.76,22.54,2,0,11,310,10138.0,7332.0,55455.0,0.00424,236.5,direct,3751966.63,3751939.78
2013-11-07,2145217.46,1755584.37,389633.09,18.16,3,0,11,311,9896.0,7936.0,41435.0,0.00372,271.6,direct,3251420.79,3724021.33
2013-11-08,2200221.02,1790704.8,409516.22,18.61,4,0,11,312,11835.0,9472.0,50627.0,0.00447,235.1,organic_search,2876690.85,3679875.33
2013-11-09,2018930.67,1594615.53,424315.14,21.02,5,1,11,313,11950.0,8786.0,61115.0,0.00577,316.8,social_media,2469169.59,3613228.98
2013-11-10,2722218.97,2099682.78,622536.19,22.87,6,1,11,314,11694.0,8912.0,52770.0,0.00377,101.7,direct,2527979.22,3639358.2
2013-11-11,3495969.18,2676318.51,819650.67,23.45,0,0,11,315,12691.0,10310.0,49619.0,0.00487,218.3,social_media,2650453.08,3650195.89
2013-11-12,5162437.56,3979066.87,1183370.69,22.92,1,0,11,316,10332.0,7718.0,56650.0,0.00385,152.9,social_media,2883663.23,3698295.43
2013-11-13,4681263.25,3622930.35,1058332.9,22.61,2,0,11,317,10669.0,7530.0,43743.0,0.00394,198.0,organic_search,3203751.16,3751084.51
2013-11-14,3118904.74,2460188.52,658716.22,21.12,3,0,11,318,10545.0,7419.0,41667.0,0.00497,139.8,email_campaign,3342849.34,3719632.79
2013-11-15,3370811.62,2719077.99,651733.63,19.33,4,0,11,319,10155.0,8283.0,45684.0,0.00499,255.2,organic_search,3510076.57,3671958.93
2013-11-16,3365890.12,2733920.22,631969.9,18.78,5,1,11,320,10651.0,7729.0,53104.0,0.00423,159.4,social_media,3702499.35,3672541.52
2013-11-17,2416530.15,1906202.04,510328.11,21.12,6,1,11,321,12887.0,10510.0,44818.0,0.00439,166.4,paid_search,3658829.52,3645130.71
2013-11-18,2109164.6,1778409.36,330755.24,15.68,0,0,11,322,12188.0,9286.0,39130.0,0.00448,159.6,paid_search,3460714.58,3602881.26
2013-11-19,3237660.32,2746026.34,491633.98,15.18,1,0,11,323,11008.0,8981.0,50511.0,0.00405,176.1,organic_search,3185746.4,3614520.6
2013-11-20,3321114.32,2983892.23,337222.09,10.15,2,0,11,324,11167.0,9011.0,38482.0,0.00329,136.0,social_media,2991439.41,3611558.06
2013-11-21,2595234.4,2362389.95,232844.45,8.97,3,0,11,325,11384.0,9190.0,49377.0,0.00389,193.8,social_media,2916629.36,3566997.44
2013-11-22,2550262.64,2542345.82,7916.82,0.31,4,0,11,326,11413.0,9153.0,40833.0,0.00568,255.2,social_media,2799408.08,3488835.9
2013-11-23,2054330.57,2011741.48,42589.09,2.07,5,1,11,327,11180.0,8348.0,47452.0,0.00427,200.9,organic_search,2612042.43,3412851.85
2013-11-24,2519706.85,2537974.67,-18267.82,-0.72,6,1,11,328,11573.0,8198.0,52687.0,0.00349,315.3,organic_search,2626781.96,3380051.61
2013-11-25,2406331.38,2358037.25,48294.13,2.01,0,0,11,329,11593.0,9021.0,39009.0,0.00519,207.0,paid_search,2669234.35,3362809.18
2013-11-26,3107204.99,3083734.78,23470.21,0.76,1,0,11,330,12310.0,9377.0,51458.0,0.00486,198.6,referral,2650597.88,3368058.08
2013-11-27,3123410.59,3027393.58,96017.01,3.07,2,0,11,331,12543.0,10098.0,65740.0,0.0054,126.5,paid_search,2622354.49,3364311.78
2013-11-28,3580033.44,3514991.8,65041.64,1.82,3,0,11,332,10476.0,7994.0,55311.0,0.00562,142.4,direct,2763040.07,3284247.56
2013-11-29,1768057.43,1773822.57,-5765.14,-0.33,4,0,11,333,11266.0,8171.0,45345.0,0.00373,106.9,referral,2651296.46,3111155.76
2013-11-30,2685677.46,2672025.29,13652.17,0.51,5,1,11,334,11143.0,8100.0,53974.0,0.00531,167.4,organic_search,2741488.88,3012377.06
2013-12-01,2391698.09,2420438.06,-28739.97,-1.2,6,1,12,335,12906.0,9103.0,46795.0,0.00459,124.7,organic_search,2723201.91,2931322.64
2013-12-02,2263746.75,2226485.61,37261.14,1.65,0,0,12,336,12341.0,9953.0,43684.0,0.00475,114.8,social_media,2702832.68,2844394.88
2013-12-03,1933337.47,1904782.57,28554.9,1.48,1,0,12,337,14986.0,12043.0,65628.0,0.00503,162.8,organic_search,2535137.32,2831821.08
2013-12-04,2924599.17,2877557.67,47041.5,1.61,2,0,12,338,13847.0,10991.0,54490.0,0.00483,149.8,social_media,2506735.69,2841352.65
2013-12-05,2231578.75,2246889.53,-15310.78,-0.69,3,0,12,339,12296.0,8669.0,53642.0,0.00329,227.5,referral,2314099.3,2798073.06
2013-12-06,1718341.54,1744505.5,-26163.96,-1.52,4,0,12,340,12192.0,9853.0,54072.0,0.00459,254.2,paid_search,2306997.03,2773996.18
2013-12-07,1444180.43,1408359.66,35820.77,2.48,5,1,12,341,12562.0,8902.0,51547.0,0.00444,184.5,paid_search,2129640.31,2750628.28
2013-12-08,1714762.98,1677034.75,37728.23,2.2,6,1,12,342,13175.0,9415.0,45023.0,0.00462,178.1,organic_search,2032935.3,2734446.35
2013-12-09,1959405.6,1928205.78,31199.82,1.59,0,0,12,343,14634.0,10378.0,61409.0,0.00497,182.9,organic_search,1989457.99,2732462.18
2013-12-10,2256213.74,2198430.55,57783.19,2.56,1,0,12,344,14413.0,10733.0,46851.0,0.00408,254.9,social_media,2035583.17,2716928.67
2013-12-11,3016597.65,3024225.14,-7627.49,-0.25,2,0,12,345,13334.0,9646.0,50387.0,0.00393,167.0,paid_search,2048725.81,2700949.62
2013-12-12,2988571.87,2946591.17,41980.7,1.4,3,0,12,346,13714.0,10039.0,62414.0,0.00556,168.4,organic_search,2156867.69,2628487.43
2013-12-13,2131538.29,2083673.81,47864.48,2.25,4,0,12,347,13337.0,9763.0,69039.0,0.00439,294.0,organic_search,2215895.79,2543496.6
2013-12-14,2245758.87,2305729.18,-59970.31,-2.67,5,1,12,348,12138.0,9093.0,60465.0,0.00555,228.5,paid_search,2330407.0,2514391.74
2013-12-15,2154695.59,2095032.07,59663.52,2.77,6,1,12,349,12391.0,10022.0,52207.0,0.00356,119.5,organic_search,2393254.52,2473854.53
2013-12-16,2694197.04,2720062.14,-25865.1,-0.96,0,0,12,350,12596.0,9700.0,58261.0,0.00574,104.0,social_media,2498224.72,2451464.77
2013-12-17,3167410.81,3021649.06,145761.75,4.6,1,0,12,351,13408.0,10752.0,57040.0,0.00425,316.2,paid_search,2628395.73,2476494.12
2013-12-18,3189533.36,3219583.56,-30050.2,-0.94,2,0,12,352,13825.0,10901.0,72395.0,0.0045,154.0,organic_search,2653100.83,2512506.41
2013-12-19,3062553.19,2981811.67,80741.52,2.64,3,0,12,353,13925.0,11168.0,63968.0,0.00445,176.4,social_media,2663669.59,2506669.51
2013-12-20,2500743.7,2516358.41,-15614.71,-0.62,4,0,12,354,10678.0,8634.0,38513.0,0.00405,256.3,organic_search,2716413.22,2479323.82
2013-12-21,3213344.27,3159953.94,53390.33,1.66,5,1,12,355,11879.0,8813.0,56301.0,0.00341,119.1,email_campaign,2854639.71,2499927.48
2013-12-22,3476225.97,3458589.82,17636.15,0.51,6,1,12,356,13955.0,9944.0,47679.0,0.00429,138.2,organic_search,3043429.76,2530792.93
2013-12-23,2932660.62,2856672.71,75987.91,2.59,0,0,12,357,13029.0,10369.0,52511.0,0.00522,305.5,direct,3077495.99,2560070.6
2013-12-24,2629786.52,2542278.8,87507.72,3.33,1,0,12,358,12470.0,9370.0,54463.0,0.00563,281.4,social_media,3000692.52,2563739.92
2013-12-25,3807864.44,3711704.9,96159.54,2.53,2,0,12,359,13141.0,10384.0,67446.0,0.00482,193.3,social_media,3089025.53,2610457.69
2013-12-26,3278628.42,3269160.78,9467.64,0.29,3,0,12,360,13040.0,9292.0,57219.0,0.00539,314.3,organic_search,3119893.42,2616171.8
2013-12-27,1853472.36,1854636.14,-1163.78,-0.06,4,0,12,361,12152.0,8597.0,59360.0,0.00338,229.1,social_media,3027426.09,2573840.53
2013-12-28,3547336.16,3487806.62,59529.54,1.68,5,1,12,362,13571.0,10335.0,71175.0,0.00493,279.6,email_campaign,3075139.21,2572750.62
2013-12-29,6516622.75,6506519.56,10103.19,0.16,6,1,12,363,14050.0,11493.0,56883.0,0.00416,174.7,organic_search,3509481.61,2731036.13
2013-12-30,5792994.45,5695206.04,97788.41,1.69,0,0,12,364,11723.0,8674.0,59465.0,0.00458,265.2,email_campaign,3918100.73,2834613.36
2013-12-31,6247467.59,6080338.22,167129.37,2.68,1,0,12,365,14417.0,11430.0,46209.0,0.00578,308.1,direct,4434912.31,2963139.01
2014-01-01,5743739.48,5563113.31,180626.17,3.14,2,0,1,1,10162.0,8295.0,36165.0,0.00534,235.0,paid_search,4711465.89,3079138.77
2014-01-02,3787850.5,3666330.68,121519.82,3.21,3,0,1,2,12776.0,10056.0,46028.0,0.00366,238.7,paid_search,4784211.9,3140955.87
2014-01-03,2354832.6,1871645.41,483187.19,20.52,4,0,1,3,10230.0,8247.0,42607.0,0.00543,249.9,social_media,4855834.79,3121963.65
2014-01-04,2243604.06,1747621.88,495982.18,22.11,5,1,1,4,11496.0,8503.0,57148.0,0.00507,207.9,email_campaign,4669587.35,3122364.49
2014-01-05,2361866.5,1851453.14,510413.36,21.61,6,1,1,5,8870.0,6926.0,44512.0,0.00456,166.9,organic_search,4076050.74,3143815.33
2014-01-06,2639202.87,2146455.69,492747.18,18.67,0,0,1,6,10178.0,7568.0,55426.0,0.004,138.1,organic_search,3625509.09,3183649.41
2014-01-07,3437125.39,2809411.95,627713.44,18.26,1,0,1,7,10724.0,7860.0,45535.0,0.00329,192.2,organic_search,3224031.63,3241061.49
2014-01-08,2250519.73,1808614.16,441905.57,19.64,2,0,1,8,11340.0,9281.0,41050.0,0.00362,221.5,social_media,2725000.24,3250765.29
2014-01-09,2214274.18,1884156.18,330118.0,14.91,3,0,1,9,12137.0,9810.0,46390.0,0.00361,223.5,email_campaign,2500203.62,3249367.31
2014-01-10,1886360.71,1560748.05,325612.66,17.26,4,0,1,10,10545.0,8273.0,53901.0,0.00372,307.1,email_campaign,2433279.06,3211692.74
2014-01-11,2550841.93,2031865.95,518975.98,20.35,5,1,1,11,11306.0,9172.0,52326.0,0.0045,116.2,referral,2477170.19,3197101.74
2014-01-12,2172729.29,1773388.32,399340.97,18.38,6,1,1,12,10212.0,7242.0,48240.0,0.00495,177.3,social_media,2450150.59,3198474.78
2014-01-13,2467719.52,1991302.84,476416.68,19.31,0,0,1,13,11373.0,8627.0,58511.0,0.00345,159.0,direct,2425652.96,3205873.47
2014-01-14,3356963.59,2731972.75,624990.84,18.62,1,0,1,14,9693.0,7471.0,36668.0,0.00468,142.0,paid_search,2414201.28,3245949.07
2014-01-15,3637788.72,2842296.43,795492.29,21.87,2,0,1,15,10310.0,7878.0,44709.0,0.00362,123.8,direct,2612382.56,3277402.12
2014-01-16,2005770.41,1635446.76,370323.65,18.46,3,0,1,16,11632.0,8624.0,55483.0,0.00545,222.1,social_media,2582596.31,3238680.78
2014-01-17,2464459.86,2002144.2,462315.66,18.76,4,0,1,17,10035.0,7721.0,34898.0,0.00514,163.8,organic_search,2665181.9,3214511.66
2014-01-18,1718246.3,1332157.65,386088.65,22.47,5,1,1,18,11008.0,7875.0,51195.0,0.00469,156.6,paid_search,2546239.67,3169701.43
2014-01-19,2453121.94,1918965.99,534155.95,21.77,6,1,1,19,10951.0,8766.0,39504.0,0.00561,139.8,paid_search,2586295.76,3168114.04
2014-01-20,3133739.97,2422846.03,710893.94,22.69,0,0,1,20,10678.0,8033.0,41933.0,0.00414,149.6,organic_search,2681441.54,3165460.56
2014-01-21,3590697.9,2848601.86,742096.04,20.67,1,0,1,21,12658.0,10040.0,58632.0,0.00331,185.2,social_media,2714832.16,3169276.29
2014-01-22,3244854.06,2563525.38,681328.68,21.0,2,0,1,22,11638.0,9145.0,51241.0,0.00416,267.6,organic_search,2658698.63,3179682.74
2014-01-23,3187811.81,2528375.63,659436.18,20.69,3,0,1,23,8560.0,6503.0,36491.0,0.00513,219.7,social_media,2827561.69,3198283.58
2014-01-24,1812010.8,1397879.36,414131.44,22.85,4,0,1,24,10811.0,8705.0,44738.0,0.00511,198.0,organic_search,2734354.68,3131755.13
2014-01-25,2221742.74,1777122.99,444619.75,20.01,5,1,1,25,11205.0,8252.0,55016.0,0.00535,291.3,organic_search,2806282.75,3096525.61
2014-01-26,2002533.83,1553846.68,448687.15,22.41,6,1,1,26,9240.0,6492.0,46324.0,0.00327,254.1,paid_search,2741913.02,3101494.32
2014-01-27,2983790.31,2360438.19,623352.12,20.89,0,0,1,27,7973.0,6381.0,31862.0,0.0051,245.5,organic_search,2720491.64,3082709.46
2014-01-28,5411096.61,4320849.3,1090247.31,20.15,1,0,1,28,11746.0,8341.0,61175.0,0.00402,134.5,paid_search,2980548.59,3045858.59
2014-01-29,4892083.36,3928929.64,963153.72,19.69,2,0,1,29,12266.0,9150.0,42684.0,0.00535,240.4,referral,3215867.07,3015828.22
2014-01-30,3844256.32,3007196.76,837059.56,21.77,3,0,1,30,9689.0,7229.0,34153.0,0.0039,121.9,paid_search,3309644.85,2935721.18
2014-01-31,3732079.59,2938223.15,793856.44,21.27,4,0,1,31,9999.0,7139.0,45816.0,0.00411,127.7,email_campaign,3583940.39,2868665.85
2014-02-01,3825094.63,3049434.19,775660.44,20.28,5,1,2,32,15250.0,10976.0,74103.0,0.00324,262.1,organic_search,3812990.66,2869907.32
2014-02-02,2382294.19,1885054.33,497239.86,20.87,6,1,2,33,15769.0,11975.0,54002.0,0.005,317.7,social_media,3867242.14,2870822.7
2014-02-03,2051412.93,1563684.31,487728.62,23.78,0,0,2,34,15293.0,12184.0,75902.0,0.0052,219.2,direct,3734045.38,2864416.33
2014-02-04,2787111.54,2197609.21,589502.33,21.15,1,0,2,35,15527.0,11742.0,63891.0,0.00455,221.7,referral,3359190.37,2878591.17
2014-02-05,2599325.56,2019260.92,580064.64,22.32,2,0,2,36,14372.0,10247.0,59542.0,0.00551,124.6,paid_search,3031653.54,2877261.92
2014-02-06,2415914.42,1966150.9,449763.52,18.62,3,0,2,37,17900.0,13155.0,75113.0,0.00528,271.7,email_campaign,2827604.69,2843221.56
2014-02-07,3381887.13,2654650.93,727236.2,21.5,4,0,2,38,16078.0,11903.0,80234.0,0.00536,212.0,social_media,2777577.2,2880933.8
2014-02-08,2907660.51,2328115.15,579545.36,19.93,5,1,2,39,16853.0,12274.0,90385.0,0.00432,128.0,paid_search,2646515.18,2904046.68
2014-02-09,2947940.87,2410207.36,537733.51,18.24,6,1,2,40,16200.0,11546.0,85048.0,0.00427,141.2,paid_search,2727321.85,2939432.69
2014-02-10,3705563.44,2772562.54,933000.9,25.18,0,0,2,41,15696.0,11222.0,73058.0,0.00533,199.8,direct,2963629.07,2977923.4
2014-02-11,4637151.61,3649526.8,987624.81,21.3,1,0,2,42,14584.0,11159.0,63707.0,0.0049,284.3,organic_search,3227920.51,3060070.82
2014-02-12,3457342.17,2728834.4,728507.77,21.07,2,0,2,43,14476.0,10599.0,47339.0,0.0044,132.8,paid_search,3350494.31,3093058.24
2014-02-13,3190217.92,2601375.48,588842.44,18.46,3,0,2,44,16062.0,12629.0,78816.0,0.005,145.4,social_media,3461109.09,3087500.05
2014-02-14,2632487.0,2058838.35,573648.65,21.79,4,0,2,45,14509.0,11532.0,61350.0,0.00389,226.3,organic_search,3354051.93,3053989.99
2014-02-15,2873057.42,2155414.19,717643.23,24.98,5,1,2,46,14141.0,10885.0,63673.0,0.00439,291.0,referral,3349108.63,3082899.56
2014-02-16,3990264.22,3220526.51,769737.71,19.29,6,1,2,47,15943.0,12928.0,83331.0,0.00325,209.3,organic_search,3498011.97,3133759.7
2014-02-17,3757742.25,3005221.34,752520.91,20.03,0,0,2,48,14961.0,12046.0,63357.0,0.00394,245.0,direct,3505466.08,3201742.9
2014-02-18,4902775.35,3900047.01,1002728.34,20.45,1,0,2,49,15257.0,11443.0,57332.0,0.00358,309.9,organic_search,3543412.33,3283398.02
2014-02-19,4469573.84,3530912.16,938661.68,21.0,2,0,2,50,15472.0,11216.0,62065.0,0.0044,146.7,social_media,3688016.86,3327925.81
2014-02-20,3050037.65,2452045.97,597991.68,19.61,3,0,2,51,15337.0,11846.0,72379.0,0.00514,287.0,referral,3667991.1,3309903.8
2014-02-21,3394380.68,2732646.22,661734.46,19.49,4,0,2,52,12479.0,9867.0,62474.0,0.00414,314.8,organic_search,3776833.06,3314888.02
2014-02-22,4262143.74,3402076.06,860067.68,20.18,5,1,2,53,16863.0,12049.0,89182.0,0.00357,288.5,organic_search,3975273.96,3350699.09
2014-02-23,3997442.72,3186343.91,811098.81,20.29,6,1,2,54,18734.0,14921.0,100009.0,0.0047,163.2,social_media,3976299.46,3423546.82
2014-02-24,4743111.4,3834496.32,908615.08,19.16,0,0,2,55,16007.0,11852.0,56518.0,0.00507,193.7,organic_search,4117066.48,3507592.44
2014-02-25,6869199.08,5572490.58,1296708.5,18.88,1,0,2,56,17906.0,12878.0,67027.0,0.00528,196.8,paid_search,4397984.16,3669814.62
2014-02-26,7766238.39,6157127.45,1609110.94,20.72,2,0,2,57,15690.0,12798.0,75723.0,0.00465,144.7,social_media,4868936.24,3829229.55
2014-02-27,5932389.78,4717814.02,1214575.76,20.47,3,0,2,58,16405.0,11852.0,58497.0,0.00444,185.3,email_campaign,5280700.83,3846605.99
2014-02-28,5511196.67,4511480.57,999716.1,18.14,4,0,2,59,13184.0,10619.0,64378.0,0.00446,103.1,paid_search,5583103.11,3867243.1
2014-03-01,4400079.49,3611872.46,788207.03,17.91,5,1,3,60,23068.0,18188.0,89795.0,0.00443,214.4,social_media,5602808.22,3885770.54
2014-03-02,4943352.33,3968450.0,974902.33,19.72,6,1,3,61,23861.0,17740.0,83970.0,0.00555,278.5,referral,5737938.16,3926146.3
2014-03-03,3637156.46,2881941.03,755215.43,20.76,0,0,3,62,22641.0,15964.0,108362.0,0.00522,271.4,organic_search,5579944.6,3919881.69
2014-03-04,4742209.79,3846248.96,895960.83,18.89,1,0,3,63,20167.0,16226.0,97482.0,0.0051,161.5,organic_search,5276088.99,3998545.55
2014-03-05,5310211.41,4366670.54,943540.87,17.77,2,0,3,64,23200.0,16311.0,80376.0,0.00399,255.7,organic_search,4925227.99,4107172.16
2014-03-06,5506734.13,4454685.13,1052049.0,19.1,3,0,3,65,24291.0,18643.0,86328.0,0.00413,132.9,organic_search,4864420.04,4197826.25
2014-03-07,3167820.98,2582186.62,585634.36,18.49,4,0,3,66,20656.0,16435.0,109054.0,0.00462,295.0,paid_search,4529652.08,4216776.1
2014-03-08,3577664.95,2914921.51,662743.44,18.52,5,1,3,67,20789.0,15662.0,93141.0,0.00366,173.0,email_campaign,4412164.29,4255501.11
2014-03-09,3828277.38,3070464.44,757812.94,19.8,6,1,3,68,20453.0,15397.0,92789.0,0.00389,280.1,organic_search,4252867.87,4270380.79
2014-03-10,4725035.68,3759283.28,965752.4,20.44,0,0,3,69,22824.0,16607.0,119164.0,0.00448,254.9,direct,4408279.19,4330959.96
2014-03-11,5775004.59,4559934.88,1215069.71,21.04,1,0,3,70,21099.0,15989.0,103643.0,0.00562,181.8,direct,4555821.3,4425195.42
2014-03-12,6930320.53,5534691.64,1395628.89,20.14,2,0,3,71,21452.0,16567.0,83714.0,0.00563,292.5,organic_search,4787265.46,4532687.32
2014-03-13,5304893.97,4244468.26,1060425.71,19.99,3,0,3,72,22441.0,16314.0,121601.0,0.00427,313.9,organic_search,4758431.15,4554945.4
2014-03-14,4544809.4,3647946.39,896863.01,19.73,4,0,3,73,21483.0,15918.0,116693.0,0.00539,257.6,referral,4955143.79,4591194.31
2014-03-15,4691387.16,3744464.98,946922.18,20.18,5,1,3,74,21970.0,16562.0,77321.0,0.00331,254.5,direct,5114246.96,4641233.28
2014-03-16,5553669.8,4426899.92,1126769.88,20.29,6,1,3,75,24630.0,17335.0,97783.0,0.00347,150.4,paid_search,5360731.59,4738606.04
2014-03-17,6623777.28,5406586.76,1217190.52,18.38,0,0,3,76,23340.0,16575.0,125068.0,0.00453,191.6,paid_search,5631980.39,4863630.04
2014-03-18,5707570.51,4657479.17,1050091.34,18.4,1,0,3,77,21053.0,16281.0,111523.0,0.00456,247.3,social_media,5622346.95,4920873.58
2014-03-19,7282983.0,6147005.74,1135977.26,15.6,2,0,3,78,21922.0,16740.0,74242.0,0.0055,287.1,organic_search,5672727.3,5038381.6
2014-03-20,6459634.76,5394910.61,1064724.15,16.48,3,0,3,79,20278.0,15014.0,82640.0,0.0043,133.6,organic_search,5837690.27,5090276.92
2014-03-21,4506741.28,3883392.78,623348.5,13.83,4,0,3,80,21123.0,16314.0,83362.0,0.00392,188.7,direct,5832251.97,5091515.83
2014-03-22,4682426.76,4390336.24,292090.52,6.24,5,1,3,81,21770.0,16029.0,96726.0,0.00414,193.0,email_campaign,5830971.91,5145928.8
2014-03-23,5239607.0,4727286.58,512320.42,9.78,6,1,3,82,20889.0,15510.0,67631.0,0.00542,287.5,social_media,5786105.8,5207436.35
2014-03-24,5516390.06,5135733.73,380656.33,6.9,0,0,3,83,18783.0,14040.0,72777.0,0.00362,241.1,email_campaign,5627907.62,5249244.56
2014-03-25,6858764.17,6248964.6,609799.57,8.89,1,0,3,84,20978.0,15803.0,73386.0,0.00516,114.2,email_campaign,5792363.86,5344621.94
2014-03-26,7966063.19,7366934.0,599129.19,7.52,2,0,3,85,20541.0,16241.0,84830.0,0.00567,319.9,organic_search,5889946.75,5452053.67
2014-03-27,8330175.47,7600114.49,730060.98,8.76,3,0,3,86,22481.0,18073.0,111766.0,0.0043,317.8,paid_search,6157166.85,5500752.88
2014-03-28,5747360.19,5214181.96,533178.23,9.28,4,0,3,87,21260.0,16689.0,81224.0,0.00368,251.1,organic_search,6334398.12,5433456.94
2014-03-29,6857129.34,6302802.0,554327.34,8.08,5,1,3,88,24623.0,19993.0,90493.0,0.00419,173.8,email_campaign,6645069.92,5464281.59
2014-03-30,12784107.1,11757805.12,1026301.98,8.03,6,1,3,89,21014.0,17170.0,96869.0,0.00361,266.0,organic_search,7722855.65,5706711.94
2014-03-31,12312523.89,11321960.71,990563.18,8.05,0,0,3,90,23037.0,16851.0,99689.0,0.00499,208.7,organic_search,8693731.91,5970460.09
2014-04-01,12163891.23,11150883.99,1013007.24,8.33,1,0,4,91,31669.0,24005.0,146762.0,0.00435,236.5,social_media,9451607.2,6211144.72
2014-04-02,13046471.25,11843249.22,1203222.03,9.22,2,0,4,92,31084.0,23844.0,121167.0,0.00342,311.2,email_campaign,10177379.78,6524788.54
2014-04-03,9642469.77,8683847.27,958622.5,9.94,3,0,4,93,27680.0,21795.0,123121.0,0.00436,187.2,paid_search,10364850.4,6688130.54
2014-04-04,3027057.03,2762337.1,264719.93,8.75,4,0,4,94,33564.0,27006.0,178036.0,0.00455,230.0,paid_search,9976235.66,6612025.4
2014-04-05,4578612.03,4277766.79,300845.24,6.57,5,1,4,95,29571.0,20726.0,141514.0,0.00443,301.8,organic_search,9650733.19,6581087.99
2014-04-06,4749333.13,4416528.48,332804.65,7.01,6,1,4,96,29897.0,24048.0,113402.0,0.00362,202.1,paid_search,8502908.33,6633805.06
2014-04-07,4614814.59,4275798.75,339015.84,7.35,0,0,4,97,27724.0,20365.0,96746.0,0.0045,212.3,paid_search,7403235.58,6668376.72
2014-04-08,6392830.04,5806623.81,586206.23,9.17,1,0,4,98,27636.0,20497.0,143557.0,0.00359,152.9,social_media,6578798.26,6753861.81
2014-04-09,6139037.72,5584747.6,554290.12,9.03,2,0,4,99,29270.0,21990.0,145987.0,0.00502,224.1,organic_search,5592022.04,6800995.21
2014-04-10,5203589.72,4738923.88,464665.84,8.93,3,0,4,100,29376.0,21760.0,105496.0,0.00426,179.3,paid_search,4957896.32,6781948.05
2014-04-11,5105964.56,4552400.07,553564.49,10.84,4,0,4,101,27935.0,22850.0,118469.0,0.00472,217.1,paid_search,5254883.11,6721136.18
2014-04-12,5687376.75,5248378.46,438998.29,7.72,5,1,4,102,28989.0,20697.0,124163.0,0.00518,223.2,organic_search,5413278.07,6733885.61
2014-04-13,4945405.38,4494711.75,450693.63,9.11,6,1,4,103,32172.0,24250.0,152724.0,0.00439,120.4,organic_search,5441288.39,6747238.81
2014-04-14,6921493.59,6054527.76,866965.83,12.53,0,0,4,104,28984.0,21787.0,99668.0,0.00367,259.6,paid_search,5770813.97,6821575.69
2014-04-15,7871571.71,6776042.49,1095529.22,13.92,1,0,4,105,31036.0,22252.0,162557.0,0.00513,171.6,referral,5982062.78,6898839.08
2014-04-16,7912857.96,6785359.76,1127498.2,14.25,2,0,4,106,29288.0,23345.0,143059.0,0.00332,225.9,organic_search,6235465.67,6941808.44
2014-04-17,5557754.18,4737292.06,820462.12,14.76,3,0,4,107,26998.0,19652.0,95425.0,0.00405,206.0,direct,6286060.59,6936814.56
2014-04-18,5700339.67,4462371.41,1237968.26,21.72,4,0,4,108,28486.0,23229.0,108624.0,0.00408,164.3,social_media,6370971.32,6884059.78
2014-04-19,6624958.05,5350753.37,1274204.68,19.23,5,1,4,109,31395.0,22973.0,144900.0,0.00407,276.8,paid_search,6504911.51,6889570.56
2014-04-20,6418388.34,5065177.85,1353210.49,21.08,6,1,4,110,30149.0,23019.0,144722.0,0.00383,249.2,paid_search,6715337.64,6953292.13
2014-04-21,8414591.83,6893636.69,1520955.14,18.08,0,0,4,111,32674.0,23745.0,140656.0,0.0035,104.8,email_campaign,6928637.39,7077697.63
2014-04-22,10131097.46,8109722.27,2021375.19,19.95,1,0,4,112,32103.0,25911.0,159800.0,0.00358,174.0,social_media,7251426.78,7240747.31
2014-04-23,8191044.84,6573636.73,1617408.11,19.75,2,0,4,113,26922.0,21973.0,128715.0,0.00391,154.7,email_campaign,7291167.77,7329902.47
2014-04-24,6761050.63,5427294.9,1333755.73,19.73,3,0,4,114,28696.0,22691.0,100395.0,0.00534,318.0,referral,7463067.26,7326645.35
2014-04-25,7297129.72,5878423.04,1418706.68,19.44,4,0,4,115,32626.0,23330.0,149274.0,0.0035,140.6,paid_search,7691180.12,7304347.57
2014-04-26,7473782.26,5884034.36,1589747.9,21.27,5,1,4,116,28597.0,20330.0,120686.0,0.00475,159.8,social_media,7812440.73,7275801.13
2014-04-27,9019804.81,7060147.55,1959657.26,21.73,6,1,4,117,31694.0,22215.0,170628.0,0.00449,145.2,paid_search,8184071.65,7384882.62
2014-04-28,11814441.72,9367036.91,2447404.81,20.72,0,0,4,118,27759.0,21830.0,138714.0,0.00393,133.2,social_media,8669764.49,7550126.37
2014-04-29,17347427.27,13752034.86,3595392.41,20.73,1,0,4,119,32248.0,25948.0,163941.0,0.00579,223.1,email_campaign,9700668.75,7702237.04
2014-04-30,13811054.06,10868835.13,2942218.93,21.3,2,0,4,120,30939.0,23211.0,133474.0,0.00356,156.9,social_media,10503527.21,7752188.04
2014-05-01,13289875.45,10604429.39,2685446.06,20.21,3,0,5,121,25885.0,19449.0,123888.0,0.00367,278.3,paid_search,11436216.47,7789720.85
2014-05-02,9037359.63,7277515.81,1759843.82,19.47,4,0,5,122,31644.0,24370.0,153075.0,0.00327,123.1,direct,11684820.74,7656083.8
2014-05-03,8214103.42,6577016.62,1637086.8,19.93,5,1,5,123,28317.0,20767.0,114920.0,0.00493,194.2,organic_search,11790580.91,7608471.58
2014-05-04,2887053.22,2293661.95,593391.27,20.55,6,1,5,124,27998.0,22585.0,124889.0,0.00468,292.2,direct,10914473.54,7603804.79
2014-05-05,4251113.98,3397014.1,854099.88,20.09,0,0,5,125,25934.0,20515.0,98145.0,0.00546,182.5,social_media,9833998.15,7592888.19
2014-05-06,5130961.6,4130431.51,1000530.09,19.5,1,0,5,126,28880.0,20727.0,132987.0,0.0038,159.1,referral,8088788.77,7605609.14
2014-05-07,6175024.0,5012292.24,1162731.76,18.83,2,0,5,127,30417.0,21334.0,105056.0,0.00363,107.7,social_media,6997927.33,7657616.12
2014-05-08,6845994.59,5424944.1,1421050.49,20.76,3,0,5,128,22054.0,15883.0,78562.0,0.00578,114.3,referral,6077372.92,7672721.6
2014-05-09,3896896.85,3172234.57,724662.28,18.6,4,0,5,129,26222.0,21344.0,92295.0,0.00409,155.7,email_campaign,5343021.09,7597983.58
2014-05-10,5476367.67,4341371.17,1134996.5,20.73,5,1,5,130,25378.0,18460.0,109459.0,0.00467,121.8,organic_search,4951915.99,7607076.17
2014-05-11,5960839.36,4817268.38,1143570.98,19.18,6,1,5,131,29095.0,21081.0,94942.0,0.0055,146.2,referral,5391028.29,7635572.0
2014-05-12,6171798.51,4876269.62,1295528.89,20.99,0,0,5,132,28899.0,22803.0,134458.0,0.00446,215.8,paid_search,5665411.8,7651719.39
2014-05-13,6357034.06,5124302.35,1232731.71,19.39,1,0,5,133,26739.0,21724.0,92280.0,0.00579,306.7,paid_search,5840565.01,7698773.68
2014-05-14,8953168.22,7238881.78,1714286.44,19.15,2,0,5,134,25709.0,19377.0,111615.0,0.00376,243.4,paid_search,6237442.75,7766496.17
2014-05-15,7521179.22,5970183.39,1550995.83,20.62,3,0,5,135,30110.0,24293.0,157951.0,0.00411,180.0,referral,6333897.7,7754816.42
2014-05-16,7254155.54,5828882.18,1425273.36,19.65,4,0,5,136,27531.0,20857.0,105553.0,0.00335,220.2,social_media,6813506.08,7732859.67
2014-05-17,6473741.19,5173264.38,1300476.81,20.09,5,1,5,137,26128.0,20836.0,123104.0,0.00564,171.4,social_media,6955988.01,7763392.57
2014-05-18,7502869.16,6017924.93,1484944.23,19.79,6,1,5,138,25658.0,18281.0,96643.0,0.00569,113.0,paid_search,7176277.99,7823476.89
2014-05-19,6717427.22,5373895.24,1343531.98,20.0,0,0,5,139,29037.0,21645.0,134048.0,0.00514,248.5,referral,7254224.94,7826559.19
2014-05-20,6998009.98,5565704.32,1432305.66,20.47,1,0,5,140,29515.0,22535.0,159233.0,0.00361,308.7,organic_search,7345792.93,7845879.92
2014-05-21,9232803.8,7257287.25,1975516.55,21.4,2,0,5,141,27548.0,20709.0,139667.0,0.00555,246.8,organic_search,7385740.87,7873153.65
2014-05-22,8682669.79,6984588.89,1698080.9,19.56,3,0,5,142,27824.0,22650.0,112503.0,0.00345,245.6,referral,7551668.1,7824872.73
2014-05-23,6481511.11,5117307.95,1364203.16,21.05,4,0,5,143,28489.0,22749.0,96527.0,0.00514,252.9,organic_search,7441290.32,7767888.27
2014-05-24,5624884.34,4535522.53,1089361.81,19.37,5,1,5,144,25209.0,19652.0,92373.0,0.00476,227.0,paid_search,7320025.06,7730016.06
2014-05-25,7834743.41,6254562.47,1580180.94,20.17,6,1,5,145,30338.0,21404.0,120860.0,0.00577,167.1,email_campaign,7367435.66,7747936.51
2014-05-26,7196331.6,5750840.38,1445491.22,20.09,0,0,5,146,29609.0,23230.0,125918.0,0.00425,237.2,organic_search,7435850.58,7738688.16
2014-05-27,11197544.52,8926851.08,2270693.44,20.28,1,0,5,147,30146.0,22918.0,145944.0,0.00571,308.3,direct,8035784.08,7811279.48
2014-05-28,14237002.33,11276884.86,2960117.47,20.79,2,0,5,148,27952.0,22186.0,110221.0,0.00575,222.7,paid_search,8750669.59,7892031.5
2014-05-29,12708438.64,10157319.36,2551119.28,20.07,3,0,5,149,30992.0,23883.0,135079.0,0.00436,273.6,direct,9325779.42,7737398.55
2014-05-30,13573669.01,10729950.95,2843718.06,20.95,4,0,5,150,28560.0,22570.0,116268.0,0.00331,166.6,paid_search,10338944.84,7729485.71
2014-05-31,12424970.9,9985304.33,2439666.57,19.64,5,1,5,151,27754.0,22518.0,120629.0,0.00566,186.5,social_media,11310385.77,7700655.56
2014-06-01,11536710.05,9170211.02,2366499.03,20.51,6,1,6,152,28531.0,21625.0,139896.0,0.00411,300.9,paid_search,11839238.15,7783967.24
2014-06-02,10120772.07,8076952.84,2043819.23,20.19,0,0,6,153,29119.0,22466.0,98811.0,0.00529,265.4,organic_search,12257015.36,7847522.86
2014-06-03,7433951.35,5784897.37,1649053.98,22.18,1,0,6,154,27485.0,21760.0,92388.0,0.00494,293.0,paid_search,11719359.19,7999086.14
2014-06-04,6422990.57,5214120.6,1208869.97,18.82,2,0,6,155,31372.0,24682.0,167700.0,0.0052,218.4,referral,10603071.8,8071482.02
2014-06-05,4701261.04,3843536.1,857724.94,18.24,3,0,6,156,30289.0,22112.0,134531.0,0.00432,247.6,organic_search,9459189.28,8057158.67
2014-06-06,4455750.46,3475184.85,980565.61,22.01,4,0,6,157,27136.0,22179.0,118099.0,0.00392,155.0,organic_search,8156629.49,7999849.55
2014-06-07,5291724.53,4145797.41,1145927.12,21.66,5,1,6,158,31059.0,24129.0,145769.0,0.00498,304.3,email_campaign,7137594.3,7948040.55
2014-06-08,5672479.42,4555972.93,1116506.49,19.68,6,1,6,159,28049.0,20529.0,129406.0,0.00525,115.1,direct,6299847.06,8007226.64
2014-06-09,5745736.68,4655455.78,1090280.9,18.98,0,0,6,160,30401.0,24133.0,102124.0,0.00342,142.4,organic_search,5674842.01,8016205.6
2014-06-10,8176131.42,6751336.8,1424794.62,17.43,1,0,6,161,27671.0,21455.0,121832.0,0.00523,235.3,referral,5780867.73,8090048.67
2014-06-11,6815089.25,5416132.65,1398956.6,20.53,2,0,6,162,31871.0,24543.0,140141.0,0.00524,213.6,referral,5836881.83,8111491.7
2014-06-12,6198469.27,4930278.7,1268190.57,20.46,3,0,6,163,29120.0,22829.0,145416.0,0.0043,192.1,social_media,6050768.72,8106206.2
2014-06-13,5808360.57,4689299.84,1119060.73,19.27,4,0,6,164,30261.0,22465.0,108371.0,0.00471,125.2,email_campaign,6243998.73,8001379.28
2014-06-14,6159350.48,4887308.6,1272041.88,20.65,5,1,6,165,29999.0,23096.0,122404.0,0.00557,214.3,paid_search,6367945.3,7955984.99
2014-06-15,6251988.62,5001362.67,1250625.95,20.0,6,1,6,166,31223.0,24204.0,133930.0,0.00472,107.8,direct,6450732.33,7922579.43
2014-06-16,7506669.47,5993922.63,1512746.84,20.15,0,0,6,167,23259.0,17230.0,110680.0,0.00388,132.9,organic_search,6702294.15,7957010.37
2014-06-17,7985873.38,6364228.97,1621644.41,20.31,1,0,6,168,29091.0,23029.0,108429.0,0.00503,299.7,email_campaign,6675114.43,7973110.51
2014-06-18,6928139.58,5573372.83,1354766.75,19.55,2,0,6,169,22476.0,18096.0,93356.0,0.00442,198.4,paid_search,6691264.48,7980134.25
2014-06-19,5160401.64,4101123.87,1059277.77,20.53,3,0,6,170,27866.0,22727.0,95424.0,0.00561,245.2,direct,6542969.11,7918880.64
2014-06-20,5726955.46,4649863.18,1077092.28,18.81,4,0,6,171,30816.0,22914.0,118380.0,0.00494,299.4,social_media,6531339.8,7802019.03
2014-06-21,5534870.9,4397465.45,1137405.45,20.55,5,1,6,172,30622.0,21512.0,112749.0,0.0037,299.9,organic_search,6442128.44,7697092.4
2014-06-22,6871043.81,5449439.25,1421604.56,20.69,6,1,6,173,30032.0,21674.0,142020.0,0.00339,158.1,direct,6530564.89,7710076.83
2014-06-23,7520898.79,6115811.37,1405087.42,18.68,0,0,6,174,28623.0,21810.0,155716.0,0.00577,168.7,paid_search,6532597.65,7773277.31
2014-06-24,8318751.36,7165579.48,1153171.88,13.86,1,0,6,175,31892.0,22653.0,153112.0,0.00506,241.0,paid_search,6580151.65,7789410.91
2014-06-25,7464560.81,6650267.82,814292.99,10.91,2,0,6,176,30658.0,24091.0,153275.0,0.00421,138.1,email_campaign,6656783.25,7798351.88
2014-06-26,5465498.81,5160550.9,304947.91,5.58,3,0,6,177,28821.0,20469.0,104924.0,0.0056,285.0,direct,6700368.56,7607283.69
2014-06-27,6215342.27,5942103.5,273238.77,4.4,4,0,6,178,31165.0,23193.0,117512.0,0.00372,115.8,paid_search,6770138.11,7339895.02
2014-06-28,6715989.51,6489880.35,226109.16,3.37,5,1,6,179,28913.0,20500.0,128800.0,0.00557,254.8,referral,6938869.34,7140146.72
2014-06-29,10967240.25,10676762.03,290478.22,2.65,6,1,6,180,30012.0,24306.0,121789.0,0.00327,266.8,social_media,7524040.26,7053265.76
2014-06-30,8960784.4,8779889.34,180895.06,2.02,0,0,6,181,25122.0,18170.0,93098.0,0.00327,229.7,email_campaign,7729738.2,6937792.87
2014-07-01,9836345.7,9652958.13,183387.57,1.86,1,0,7,182,24118.0,17786.0,127394.0,0.00502,155.7,organic_search,7946537.39,6881114.06
2014-07-02,8037264.4,7829854.35,207410.05,2.58,2,0,7,183,22829.0,18044.0,88984.0,0.00322,132.2,social_media,8028352.19,6811663.81
2014-07-03,6599126.14,6280312.35,318813.79,4.83,3,0,7,184,24291.0,19783.0,87191.0,0.00356,299.1,paid_search,8190298.95,6783836.3
2014-07-04,1539342.27,1546984.48,-7642.21,-0.5,4,0,7,185,19697.0,15074.0,67832.0,0.00334,305.3,paid_search,7522298.95,6621048.02
2014-07-05,2247607.0,2088267.2,159339.8,7.09,5,1,7,186,21042.0,16132.0,91459.0,0.00362,274.7,organic_search,6883958.59,6539259.55
2014-07-06,2992177.47,2950653.66,41523.81,1.39,6,1,7,187,23161.0,17499.0,106661.0,0.00453,195.0,referral,5744663.91,6490473.79
2014-07-07,3321041.63,3237780.91,83260.72,2.51,0,0,7,188,23149.0,17267.0,116966.0,0.00331,221.1,social_media,4938986.37,6424784.36
2014-07-08,4389991.98,4344681.53,45310.45,1.03,1,0,7,189,25383.0,19953.0,98382.0,0.00472,177.4,organic_search,4160935.84,6382034.78
2014-07-09,5089459.45,5002533.36,86926.09,1.71,2,0,7,190,21166.0,17277.0,101109.0,0.00566,105.3,email_campaign,3739820.85,6360158.87
2014-07-10,5277348.24,5193788.09,83560.15,1.58,3,0,7,191,24785.0,18490.0,130982.0,0.00371,307.0,organic_search,3550995.43,6263532.76
2014-07-11,3680744.54,3649066.92,31677.62,0.86,4,0,7,192,23966.0,18867.0,81909.0,0.00462,157.6,paid_search,3856910.04,6159054.61
2014-07-12,3635150.5,3488161.59,146988.91,4.04,5,1,7,193,23198.0,18905.0,106668.0,0.00408,259.5,social_media,4055130.54,6073610.65
2014-07-13,4538183.38,4461396.49,76786.89,1.69,6,1,7,194,21016.0,15177.0,112942.0,0.0047,151.6,paid_search,4275988.53,6031271.41
2014-07-14,4180514.48,4093927.18,86587.3,2.07,0,0,7,195,22862.0,18719.0,90583.0,0.00513,177.7,social_media,4398770.37,5965310.21
2014-07-15,4729914.86,4685468.3,44446.56,0.94,1,0,7,196,23206.0,18797.0,74689.0,0.00397,160.4,paid_search,4447330.78,5914574.42
2014-07-16,5725200.44,5688906.29,36294.15,0.63,2,0,7,197,25448.0,19172.0,86877.0,0.00525,245.5,direct,4538150.92,5855192.12
2014-07-17,5475110.93,5378778.65,96332.28,1.76,3,0,7,198,24173.0,17451.0,106949.0,0.00525,242.9,paid_search,4566402.73,5771500.03
2014-07-18,4518235.32,4447047.74,71187.58,1.58,4,0,7,199,22467.0,16175.0,105153.0,0.00531,187.4,paid_search,4686044.27,5691169.89
2014-07-19,4203668.56,3770693.84,432974.72,10.3,5,1,7,200,19637.0,14226.0,102829.0,0.00342,143.6,organic_search,4767261.14,5659278.79
2014-07-20,4322625.55,3600969.69,721655.86,16.69,6,1,7,201,23071.0,16745.0,125329.0,0.00402,303.3,direct,4736467.16,5612467.79
2014-07-21,4796649.21,3768111.9,1028537.31,21.44,0,0,7,202,23563.0,16839.0,117759.0,0.00444,196.9,paid_search,4824486.41,5587860.4
2014-07-22,6208113.76,5011530.91,1196582.85,19.27,1,0,7,203,20852.0,16050.0,98954.0,0.00471,221.2,organic_search,5035657.68,5565762.73
2014-07-23,7566031.17,5950276.5,1615754.67,21.36,2,0,7,204,20563.0,16788.0,99371.0,0.00354,307.5,referral,5298633.5,5567267.15
2014-07-24,5905615.09,4674430.56,1231184.53,20.85,3,0,7,205,20142.0,15456.0,101375.0,0.00439,170.9,email_campaign,5360134.09,5486829.27
2014-07-25,4437108.92,3571085.86,866023.06,19.52,4,0,7,206,23097.0,18708.0,79029.0,0.00495,205.3,social_media,5348544.61,5385914.21
2014-07-26,4875867.56,3838617.04,1037250.52,21.27,5,1,7,207,24247.0,19552.0,103070.0,0.00472,135.3,social_media,5444573.04,5366259.83
2014-07-27,4695097.96,3728682.43,966415.53,20.58,6,1,7,208,21988.0,16247.0,95568.0,0.0057,125.4,paid_search,5497783.38,5315585.02
2014-07-28,5659848.32,4577648.87,1082199.45,19.12,0,0,7,209,22670.0,15945.0,97809.0,0.00477,130.8,organic_search,5621097.54,5280380.32
2014-07-29,8325936.32,6673852.31,1652084.01,19.84,1,0,7,210,18711.0,13949.0,72733.0,0.00386,211.0,social_media,5923643.62,5192336.85
2014-07-30,9849002.97,7950504.57,1898498.4,19.28,2,0,7,211,24281.0,17908.0,81246.0,0.00444,184.7,referral,6249782.45,5221944.14
2014-07-31,12499623.55,10113088.37,2386535.18,19.09,3,0,7,212,19708.0,14084.0,101207.0,0.00427,211.4,paid_search,7191783.66,5310720.07
2014-08-01,10268362.3,8266400.63,2001961.67,19.5,4,0,8,213,24466.0,19362.0,115362.0,0.00331,296.9,social_media,8024819.85,5385090.0
2014-08-02,9437585.35,7486465.1,1951120.25,20.67,5,1,8,214,24590.0,19673.0,104410.0,0.00389,301.5,organic_search,8676493.82,5479705.3
2014-08-03,8311634.97,6613684.99,1697949.98,20.43,6,1,8,215,27896.0,22287.0,129445.0,0.00523,314.0,organic_search,9193141.97,5705448.39
2014-08-04,7920532.02,6253439.86,1667092.16,21.05,0,0,8,216,25170.0,19950.0,101848.0,0.004,107.4,paid_search,9516096.78,5894545.89
2014-08-05,4783590.74,3865614.98,917975.76,19.19,1,0,8,217,25018.0,19903.0,86055.0,0.00353,213.4,paid_search,9010047.41,5954259.67
2014-08-06,5768372.14,4433911.0,1334461.14,23.13,2,0,8,218,23442.0,17709.0,121906.0,0.00531,236.5,email_campaign,8427100.15,6035837.35
2014-08-07,4368310.48,3451434.03,916876.45,20.99,3,0,8,219,23454.0,18090.0,102654.0,0.00332,110.3,email_campaign,7265484.0,6035114.64
2014-08-08,2772020.29,2220747.24,551273.05,19.89,4,0,8,220,23334.0,18245.0,121130.0,0.0056,124.5,paid_search,6194578.0,5957866.66
2014-08-09,3001539.63,2354553.12,646986.51,21.56,5,1,8,221,25341.0,20285.0,126650.0,0.00446,137.0,referral,5275142.9,5882006.38
2014-08-10,3823485.27,3003127.77,820357.5,21.46,6,1,8,222,29231.0,23328.0,140174.0,0.00364,161.8,referral,4633978.65,5886764.4
2014-08-11,4332284.65,3523421.42,808863.23,18.67,0,0,8,223,23585.0,17452.0,106386.0,0.00575,210.6,referral,4121371.89,5910002.21
2014-08-12,4968367.41,3950793.43,1017573.98,20.48,1,0,8,224,26756.0,19620.0,99842.0,0.00352,277.9,social_media,4147768.55,5924341.67
2014-08-13,5893608.69,4708354.21,1185254.48,20.11,2,0,8,225,27052.0,21739.0,105616.0,0.00388,105.1,email_campaign,4165659.49,5981444.81
2014-08-14,5049141.59,3986642.15,1062499.44,21.04,3,0,8,226,24462.0,18052.0,95230.0,0.00415,285.7,email_campaign,4262921.08,5992085.71
2014-08-15,4964547.64,3886890.99,1077656.65,21.71,4,0,8,227,26593.0,20242.0,111317.0,0.00384,291.0,direct,4576139.27,5966730.61
2014-08-16,4183136.08,3312917.75,870218.33,20.8,5,1,8,228,23490.0,18504.0,108705.0,0.00548,204.7,organic_search,4744938.76,5923664.78
2014-08-17,4553293.21,3569236.73,984056.48,21.61,6,1,8,229,27595.0,19440.0,123897.0,0.00559,204.5,referral,4849197.04,5924833.38
2014-08-18,3852897.93,3032853.62,820044.31,21.28,0,0,8,230,24284.0,18786.0,92056.0,0.00337,305.5,organic_search,4780713.22,5913141.03
2014-08-19,5491853.95,4329773.16,1162080.79,21.16,1,0,8,231,27530.0,20093.0,130665.0,0.00487,102.7,social_media,4855497.01,5952115.31
2014-08-20,6252896.94,5003338.92,1249558.02,19.98,2,0,8,232,26262.0,21171.0,141919.0,0.00575,116.0,organic_search,4906823.91,6000656.9
2014-08-21,5420386.94,4272987.79,1147399.15,21.17,3,0,8,233,24400.0,18452.0,124494.0,0.00568,150.4,social_media,4959858.96,5974399.34
2014-08-22,3980335.94,3221586.25,758749.69,19.06,4,0,8,234,27609.0,20885.0,122171.0,0.00566,158.8,organic_search,4819257.28,5854876.16
2014-08-23,3604919.44,2824202.4,780717.04,21.66,5,1,8,235,20691.0,14501.0,70328.0,0.00408,305.5,direct,4736654.91,5778186.31
2014-08-24,3975022.95,3208598.81,766424.14,19.28,6,1,8,236,24220.0,16963.0,109986.0,0.0038,314.2,paid_search,4654044.87,5762783.44
2014-08-25,4982068.72,3931111.8,1050956.92,21.09,0,0,8,237,22239.0,17722.0,121773.0,0.00336,281.4,organic_search,4815354.98,5766323.48
2014-08-26,5315751.01,4151656.84,1164094.17,21.9,1,0,8,238,26573.0,21345.0,139315.0,0.00468,191.5,organic_search,4790197.42,5787011.91
2014-08-27,7880420.55,6267001.76,1613418.79,20.47,2,0,8,239,24745.0,19165.0,121324.0,0.00429,299.7,organic_search,5022700.79,5861030.99
2014-08-28,13900846.53,11188888.43,2711958.1,19.51,3,0,8,240,24844.0,17570.0,112442.0,0.00358,299.5,organic_search,6234195.02,6046861.33
2014-08-29,12683009.27,10136587.4,2546421.87,20.08,4,0,8,241,21406.0,16216.0,91997.0,0.00432,268.7,paid_search,7477434.07,6141328.21
2014-08-30,11574198.37,9088009.4,2486188.97,21.48,5,1,8,242,24035.0,19477.0,110772.0,0.00341,115.1,paid_search,8615902.49,6110480.7
2014-08-31,11951398.65,9415326.58,2536072.07,21.22,6,1,8,243,26386.0,21171.0,93476.0,0.00378,172.1,organic_search,9755384.73,6166581.91
2014-09-01,10306541.25,8432677.93,1873863.32,18.18,0,0,9,244,15632.0,12444.0,65725.0,0.0054,298.5,social_media,10516023.66,6195547.11
2014-09-02,1980913.22,1699049.31,281863.91,14.23,1,0,9,245,17927.0,14108.0,89498.0,0.00343,121.2,social_media,10039618.26,5984523.05
2014-09-03,2013419.84,1783705.47,229714.37,11.41,2,0,9,246,18132.0,12780.0,84311.0,0.00487,182.8,social_media,9201475.3,5787619.31
2014-09-04,2079554.62,1858190.69,221363.93,10.64,3,0,9,247,18744.0,14326.0,80286.0,0.0034,138.5,paid_search,7512719.32,5697484.77
2014-09-05,3009749.32,2650108.54,359640.78,11.95,4,0,9,248,16761.0,12802.0,82021.0,0.00432,213.2,paid_search,6130825.04,5605530.68
2014-09-06,2651615.67,2379303.77,272311.9,10.27,5,1,9,249,16392.0,12341.0,61013.0,0.00348,252.6,organic_search,4856170.37,5548307.52
2014-09-07,3257294.39,2733813.81,523480.58,16.07,6,1,9,250,16882.0,11861.0,62446.0,0.00509,178.8,paid_search,3614155.47,5564483.32
2014-09-08,3789247.34,3234658.91,554588.43,14.64,0,0,9,251,19692.0,14268.0,82611.0,0.00414,100.4,email_campaign,2683113.49,5590740.25
2014-09-09,3050893.58,2636295.62,414597.96,13.59,1,0,9,252,17866.0,13307.0,93827.0,0.00571,186.8,organic_search,2835967.82,5564987.19
2014-09-10,2734213.18,2344334.17,389879.01,14.26,2,0,9,253,17022.0,12401.0,68700.0,0.00529,102.6,paid_search,2938938.3,5511718.14
2014-09-11,3603376.76,3063452.95,539923.81,14.98,3,0,9,254,20363.0,16145.0,73927.0,0.00481,228.6,paid_search,3156627.18,5466218.45
2014-09-12,3387921.49,2941397.85,446523.64,13.18,4,0,9,255,18930.0,14320.0,68622.0,0.00522,168.6,paid_search,3210651.77,5382695.55
2014-09-13,4488375.88,3882301.0,606074.88,13.5,5,1,9,256,16596.0,12438.0,69578.0,0.00573,144.4,email_campaign,3473046.09,5364003.36
2014-09-14,4664595.04,4241668.09,422926.95,9.07,6,1,9,257,18068.0,14667.0,86883.0,0.00417,218.9,paid_search,3674089.04,5354004.94
2014-09-15,3434401.74,2989155.15,445246.59,12.96,0,0,9,258,19576.0,15904.0,77829.0,0.00568,104.3,social_media,3623396.81,5329047.12
2014-09-16,3499018.93,3094674.95,404343.98,11.56,1,0,9,259,17833.0,13068.0,89080.0,0.00494,303.2,social_media,3687414.72,5293904.65
2014-09-17,2159581.94,1891350.86,268231.08,12.42,2,0,9,260,19329.0,15498.0,74137.0,0.0056,286.4,direct,3605324.54,5237460.78
2014-09-18,3245614.46,2827312.43,418302.03,12.89,3,0,9,261,16909.0,12993.0,86844.0,0.00558,157.6,direct,3554215.64,5162586.13
2014-09-19,3152106.06,2800614.8,351491.26,11.15,4,0,9,262,17146.0,12184.0,80820.0,0.0058,299.5,organic_search,3520527.72,5059226.44
2014-09-20,3934660.56,3508771.25,425889.31,10.82,5,1,9,263,18727.0,13698.0,92596.0,0.00536,197.7,organic_search,3441425.53,5009702.22
2014-09-21,4973677.98,4472971.42,500706.56,10.07,6,1,9,264,20058.0,16359.0,105471.0,0.00371,272.6,organic_search,3485580.24,5042813.62
2014-09-22,4691002.44,4096769.99,594232.45,12.67,0,0,9,265,18738.0,14953.0,90705.0,0.00462,232.2,direct,3665094.62,5079016.39
2014-09-23,3267077.04,2950868.62,316208.42,9.68,1,0,9,266,16222.0,11492.0,84429.0,0.00346,233.4,social_media,3631960.07,5055418.19
2014-09-24,3651189.03,3193891.83,457297.2,12.52,2,0,9,267,20395.0,14373.0,70771.0,0.00426,247.9,referral,3845046.8,5011055.54
2014-09-25,3991936.34,3513164.66,478771.68,11.99,3,0,9,268,16861.0,12170.0,58732.0,0.00516,255.7,paid_search,3951664.21,4966928.38
2014-09-26,4802241.84,4364819.46,437422.38,9.11,4,0,9,269,16789.0,12429.0,81845.0,0.00347,233.0,organic_search,4187397.89,4864322.43
2014-09-27,5922266.1,5104748.73,817517.37,13.8,5,1,9,270,17582.0,13905.0,90452.0,0.00358,306.2,email_campaign,4471341.54,4598369.74
2014-09-28,6894981.49,6104020.61,790960.88,11.47,6,1,9,271,16535.0,13449.0,72467.0,0.0037,242.5,organic_search,4745813.47,4405435.49
2014-09-29,6358369.55,5385912.36,972457.19,15.29,0,0,9,272,18334.0,14785.0,75135.0,0.00411,136.3,referral,4984008.77,4231574.52
2014-09-30,5625701.93,4992117.65,633584.28,11.26,1,0,9,273,18116.0,14166.0,65756.0,0.0037,240.4,social_media,5320955.18,4020717.97
2014-10-01,4131059.59,3367707.8,763351.79,18.48,2,0,10,274,13714.0,11107.0,47236.0,0.00575,315.2,direct,5389508.12,3814868.58
2014-10-02,2166020.29,1638411.83,527608.46,24.36,3,0,10,275,14951.0,11807.0,64104.0,0.0034,291.3,organic_search,5128662.97,3821038.81
2014-10-03,2713373.58,2209685.83,503687.75,18.56,4,0,10,276,14457.0,10862.0,65675.0,0.00361,185.0,email_campaign,4830253.22,3844370.61
2014-10-04,3061013.56,2383424.37,677589.19,22.14,5,1,10,277,17077.0,12974.0,80251.0,0.00334,105.4,organic_search,4421502.86,3877085.9
2014-10-05,3514973.01,2703049.67,811923.34,23.1,6,1,10,278,15183.0,11554.0,55577.0,0.00421,280.6,social_media,3938644.5,3893926.69
2014-10-06,4584954.57,3714150.0,870804.57,18.99,0,0,10,279,12954.0,10312.0,70101.0,0.00397,298.2,referral,3685299.5,3958371.32
2014-10-07,3826571.36,3029706.85,796864.51,20.82,1,0,10,280,17560.0,12448.0,82066.0,0.00479,144.3,organic_search,3428280.85,3977347.22
2014-10-08,3298742.48,2595357.42,703385.06,21.32,2,0,10,281,15104.0,11381.0,75821.0,0.0052,111.5,direct,3309378.41,3960997.06
2014-10-09,2480246.09,1949299.28,530946.81,21.41,3,0,10,282,14880.0,12129.0,63532.0,0.00422,176.9,organic_search,3354267.81,3941975.48
2014-10-10,3324677.65,2616526.38,708151.27,21.3,4,0,10,283,13932.0,10677.0,45811.0,0.00478,185.8,paid_search,3441596.96,3961657.63
2014-10-11,3249272.4,2455378.82,793893.58,24.43,5,1,10,284,15700.0,12404.0,51310.0,0.00387,192.9,referral,3468491.08,3949854.15
2014-10-12,3964814.61,3263898.52,700916.09,17.68,6,1,10,285,13762.0,10895.0,57265.0,0.00372,230.1,paid_search,3532754.17,3969083.92
2014-10-13,5257692.13,4155288.51,1102403.62,20.97,0,0,10,286,15576.0,11706.0,80230.0,0.00343,158.6,direct,3628859.53,3994727.79
2014-10-14,5353820.23,4242284.88,1111535.35,20.76,1,0,10,287,12392.0,8920.0,40016.0,0.00346,229.7,social_media,3847037.94,4017701.97
2014-10-15,3174858.73,2517101.9,657756.83,20.72,2,0,10,288,14941.0,11279.0,74168.0,0.0053,228.4,social_media,3829340.26,4009050.53
2014-10-16,3035433.21,2343522.12,691911.09,22.79,3,0,10,289,16025.0,12454.0,81588.0,0.00383,272.8,social_media,3908652.71,3993597.68
2014-10-17,3041887.24,2405340.07,636547.17,20.93,4,0,10,290,12793.0,9282.0,56849.0,0.00388,234.7,paid_search,3868254.08,4023007.85
2014-10-18,3295901.64,2641429.14,654472.5,19.86,5,1,10,291,15622.0,11140.0,65864.0,0.00329,159.3,organic_search,3874915.4,4024684.09
2014-10-19,3906454.96,3097527.04,808927.92,20.71,6,1,10,292,14950.0,11746.0,62246.0,0.00541,155.0,organic_search,3866578.31,4049829.05
2014-10-20,4406719.83,3563304.85,843414.98,19.14,0,0,10,293,14868.0,12106.0,79044.0,0.00487,210.9,paid_search,3745010.83,4065564.36
2014-10-21,4158469.93,3334418.16,824051.77,19.82,1,0,10,294,15123.0,11498.0,74369.0,0.00499,276.3,organic_search,3574246.51,4038390.76
2014-10-22,3185076.38,2622321.88,562754.5,17.67,2,0,10,295,15703.0,12727.0,57449.0,0.00516,278.5,direct,3575706.17,3988193.23
2014-10-23,3397945.31,2701811.9,696133.41,20.49,3,0,10,296,14961.0,11645.0,61683.0,0.00507,311.8,paid_search,3627493.61,3992555.5
2014-10-24,2910624.78,2393219.16,517405.62,17.78,4,0,10,297,14037.0,11129.0,57829.0,0.00562,272.2,organic_search,3608741.83,3967870.03
2014-10-25,3710088.5,3052761.25,657327.25,17.72,5,1,10,298,14637.0,11786.0,73636.0,0.00429,137.4,social_media,3667911.38,3958475.1
2014-10-26,3332635.64,2620840.72,711794.92,21.36,6,1,10,299,13360.0,9804.0,50893.0,0.00427,177.6,paid_search,3585937.2,3909488.23
2014-10-27,5247620.14,4151809.58,1095810.56,20.88,0,0,10,300,15039.0,11386.0,50863.0,0.00437,191.4,social_media,3706065.81,3887000.03
2014-10-28,6122484.1,4933576.08,1188908.02,19.42,1,0,10,301,14021.0,10144.0,72386.0,0.00396,209.1,paid_search,3986639.26,3861250.11
2014-10-29,6191276.35,4949513.22,1241763.13,20.06,2,0,10,302,15156.0,11304.0,81976.0,0.00445,286.2,social_media,4416096.4,3855680.34
2014-10-30,6250389.79,4894988.48,1355401.31,21.69,3,0,10,303,11932.0,8733.0,43393.0,0.00367,249.9,organic_search,4823588.47,3876503.27
2014-10-31,4687679.79,3734196.88,953482.91,20.34,4,0,10,304,12268.0,9791.0,56527.0,0.00458,291.0,email_campaign,5077453.47,3895057.28
2014-11-01,4474322.51,3463929.06,1010393.45,22.58,5,1,11,305,12350.0,9430.0,59845.0,0.00396,132.8,social_media,5186629.76,3972000.68
2014-11-02,3503909.61,2759213.27,744696.34,21.25,6,1,11,306,9858.0,7662.0,48176.0,0.00479,213.1,direct,5211097.47,3998351.88
2014-11-03,2511155.37,1925980.79,585174.58,23.3,0,0,11,307,9271.0,7343.0,50990.0,0.00336,281.7,organic_search,4820173.93,3980023.28
2014-11-04,1758772.81,1413005.18,345767.63,19.66,1,0,11,308,12479.0,9521.0,50077.0,0.00322,230.8,organic_search,4196786.6,3921483.27
2014-11-05,2080412.08,1649512.63,430899.45,20.71,2,0,11,309,11136.0,8963.0,40264.0,0.00375,210.1,organic_search,3609520.28,3837998.52
2014-11-06,2338580.92,1815525.82,523055.1,22.37,3,0,11,310,13338.0,9880.0,51475.0,0.00413,243.3,organic_search,3050690.44,3788398.84
2014-11-07,2391118.65,1914802.56,476316.09,19.92,4,0,11,311,10458.0,7811.0,57426.0,0.00483,207.9,social_media,2722610.28,3758144.71
2014-11-08,2603594.99,2058134.47,545460.52,20.95,5,1,11,312,11955.0,8407.0,42948.0,0.00325,238.1,organic_search,2455363.49,3762256.34
2014-11-09,3896973.5,2948324.76,948648.74,24.34,6,1,11,313,11303.0,8853.0,41316.0,0.00463,292.5,email_campaign,2511515.47,3781332.87
2014-11-10,3578790.21,2955883.0,622907.21,17.41,0,0,11,314,11746.0,8557.0,42791.0,0.00432,231.7,organic_search,2664034.74,3792316.8
2014-11-11,3265211.84,2544268.23,720943.61,22.08,1,0,11,315,13374.0,10001.0,45285.0,0.00382,293.5,paid_search,2879240.31,3768996.71
2014-11-12,2687977.35,2131053.41,556923.94,20.72,2,0,11,316,12915.0,9215.0,50492.0,0.00363,302.8,paid_search,2966035.35,3683339.55
2014-11-13,3661668.42,2973473.14,688195.28,18.79,3,0,11,317,12214.0,9340.0,58391.0,0.00326,266.7,social_media,3155047.85,3626934.49
2014-11-14,4104922.66,3206387.48,898535.18,21.89,4,0,11,318,12350.0,9904.0,50649.0,0.00385,278.6,email_campaign,3399877.0,3657936.62
2014-11-15,3332537.35,2666922.09,665615.26,19.97,5,1,11,319,14001.0,10578.0,46627.0,0.00481,220.0,organic_search,3504011.62,3667840.09
2014-11-16,3926705.12,3165100.53,761604.59,19.4,6,1,11,320,12751.0,9058.0,42064.0,0.00576,110.9,paid_search,3508258.99,3697334.02
2014-11-17,3901928.25,3135379.39,766548.86,19.65,0,0,11,321,13636.0,10191.0,74385.0,0.00494,259.3,paid_search,3554421.57,3717534.9
2014-11-18,2299920.21,1777742.22,522177.99,22.7,1,0,11,322,11650.0,9470.0,39351.0,0.00554,283.4,paid_search,3416522.77,3663983.75
2014-11-19,2365334.24,2037392.28,327941.96,13.86,2,0,11,323,14539.0,11513.0,63846.0,0.00519,224.9,paid_search,3370430.89,3595937.56
2014-11-20,2712056.74,2364468.06,347588.68,12.82,3,0,11,324,11778.0,9547.0,62074.0,0.00334,126.5,paid_search,3234772.08,3547723.79
2014-11-21,2642726.69,2469983.77,172742.92,6.54,4,0,11,325,14690.0,10969.0,49729.0,0.00563,133.5,organic_search,3025886.94,3529645.46
2014-11-22,2355839.63,2373102.5,-17262.87,-0.73,5,1,11,326,11106.0,8861.0,43498.0,0.004,192.6,organic_search,2886358.7,3494908.61
2014-11-23,2702782.41,2732923.6,-30141.19,-1.12,6,1,11,327,11209.0,8434.0,45394.0,0.00378,172.4,email_campaign,2711512.6,3487980.53
2014-11-24,2994851.12,2989623.83,5227.29,0.17,0,0,11,328,11794.0,9133.0,54219.0,0.00471,189.7,organic_search,2581930.15,3464139.28
2014-11-25,1951300.95,1961306.08,-10005.13,-0.51,1,0,11,329,13405.0,10873.0,69008.0,0.00448,215.9,organic_search,2532127.4,3418094.79
2014-11-26,3005133.94,3070985.43,-65851.49,-2.19,2,0,11,330,13829.0,10685.0,63366.0,0.00372,156.6,social_media,2623527.35,3343345.25
2014-11-27,4582936.62,4552287.3,30649.32,0.67,3,0,11,331,11438.0,8649.0,52208.0,0.00434,210.8,social_media,2890795.91,3292027.0
2014-11-28,3803816.23,3776489.22,27327.01,0.72,4,0,11,332,11931.0,8377.0,47295.0,0.00552,181.5,paid_search,3056665.84,3212445.0
2014-11-29,3693923.36,3714680.69,-20757.33,-0.56,5,1,11,333,13244.0,10019.0,49923.0,0.00377,276.7,referral,3247820.66,3127229.45
2014-11-30,4164373.0,4139199.1,25173.9,0.6,6,1,11,334,12733.0,9914.0,61026.0,0.00361,101.6,paid_search,3456619.32,3109785.89
2014-12-01,3293606.72,3371041.49,-77434.77,-2.35,0,0,12,335,13705.0,9764.0,53255.0,0.00551,183.5,paid_search,3499298.69,3070428.7
2014-12-02,1913468.28,1934027.84,-20559.56,-1.07,1,0,12,336,13930.0,10971.0,54294.0,0.00352,185.6,social_media,3493894.02,3017413.99
2014-12-03,1725054.96,1639460.56,85594.4,4.96,2,0,12,337,12384.0,9270.0,45118.0,0.00542,261.1,social_media,3311025.6,2991210.64
2014-12-04,1490172.71,1377244.92,112927.79,7.58,3,0,12,338,14206.0,10153.0,52846.0,0.00575,255.7,organic_search,2869202.18,2982257.3
2014-12-05,1855814.16,1814623.65,41190.51,2.22,4,0,12,339,13501.0,10608.0,49671.0,0.00404,232.4,social_media,2590916.17,2974770.71
2014-12-06,2498471.96,2457252.11,41219.85,1.65,5,1,12,340,12995.0,9605.0,70307.0,0.00507,282.3,social_media,2420137.4,2980100.41
2014-12-07,2209128.82,2214964.0,-5835.18,-0.26,6,1,12,341,14178.0,10013.0,75929.0,0.0033,151.4,direct,2140816.8,2974034.08
2014-12-08,3029845.63,2938276.72,91568.91,3.02,0,0,12,342,10946.0,7808.0,41963.0,0.00535,165.9,referral,2103136.65,2988242.44
2014-12-09,3265900.4,3069037.78,196862.62,6.03,1,0,12,343,15116.0,10581.0,61132.0,0.00449,174.4,referral,2296341.23,2967206.67
2014-12-10,2659858.85,2559688.79,100170.06,3.77,2,0,12,344,13155.0,10761.0,69185.0,0.0043,151.1,direct,2429884.65,2936575.62
2014-12-11,2499031.03,2479880.93,19150.1,0.77,3,0,12,345,12828.0,10374.0,62511.0,0.00451,220.4,paid_search,2574007.26,2911036.26
2014-12-12,2451281.84,2348048.7,103233.14,4.21,4,0,12,346,14397.0,10681.0,55748.0,0.00423,137.5,organic_search,2659074.08,2903146.41
2014-12-13,2618181.33,2655502.75,-37321.42,-1.43,5,1,12,347,15411.0,12030.0,59202.0,0.00537,148.9,organic_search,2676175.41,2868363.51
2014-12-14,2868448.18,2822169.24,46278.94,1.61,6,1,12,348,12133.0,9704.0,55972.0,0.00489,263.5,paid_search,2770363.89,2827147.69
2014-12-15,3675108.42,3622573.69,52534.73,1.43,0,0,12,349,14071.0,10058.0,67194.0,0.00573,276.5,direct,2862544.29,2838566.73
2014-12-16,3587166.39,3452397.12,134769.27,3.76,1,0,12,350,14337.0,11208.0,71824.0,0.00348,121.8,referral,2908439.43,2827248.77
2014-12-17,2950563.8,2911687.56,38876.24,1.32,2,0,12,351,13526.0,9659.0,48171.0,0.00375,239.8,organic_search,2949968.71,2795536.62
2014-12-18,2684991.91,2614938.98,70052.93,2.61,3,0,12,352,13579.0,10491.0,45698.0,0.00414,226.5,referral,2976534.55,2808372.34
2014-12-19,3424258.6,3465424.79,-41166.19,-1.2,4,0,12,353,12495.0,9094.0,55293.0,0.00327,291.5,organic_search,3115531.23,2843669.82
2014-12-20,3898670.99,3764085.99,134585.0,3.45,5,1,12,354,12762.0,9406.0,55784.0,0.00455,277.7,social_media,3298458.33,2883223.63
2014-12-21,4372128.59,4286124.01,86004.58,1.97,6,1,12,355,11970.0,8637.0,45192.0,0.00437,245.3,organic_search,3513269.81,2940870.36
2014-12-22,3430574.36,3435107.36,-4533.0,-0.13,0,0,12,356,13175.0,10041.0,61750.0,0.00521,258.2,organic_search,3478336.38,2976694.85
2014-12-23,2791569.02,2665014.26,126554.76,4.53,1,0,12,357,16728.0,12230.0,72737.0,0.0034,304.6,paid_search,3364679.61,2979654.41
2014-12-24,2610156.84,2591612.44,18544.4,0.71,2,0,12,358,15005.0,11921.0,78947.0,0.00327,158.5,direct,3316050.04,2966831.26
2014-12-25,2573745.23,2584515.85,-10770.62,-0.42,3,0,12,359,14984.0,11307.0,62313.0,0.00371,220.9,organic_search,3300157.66,2987579.41
2014-12-26,2922497.3,2877653.62,44843.68,1.53,4,0,12,360,12836.0,10452.0,50229.0,0.00339,307.3,organic_search,3228477.48,2984824.85
2014-12-27,3575283.76,3538078.72,37205.04,1.04,5,1,12,361,12176.0,9846.0,39355.0,0.00378,304.0,organic_search,3182279.3,2951236.42
2014-12-28,8484445.21,8405135.96,79309.25,0.93,6,1,12,362,14412.0,11054.0,78580.0,0.00438,227.0,organic_search,3769753.1,3107257.39
2014-12-29,7063840.79,6908131.26,155709.53,2.2,0,0,12,363,14420.0,11734.0,47763.0,0.00487,167.0,organic_search,4288791.16,3219587.97
2014-12-30,5708142.92,5488862.89,219280.03,3.84,1,0,12,364,14751.0,11393.0,55478.0,0.00538,210.6,social_media,4705444.58,3271046.97
2014-12-31,5625288.94,5528179.38,97109.56,1.73,2,0,12,365,14154.0,10690.0,63205.0,0.00468,242.0,paid_search,5136177.74,3348769.71
2015-01-01,4576460.18,4315048.16,261412.02,5.71,3,0,1,1,11938.0,9703.0,49079.0,0.00418,304.3,paid_search,5422279.87,3437536.1
2015-01-02,1625420.31,1281805.11,343615.2,21.14,4,0,1,2,12631.0,8889.0,62686.0,0.00425,312.3,email_campaign,5236983.16,3434214.95
2015-01-03,1176312.94,876576.96,299735.98,25.48,5,1,1,3,11528.0,8833.0,40725.0,0.00383,249.4,organic_search,4894273.04,3423752.96
2015-01-04,2651400.23,2169221.09,482179.14,18.19,6,1,1,4,10546.0,7828.0,51512.0,0.00559,193.2,organic_search,4060980.9,3450272.49
2015-01-05,2457539.39,1930809.0,526730.39,21.43,0,0,1,5,11328.0,9200.0,48905.0,0.00357,201.0,social_media,3402937.84,3448908.07
2015-01-06,1621284.62,1301383.65,319900.97,19.73,1,0,1,6,9268.0,7471.0,38649.0,0.0051,318.3,email_campaign,2819100.94,3429313.27
2015-01-07,1981408.07,1560596.56,420811.51,21.24,2,0,1,7,10147.0,7857.0,33888.0,0.00572,121.9,social_media,2298546.53,3394365.35
2015-01-08,1318438.15,1057739.56,260698.59,19.77,3,0,1,8,8997.0,6847.0,34451.0,0.00358,198.5,social_media,1833114.82,3329449.94
2015-01-09,2144901.8,1679915.91,464985.89,21.68,4,0,1,9,12849.0,10119.0,58922.0,0.00477,190.4,referral,1907326.46,3312284.7
2015-01-10,1830727.22,1385986.39,444740.83,24.29,5,1,1,10,11873.0,8645.0,64601.0,0.00342,134.3,organic_search,2000814.21,3290007.91
2015-01-11,3254430.17,2604455.39,649974.78,19.97,6,1,1,11,11735.0,8824.0,58810.0,0.0037,224.1,organic_search,2086961.35,3316779.52
2015-01-12,2427966.79,1902989.93,524976.86,21.62,0,0,1,12,12986.0,10533.0,59184.0,0.00366,234.2,referral,2082736.69,3310439.04
2015-01-13,2138729.21,1742327.89,396401.32,18.53,1,0,1,13,11908.0,9263.0,38118.0,0.00429,317.1,referral,2156657.34,3286115.07
2015-01-14,2835456.9,2191456.13,644000.77,22.71,2,0,1,14,12735.0,9340.0,50389.0,0.00507,243.2,email_campaign,2278664.32,3258126.69
2015-01-15,2047933.05,1631831.77,416101.28,20.32,3,0,1,15,12630.0,9430.0,45764.0,0.00348,202.1,social_media,2382877.88,3206818.91
2015-01-16,2569213.44,2030636.7,538576.74,20.96,4,0,1,16,11982.0,8884.0,42069.0,0.00554,294.7,organic_search,2443493.83,3194107.23
2015-01-17,2588700.22,2035239.72,553460.5,21.38,5,1,1,17,10268.0,7696.0,50373.0,0.00496,208.1,organic_search,2551775.68,3190897.51
2015-01-18,3021302.7,2433685.6,587617.1,19.45,6,1,1,18,10164.0,7618.0,54711.0,0.00522,305.3,organic_search,2518471.76,3177465.64
2015-01-19,2851705.68,2258471.9,593233.78,20.8,0,0,1,19,11734.0,8493.0,49230.0,0.00516,111.5,email_campaign,2579005.89,3142566.8
2015-01-20,2455411.13,1957537.38,497873.75,20.28,1,0,1,20,10857.0,8425.0,50716.0,0.00514,241.8,paid_search,2624246.16,3078676.22
2015-01-21,2603856.87,2019373.54,584483.33,22.45,2,0,1,21,11368.0,8795.0,37330.0,0.00558,135.7,paid_search,2591160.44,3051118.97
2015-01-22,2683523.21,2190572.01,492951.2,18.37,3,0,1,22,12159.0,9424.0,53924.0,0.00383,256.3,referral,2681959.04,3047517.44
2015-01-23,2703262.73,2149537.87,553724.86,20.48,4,0,1,23,13034.0,10656.0,62656.0,0.00508,238.1,organic_search,2701108.93,3050620.97
2015-01-24,4004609.82,3181968.24,822641.58,20.54,5,1,1,24,12673.0,9972.0,52366.0,0.00449,176.6,organic_search,2903381.73,3098316.46
2015-01-25,4665645.74,3747345.78,918299.96,19.68,6,1,1,25,10995.0,8907.0,48943.0,0.00551,294.0,organic_search,3138287.88,3156421.41
2015-01-26,4084367.08,3209020.3,875346.78,21.43,0,0,1,26,12273.0,9523.0,52623.0,0.00366,301.7,referral,3314382.37,3173390.85
2015-01-27,3116141.82,2455632.77,660509.05,21.2,1,0,1,27,12089.0,9078.0,39559.0,0.00398,187.2,organic_search,3408772.47,2994447.4
2015-01-28,4612174.41,3603868.33,1008306.08,21.86,2,0,1,28,12441.0,9685.0,50069.0,0.00544,133.2,email_campaign,3695674.97,2912725.19
2015-01-29,5300109.93,4295752.25,1004357.68,18.95,3,0,1,29,12264.0,8882.0,42039.0,0.00336,142.5,email_campaign,4069473.08,2899124.09
2015-01-30,4336302.07,3457573.62,878728.45,20.26,4,0,1,30,11133.0,7908.0,44130.0,0.00397,167.1,paid_search,4302764.41,2856157.86
2015-01-31,4195901.17,3269383.7,926517.47,22.08,5,1,1,31,10453.0,7595.0,51485.0,0.00435,123.4,email_campaign,4330091.75,2843472.56
2015-02-01,4977201.37,4063980.38,913220.99,18.35,6,1,2,32,15593.0,11059.0,53441.0,0.0052,224.8,email_campaign,4374599.69,2955198.6
2015-02-02,2901454.29,2325361.53,576092.76,19.86,0,0,2,33,15910.0,13006.0,61981.0,0.00477,116.1,paid_search,4205612.15,3012703.31
2015-02-03,1779457.49,1427675.21,351782.28,19.77,1,0,2,34,15721.0,11891.0,59210.0,0.00342,235.7,organic_search,4014657.25,2983638.55
2015-02-04,2496729.14,2129083.48,367645.66,14.73,2,0,2,35,17552.0,12726.0,92236.0,0.00346,220.5,email_campaign,3712450.78,2984944.88
2015-02-05,2500351.24,2064567.04,435784.2,17.43,3,0,2,36,16196.0,12951.0,75150.0,0.00537,157.7,organic_search,3312485.25,3014247.1
2015-02-06,3457294.9,2699578.13,757716.77,21.92,4,0,2,37,17363.0,13848.0,59004.0,0.00434,286.9,email_campaign,3186912.8,3063443.32
2015-02-07,3570886.94,2952636.69,618250.25,17.31,5,1,2,38,18408.0,14137.0,78214.0,0.00368,301.6,email_campaign,3097625.05,3138524.95
2015-02-08,4197082.23,3455113.24,741968.99,17.68,6,1,2,39,16090.0,12699.0,72582.0,0.00555,308.1,referral,2986179.46,3206930.97
2015-02-09,4490187.64,3675813.84,814373.8,18.14,0,0,2,40,17476.0,12915.0,60213.0,0.00559,106.1,paid_search,3213141.37,3295579.65
2015-02-10,2813867.9,2247526.75,566341.15,20.13,1,0,2,41,18527.0,13995.0,66887.0,0.00461,264.2,organic_search,3360914.28,3280894.24
2015-02-11,3311241.3,2623112.64,688128.66,20.78,2,0,2,42,18408.0,14673.0,81784.0,0.0037,173.2,organic_search,3477273.16,3310336.72
2015-02-12,3468141.29,2797170.91,670970.38,19.35,3,0,2,43,16304.0,13006.0,62018.0,0.00398,216.9,referral,3615528.89,3354650.46
2015-02-13,4164849.99,3458801.88,706048.11,16.95,4,0,2,44,20518.0,15147.0,76117.0,0.0037,237.5,organic_search,3716608.18,3398963.56
2015-02-14,4312422.12,3541992.72,770429.4,17.87,5,1,2,45,13711.0,9875.0,60627.0,0.00396,282.2,direct,3822541.78,3474446.53
2015-02-15,4757224.49,3925128.98,832095.51,17.49,6,1,2,46,17280.0,12439.0,68446.0,0.00426,274.5,organic_search,3902562.1,3547380.23
2015-02-16,4817928.66,3988291.36,829637.3,17.22,0,0,2,47,17693.0,12413.0,89965.0,0.00504,140.8,paid_search,3949382.25,3621687.84
2015-02-17,4293160.67,3537248.79,755911.88,17.61,1,0,2,48,16802.0,12521.0,74388.0,0.00445,139.1,paid_search,4160709.79,3664083.11
2015-02-18,3209407.04,2685036.44,524370.6,16.34,2,0,2,49,16725.0,12085.0,61913.0,0.00367,230.0,social_media,4146162.04,3676006.49
2015-02-19,3793775.02,3109300.19,684474.83,18.04,3,0,2,50,16363.0,12198.0,79512.0,0.0041,130.9,organic_search,4192681.14,3720618.62
2015-02-20,4760336.65,3942085.3,818251.35,17.19,4,0,2,51,18730.0,15092.0,95572.0,0.00454,191.1,direct,4277750.66,3792501.28
2015-02-21,4368539.08,3544819.23,823719.85,18.86,5,1,2,52,15952.0,11280.0,70645.0,0.00499,312.5,organic_search,4285767.37,3848668.47
2015-02-22,5784606.22,4804964.15,979642.07,16.94,6,1,2,53,16431.0,13211.0,79486.0,0.00433,285.9,organic_search,4432536.19,3951379.92
2015-02-23,7360399.98,5966271.62,1394128.36,18.94,0,0,2,54,14463.0,11021.0,50731.0,0.00449,289.8,social_media,4795746.38,4063239.6
2015-02-24,5473140.47,4450268.77,1022871.7,18.69,1,0,2,55,17173.0,13667.0,71689.0,0.00513,142.9,organic_search,4964314.92,4090156.09
2015-02-25,8502202.85,7083827.01,1418375.84,16.68,2,0,2,56,14450.0,11692.0,51345.0,0.00553,135.4,organic_search,5720428.61,4237417.28
2015-02-26,6528340.52,5386905.64,1141434.88,17.48,3,0,2,57,18508.0,15057.0,88646.0,0.00403,254.6,organic_search,6111080.82,4351157.24
2015-02-27,4695415.58,3896449.69,798965.89,17.02,4,0,2,58,14926.0,11229.0,53940.0,0.00545,166.2,social_media,6101806.39,4353931.94
2015-02-28,3896812.17,3287398.94,609413.23,15.64,5,1,2,59,15722.0,11744.0,83724.0,0.00401,253.2,organic_search,6034416.83,4307155.35
2015-03-01,4612623.19,3760240.57,852382.62,18.48,6,1,3,60,21480.0,17584.0,81546.0,0.00414,108.6,paid_search,5866990.68,4316366.05
2015-03-02,1204115.66,996728.16,207387.5,17.22,0,0,3,61,22178.0,17801.0,84529.0,0.00567,164.9,referral,4987521.49,4216639.87
2015-03-03,2971078.12,2450231.82,520846.3,17.53,1,0,3,62,23311.0,16676.0,118505.0,0.00396,302.1,paid_search,4630084.01,4149769.09
2015-03-04,3275231.73,2540097.74,735133.99,22.45,2,0,3,63,20723.0,16144.0,99756.0,0.00434,279.6,social_media,3883373.85,4162228.34
2015-03-05,3623778.02,2818823.69,804954.33,22.21,3,0,3,64,24841.0,19625.0,110043.0,0.00384,254.3,social_media,3468436.35,4223705.69
2015-03-06,4126698.63,3333077.32,793621.31,19.23,4,0,3,65,23903.0,18195.0,115420.0,0.00379,149.3,social_media,3387191.07,4278038.01
2015-03-07,3652751.16,2946148.77,706602.39,19.34,5,1,3,66,20579.0,16101.0,83988.0,0.00384,143.0,social_media,3352325.22,4316451.34
2015-03-08,3679065.16,2903799.07,775266.09,21.07,6,1,3,67,23101.0,16215.0,83326.0,0.00425,240.2,organic_search,3218959.78,4323843.68
2015-03-09,4520902.2,3610296.4,910605.8,20.14,0,0,3,68,23240.0,17341.0,117770.0,0.00544,181.2,referral,3692786.43,4355510.86
2015-03-10,5042080.93,3980962.03,1061118.9,21.05,1,0,3,69,23566.0,17258.0,107264.0,0.00547,253.6,paid_search,3988643.98,4383677.48
2015-03-11,6098020.8,4928286.75,1169734.05,19.18,2,0,3,70,22870.0,16676.0,97024.0,0.0043,111.6,organic_search,4391899.56,4437271.92
2015-03-12,4869770.72,3760439.95,1109330.77,22.78,3,0,3,71,28148.0,22855.0,147647.0,0.00566,290.4,email_campaign,4569898.51,4505802.01
2015-03-13,3474969.89,2712283.16,762686.73,21.95,4,0,3,72,21363.0,15687.0,117397.0,0.00572,183.0,paid_search,4476794.41,4511259.63
2015-03-14,4711284.42,3671123.8,1040160.62,22.08,5,1,3,73,22276.0,17876.0,89445.0,0.0045,269.4,paid_search,4628013.45,4552697.74
2015-03-15,5040735.75,4008157.53,1032578.22,20.48,6,1,3,74,22351.0,15744.0,120642.0,0.00361,151.0,organic_search,4822537.82,4581893.93
2015-03-16,5602879.7,4422966.9,1179912.8,21.06,0,0,3,75,24269.0,19775.0,108034.0,0.00469,195.4,organic_search,4977106.03,4624909.18
2015-03-17,5692241.74,4623906.32,1068335.42,18.77,1,0,3,76,21379.0,16480.0,69949.0,0.00391,176.4,paid_search,5069986.15,4656076.42
2015-03-18,6793794.72,5583548.33,1210246.39,17.81,2,0,3,77,18253.0,14079.0,88133.0,0.00349,263.0,paid_search,5169382.42,4721938.63
2015-03-19,6012381.06,5053767.27,958613.79,15.94,3,0,3,78,23852.0,18973.0,85968.0,0.00441,295.0,organic_search,5332612.47,4779245.97
2015-03-20,4887915.96,4122124.89,765791.07,15.67,4,0,3,79,19678.0,15237.0,70975.0,0.00492,309.7,social_media,5534461.91,4835196.27
2015-03-21,4566270.71,4002288.11,563982.6,12.35,5,1,3,80,26207.0,20418.0,100420.0,0.0037,118.5,social_media,5513745.66,4860946.13
2015-03-22,5271032.0,4721422.49,549609.51,10.43,6,1,3,81,21331.0,16844.0,89042.0,0.00499,313.1,paid_search,5546645.13,4877969.3
2015-03-23,5172623.98,4663072.48,509551.5,9.85,0,0,3,82,21839.0,15483.0,115455.0,0.00401,302.7,social_media,5485180.02,4904772.13
2015-03-24,6187718.83,5662250.07,525468.76,8.49,1,0,3,83,23120.0,18841.0,108910.0,0.0044,246.5,paid_search,5555962.47,4918209.22
2015-03-25,6763449.95,6062883.43,700566.52,10.36,2,0,3,84,22944.0,18479.0,126137.0,0.00393,124.6,social_media,5551627.5,4898310.89
2015-03-26,6983791.47,6190732.25,793059.22,11.36,3,0,3,85,27836.0,19713.0,131624.0,0.00349,313.9,email_campaign,5690400.41,4948665.92
2015-03-27,5007891.27,4516109.24,491782.03,9.82,4,0,3,86,23381.0,18490.0,127905.0,0.0053,185.4,email_campaign,5707539.74,4832188.87
2015-03-28,5941997.22,5296480.62,645516.6,10.86,5,1,3,87,23832.0,18925.0,108548.0,0.0048,182.9,referral,5904072.1,4812644.09
2015-03-29,6087900.7,5431213.47,656687.23,10.79,6,1,3,88,24705.0,19907.0,100168.0,0.00347,298.3,paid_search,6020767.63,4859060.26
2015-03-30,14251354.04,12890205.46,1361148.58,9.55,0,0,3,89,21988.0,15721.0,91135.0,0.00386,230.9,organic_search,7317729.07,5204211.66
2015-03-31,14813965.34,13306811.36,1507153.98,10.17,1,0,3,90,23712.0,17041.0,118451.0,0.00334,235.6,organic_search,8550050.0,5544256.4
2015-04-01,13697879.88,12323133.99,1374745.89,10.04,2,0,4,91,29410.0,23296.0,117637.0,0.00531,175.1,organic_search,9540682.85,5960715.2
2015-04-02,11638587.41,10494545.99,1144041.42,9.83,3,0,4,92,30456.0,22808.0,137521.0,0.00407,167.6,paid_search,10205653.69,6249632.18
2015-04-03,10239965.04,9205352.56,1034612.48,10.1,4,0,4,93,31142.0,23705.0,131744.0,0.0057,305.1,organic_search,10953092.8,6481789.96
2015-04-04,4214414.51,3835706.41,378708.1,8.99,5,1,4,94,27051.0,22178.0,97672.0,0.00555,277.0,organic_search,10706295.27,6501477.84
2015-04-05,4549233.48,4060392.25,488841.23,10.75,6,1,4,95,34818.0,26213.0,179530.0,0.00351,283.5,referral,10486485.67,6515562.33
2015-04-06,5947351.85,5501604.96,445746.89,7.49,0,0,4,96,32488.0,25628.0,104296.0,0.00415,226.6,social_media,9300199.64,6592049.02
2015-04-07,6969771.13,6115686.29,854084.84,12.25,1,0,4,97,37841.0,28534.0,193746.0,0.00447,190.5,referral,8179600.47,6701739.22
2015-04-08,6923568.08,6092200.11,831367.97,12.01,2,0,4,98,31407.0,23603.0,105754.0,0.00472,105.7,organic_search,7211841.64,6781828.09
2015-04-09,5334934.77,4630574.68,704360.09,13.2,3,0,4,99,33264.0,25339.0,131080.0,0.0033,311.8,email_campaign,6311319.84,6791589.88
2015-04-10,5286341.9,4755107.84,531234.06,10.05,4,0,4,100,31701.0,23905.0,138034.0,0.00324,250.5,email_campaign,5603659.39,6764533.92
2015-04-11,7223512.23,6692976.84,530535.39,7.34,5,1,4,101,32699.0,24505.0,156139.0,0.00348,235.7,social_media,6033530.49,6842991.97
2015-04-12,6941143.47,6173613.48,767529.99,11.06,6,1,4,102,33695.0,23984.0,164092.0,0.00457,188.3,social_media,6375231.92,6958531.09
2015-04-13,8008850.6,7198672.06,810178.54,10.12,0,0,4,103,32788.0,25880.0,169275.0,0.0042,121.1,referral,6669731.74,7068449.96
2015-04-14,9764966.49,8525033.47,1239933.02,12.7,1,0,4,104,31794.0,25698.0,162134.0,0.00483,180.6,organic_search,7069045.36,7225924.32
2015-04-15,8464241.45,7283839.1,1180402.35,13.95,2,0,4,105,30748.0,23319.0,121391.0,0.00378,318.8,organic_search,7289141.56,7321303.04
2015-04-16,6025485.77,5033699.98,991785.79,16.46,3,0,4,106,30162.0,22150.0,117724.0,0.00421,121.4,email_campaign,7387791.7,7332411.18
2015-04-17,6481493.13,5294636.04,1186857.09,18.31,4,0,4,107,34071.0,26707.0,177596.0,0.00406,140.7,referral,7558527.59,7322001.12
2015-04-18,7432727.07,5745887.3,1686839.77,22.69,5,1,4,108,34778.0,24920.0,112807.0,0.00343,274.3,paid_search,7588415.43,7369345.99
2015-04-19,6854069.17,5371424.19,1482644.98,21.63,6,1,4,109,34164.0,25611.0,119369.0,0.00575,297.0,direct,7575976.24,7434884.43
2015-04-20,8942873.22,6952833.82,1990039.4,22.25,0,0,4,110,33331.0,27313.0,182278.0,0.00567,135.3,organic_search,7709408.04,7580771.18
2015-04-21,11246554.8,8986101.87,2260452.93,20.1,1,0,4,111,29124.0,22796.0,130729.0,0.00491,135.2,paid_search,7921063.52,7779955.28
2015-04-22,9099886.14,7216624.95,1883261.19,20.7,2,0,4,112,28703.0,20207.0,137953.0,0.00393,191.1,organic_search,8011869.9,7910864.01
2015-04-23,7548994.85,5939101.06,1609893.79,21.33,3,0,4,113,33494.0,26912.0,158159.0,0.0041,203.7,organic_search,8229514.05,7956239.88
2015-04-24,6578500.68,5143109.11,1435391.57,21.82,4,0,4,114,31753.0,22949.0,170691.0,0.00438,141.6,organic_search,8243372.28,7950074.91
2015-04-25,9981817.81,7741342.2,2240475.61,22.45,5,1,4,115,36571.0,26976.0,179957.0,0.00403,317.8,referral,8607528.1,8050009.12
2015-04-26,8486257.42,6790371.72,1695885.7,19.98,6,1,4,116,30907.0,23892.0,116178.0,0.00418,199.6,organic_search,8840697.85,8165954.65
2015-04-27,11233528.64,8990933.6,2242595.04,19.96,0,0,4,117,34074.0,24139.0,114811.0,0.00504,145.1,social_media,9167934.33,8342339.04
2015-04-28,14371525.01,11368208.46,3003316.55,20.9,1,0,4,118,31168.0,23641.0,123478.0,0.00521,238.8,social_media,9614358.65,8618459.85
2015-04-29,15294818.22,12456433.34,2838384.88,18.56,2,0,4,119,35794.0,25274.0,128333.0,0.00417,199.9,organic_search,10499348.95,8653241.99
2015-04-30,14911130.64,11744026.43,3167104.21,21.24,3,0,4,120,28994.0,22062.0,150712.0,0.00394,267.3,direct,11551082.63,8656480.83
2015-05-01,11462217.29,9026019.09,2436198.2,21.25,4,0,5,121,30846.0,24315.0,163628.0,0.00485,200.4,organic_search,12248756.43,8581958.74
2015-05-02,8951414.69,7003240.14,1948174.55,21.76,5,1,5,122,33476.0,26822.0,182726.0,0.0051,219.9,organic_search,12101555.99,8492386.32
2015-05-03,7902349.85,6325430.88,1576918.97,19.96,6,1,5,123,24534.0,20051.0,126935.0,0.00326,296.2,organic_search,12018140.62,8414465.81
2015-05-04,4063632.19,3220456.05,843176.14,20.75,0,0,5,124,29719.0,20848.0,155249.0,0.00357,105.5,email_campaign,10993869.7,8409439.73
2015-05-05,4993358.48,3895803.59,1097554.89,21.98,1,0,5,125,28430.0,20543.0,107343.0,0.00343,305.4,organic_search,9654131.62,8424243.9
2015-05-06,5912157.02,4721080.32,1191076.7,20.15,2,0,5,126,27853.0,20910.0,131355.0,0.00391,307.8,organic_search,8313751.45,8423070.74
2015-05-07,6417545.13,5062352.65,1355192.48,21.12,3,0,5,127,24031.0,17827.0,83533.0,0.00493,224.8,social_media,7100382.09,8404663.21
2015-05-08,4654167.53,3561342.38,1092825.15,23.48,4,0,5,128,29160.0,23034.0,109154.0,0.00429,276.5,social_media,6127803.56,8329016.52
2015-05-09,4178643.57,3269969.19,908674.38,21.75,5,1,5,129,31489.0,23349.0,164844.0,0.00453,312.1,organic_search,5445979.11,8290473.48
2015-05-10,5135747.06,3949880.44,1185866.62,23.09,6,1,5,130,28854.0,20819.0,121753.0,0.00378,224.5,paid_search,5050750.14,8285453.65
2015-05-11,6740124.2,5364204.35,1375919.85,20.41,0,0,5,131,30303.0,21569.0,101312.0,0.00498,196.4,direct,5433106.14,8269340.72
2015-05-12,6877097.83,5464941.46,1412156.37,20.53,1,0,5,132,29164.0,20797.0,132743.0,0.00456,251.8,organic_search,5702211.76,8267205.86
2015-05-13,8472230.27,6752088.25,1720142.02,20.3,2,0,5,133,28695.0,22220.0,132422.0,0.0043,161.0,direct,6067936.51,8282651.85
2015-05-14,8373161.73,6566657.69,1806504.04,21.57,3,0,5,134,24060.0,17186.0,83908.0,0.00432,229.1,email_campaign,6347310.31,8236258.36
2015-05-15,6454103.0,5103049.75,1351053.25,20.93,4,0,5,135,27784.0,22574.0,100088.0,0.00467,250.7,organic_search,6604443.95,8169253.75
2015-05-16,6409003.84,5140481.43,1268522.41,19.79,5,1,5,136,25165.0,19778.0,109606.0,0.0038,212.9,paid_search,6923066.85,8182037.68
2015-05-17,6593507.34,5168476.45,1425030.89,21.61,6,1,5,137,32410.0,24265.0,113804.0,0.00405,301.7,referral,7131318.32,8185771.49
2015-05-18,7049312.68,5707463.8,1341848.88,19.04,0,0,5,138,26179.0,20898.0,133705.0,0.0038,132.7,social_media,7175488.1,8172991.01
2015-05-19,8167385.27,6584434.28,1582950.99,19.38,1,0,5,139,29063.0,21602.0,150346.0,0.0054,276.9,organic_search,7359814.88,8216768.21
2015-05-20,10886447.11,8610088.68,2276358.43,20.91,2,0,5,140,30494.0,24191.0,126406.0,0.00357,298.0,social_media,7704703.0,8281554.01
2015-05-21,9585349.34,7629673.54,1955675.8,20.4,3,0,5,141,29062.0,20606.0,123437.0,0.00395,258.7,paid_search,7877872.65,8226180.49
2015-05-22,6849849.55,5526949.11,1322900.44,19.31,4,0,5,142,27267.0,20288.0,149515.0,0.00474,143.0,organic_search,7934407.88,8151179.27
2015-05-23,5769728.11,4699867.99,1069860.12,18.54,5,1,5,143,30173.0,23985.0,100559.0,0.00439,210.6,paid_search,7843082.77,8091870.38
2015-05-24,7759286.87,6115304.75,1643982.12,21.19,6,1,5,144,27244.0,19433.0,90867.0,0.0044,116.7,organic_search,8009622.7,8131229.92
2015-05-25,6648911.62,5479719.27,1169192.35,17.58,0,0,5,145,29094.0,21740.0,129228.0,0.00544,260.9,organic_search,7952422.55,8020133.05
2015-05-26,7250067.07,5753775.74,1496291.33,20.64,1,0,5,146,27670.0,21242.0,95316.0,0.00342,227.0,organic_search,7821377.1,7978926.7
2015-05-27,11264269.11,8911794.91,2352474.2,20.88,2,0,5,147,26401.0,20469.0,119105.0,0.00574,183.6,organic_search,7875351.67,7979951.39
2015-05-28,10886440.76,8702126.28,2184314.48,20.06,3,0,5,148,27850.0,20116.0,89456.0,0.00419,178.6,organic_search,8061221.87,7863781.91
2015-05-29,7443400.33,6010039.49,1433360.84,19.26,4,0,5,149,34451.0,27090.0,172863.0,0.00381,116.7,referral,8146014.84,7602067.98
2015-05-30,14386454.27,11671007.33,2715446.94,18.88,5,1,5,150,30967.0,24404.0,149751.0,0.00464,283.9,social_media,9376975.72,7584578.77
2015-05-31,12847323.1,10142347.13,2704975.97,21.05,6,1,5,151,27874.0,21527.0,109033.0,0.00366,233.5,referral,10103838.04,7630748.96
2015-06-01,12707400.56,9938849.85,2768550.71,21.79,0,0,6,152,29318.0,22266.0,98658.0,0.00505,192.2,social_media,10969336.46,7755948.49
2015-06-02,10370270.22,8221123.6,2149146.62,20.72,1,0,6,153,30701.0,24975.0,126635.0,0.00557,295.3,organic_search,11415079.76,7838212.51
2015-06-03,12915899.82,10182209.97,2733689.85,21.17,2,0,6,154,32446.0,23589.0,166997.0,0.00538,212.1,referral,11651027.01,8133288.09
2015-06-04,4389371.3,3612066.24,777305.06,17.71,3,0,6,155,28794.0,21415.0,121730.0,0.00523,162.3,email_campaign,10722874.23,8113155.19
2015-06-05,4689415.18,3666593.72,1022821.46,21.81,4,0,6,156,28463.0,19935.0,144463.0,0.00338,200.7,paid_search,10329447.78,8072397.13
2015-06-06,4504545.31,3683127.75,821417.56,18.24,5,1,6,157,34892.0,28589.0,164211.0,0.00538,156.8,organic_search,8917746.5,8008630.47
2015-06-07,4737477.49,3636812.14,1100665.35,23.23,6,1,6,158,32243.0,25956.0,145312.0,0.00547,256.8,social_media,7759197.13,8011407.46
2015-06-08,5997977.12,4767036.54,1230940.58,20.52,0,0,6,159,32199.0,25978.0,170674.0,0.00433,298.5,referral,6800708.06,8072051.92
2015-06-09,7149148.38,5741574.05,1407574.33,19.69,1,0,6,160,27727.0,19941.0,145314.0,0.00511,281.4,email_campaign,6340547.8,8139165.29
2015-06-10,7033422.25,5437275.2,1596147.05,22.69,2,0,6,161,31622.0,24009.0,125377.0,0.00399,108.2,social_media,5500193.86,8148941.89
2015-06-11,5174085.58,4188520.67,985564.91,19.05,3,0,6,162,32332.0,23402.0,159377.0,0.00487,194.3,organic_search,5612295.9,8092174.82
2015-06-12,6351066.12,4900508.38,1450557.74,22.84,4,0,6,163,24605.0,19576.0,116966.0,0.00362,266.6,social_media,5849674.61,8021469.35
2015-06-13,5087923.97,3913528.15,1174395.82,23.08,5,1,6,164,31158.0,23057.0,166081.0,0.00423,247.0,paid_search,5933014.42,7911961.42
2015-06-14,7257781.25,5645520.63,1612260.62,22.21,6,1,6,165,29214.0,21013.0,150301.0,0.00444,188.2,social_media,6293057.81,7938750.7
2015-06-15,7185781.7,5677039.63,1508742.07,21.0,0,0,6,166,32287.0,25912.0,128566.0,0.0041,238.4,social_media,6462744.18,7964643.29
2015-06-16,7904688.49,6283325.81,1621362.68,20.51,1,0,6,167,26776.0,19786.0,104352.0,0.00375,171.3,paid_search,6570678.48,8008349.33
2015-06-17,8476249.0,6775868.17,1700380.83,20.06,2,0,6,168,35371.0,28846.0,155050.0,0.00422,217.0,social_media,6776796.59,8055913.88
2015-06-18,6561476.72,5174441.56,1387035.16,21.14,3,0,6,169,30266.0,22102.0,104739.0,0.00461,287.7,social_media,6974995.32,8002383.59
2015-06-19,5300940.37,4147889.8,1153050.57,21.75,4,0,6,170,35795.0,27659.0,158232.0,0.0037,319.2,email_campaign,6824977.36,7816200.03
2015-06-20,5709630.01,4391167.7,1318462.31,23.09,5,1,6,171,29012.0,20477.0,144998.0,0.00366,212.1,social_media,6913792.51,7687009.39
2015-06-21,5755437.59,4546815.45,1208622.14,21.0,6,1,6,172,34568.0,26635.0,143948.0,0.00475,197.6,paid_search,6699171.98,7650528.99
2015-06-22,8091120.75,6486078.97,1605041.78,19.84,0,0,6,173,30368.0,24526.0,101421.0,0.00401,116.0,social_media,6828506.13,7727908.74
2015-06-23,8014615.36,6549729.21,1464886.15,18.28,1,0,6,174,34822.0,25528.0,161315.0,0.00495,192.0,paid_search,6844209.97,7736419.69
2015-06-24,8106694.48,6848465.28,1258229.2,15.52,2,0,6,175,27399.0,19217.0,103711.0,0.0045,284.5,paid_search,6791416.47,7785012.46
2015-06-25,6395417.81,5471074.95,924342.86,14.45,3,0,6,176,31624.0,25240.0,150529.0,0.00522,175.0,referral,6767693.77,7756524.15
2015-06-26,5791488.27,5164656.66,626831.61,10.82,4,0,6,177,30769.0,22895.0,140394.0,0.00476,263.6,organic_search,6837772.04,7574098.12
2015-06-27,5907901.77,5761761.16,146140.61,2.47,5,1,6,178,29801.0,24190.0,145509.0,0.0052,127.8,direct,6866096.58,7408146.82
2015-06-28,7048110.81,6755443.51,292667.3,4.15,6,1,6,179,24381.0,17220.0,129189.0,0.00446,183.9,social_media,7050764.18,7394970.5
2015-06-29,10266326.47,10003747.48,262578.99,2.56,0,0,6,180,34732.0,24375.0,156417.0,0.0044,233.6,social_media,7361507.85,7257632.91
2015-06-30,10954727.42,10628217.87,326509.55,2.98,1,0,6,181,33102.0,24296.0,110641.0,0.00552,106.5,paid_search,7781523.86,7194546.39
2015-07-01,9503954.04,9190648.76,313305.28,3.3,2,0,7,182,20602.0,16457.0,79358.0,0.00357,300.4,paid_search,7981132.37,7087764.84
2015-07-02,8552727.69,8154787.16,397940.53,4.65,3,0,7,183,27231.0,22131.0,124329.0,0.00527,225.1,email_campaign,8289319.5,7027180.08
2015-07-03,6047919.06,5867150.51,180768.55,2.99,4,0,7,184,24958.0,18340.0,128945.0,0.00516,246.9,paid_search,8325952.47,6798247.39
2015-07-04,1184319.43,1068025.58,116293.85,9.82,5,1,7,185,24138.0,19174.0,106014.0,0.0036,149.3,email_campaign,7651154.99,6691412.33
2015-07-05,2966146.59,2810871.75,155274.84,5.23,6,1,7,186,26737.0,19679.0,85774.0,0.00547,176.4,organic_search,7068017.24,6633970.04
2015-07-06,2490899.57,2437063.72,53835.85,2.16,0,0,7,187,26606.0,19213.0,138752.0,0.00526,289.1,email_campaign,5957241.97,6566848.52
2015-07-07,4185006.32,3947428.34,237577.98,5.68,1,0,7,188,26622.0,20411.0,87438.0,0.00323,235.9,social_media,4990138.96,6548432.81
2015-07-08,4333446.86,4256271.94,77174.92,1.78,2,0,7,189,22401.0,17945.0,112821.0,0.00413,315.0,paid_search,4251495.07,6492948.47
2015-07-09,6011409.46,5756814.71,254594.75,4.24,3,0,7,190,22941.0,16968.0,76486.0,0.00515,198.5,paid_search,3888449.61,6455023.84
2015-07-10,3936544.23,3750891.91,185652.32,4.72,4,0,7,191,20649.0,15288.0,99177.0,0.00343,211.5,paid_search,3586824.64,6351794.57
2015-07-11,3965266.87,3859812.43,105454.44,2.66,5,1,7,192,26986.0,19812.0,119096.0,0.00563,286.6,organic_search,3984102.84,6311500.62
2015-07-12,4444033.83,4308843.11,135190.72,3.04,6,1,7,193,23368.0,16615.0,87437.0,0.00531,251.4,paid_search,4195229.59,6247932.87
2015-07-13,4008119.02,3879117.89,129001.13,3.22,0,0,7,194,24986.0,19531.0,92624.0,0.00326,246.7,social_media,4411975.23,6211939.37
2015-07-14,4541662.42,4427340.58,114321.84,2.52,1,0,7,195,25268.0,19699.0,122868.0,0.00566,289.2,organic_search,4462926.1,6121402.08
2015-07-15,6195528.74,5945270.24,250258.5,4.04,2,0,7,196,28980.0,22939.0,141557.0,0.00442,298.6,organic_search,4728937.8,6088393.65
2015-07-16,5351713.45,5204783.4,146930.05,2.75,3,0,7,197,25987.0,18625.0,134344.0,0.00329,226.6,email_campaign,4634695.51,6003294.48
2015-07-17,3953465.4,3879500.64,73964.76,1.87,4,0,7,198,23621.0,17228.0,123032.0,0.00372,132.5,referral,4637112.82,5852535.03
2015-07-18,4352743.94,4230281.82,122462.12,2.81,5,1,7,199,22256.0,17049.0,73505.0,0.0036,257.0,social_media,4692466.69,5778910.6
2015-07-19,4734057.3,4244345.55,489711.75,10.34,6,1,7,200,25777.0,19987.0,102382.0,0.0049,274.0,paid_search,4733898.61,5760014.5
2015-07-20,4593431.52,3967198.09,626233.43,13.63,0,0,7,201,21426.0,15804.0,83474.0,0.00333,129.4,email_campaign,4817514.68,5722807.88
2015-07-21,6205610.6,5212906.4,992704.2,16.0,1,0,7,202,26411.0,20585.0,89690.0,0.00552,154.0,organic_search,5055221.56,5737813.65
2015-07-22,7003315.42,5699625.87,1303689.55,18.62,2,0,7,203,25454.0,20168.0,116758.0,0.0053,250.4,paid_search,5170619.66,5701553.47
2015-07-23,6241579.84,5041557.0,1200022.84,19.23,3,0,7,204,25169.0,19631.0,112460.0,0.00453,134.2,direct,5297743.43,5642452.29
2015-07-24,4815209.73,3864863.25,950346.48,19.74,4,0,7,205,27430.0,19435.0,98020.0,0.00353,162.0,referral,5420849.76,5532736.13
2015-07-25,4869837.46,3980424.09,889413.37,18.26,5,1,7,206,26582.0,18972.0,92409.0,0.00486,232.8,organic_search,5494720.27,5481883.45
2015-07-26,5323996.74,4436550.96,887445.78,16.67,6,1,7,207,25938.0,19698.0,133086.0,0.00564,296.1,organic_search,5578997.33,5466300.4
2015-07-27,5603376.79,4431670.86,1171705.93,20.91,0,0,7,208,24503.0,19723.0,94009.0,0.00443,296.6,social_media,5723275.23,5456149.57
2015-07-28,6826651.55,5538901.92,1287749.63,18.86,1,0,7,209,24684.0,17484.0,103037.0,0.00322,198.9,organic_search,5811995.36,5448767.59
2015-07-29,9470985.24,7602775.68,1868209.56,19.73,2,0,7,210,23935.0,17376.0,101797.0,0.00454,115.3,referral,6164519.62,5422256.22
2015-07-30,10296776.67,9762134.91,534641.76,5.19,3,0,7,211,28283.0,19983.0,112059.0,0.00334,210.8,email_campaign,6743833.45,5400324.53
2015-07-31,8227312.7,8001039.19,226273.51,2.75,4,0,7,212,27777.0,21301.0,142543.0,0.00523,166.3,referral,7231276.74,5357769.81
2015-08-01,7969399.16,8307674.69,-338275.53,-4.24,5,1,8,213,25416.0,19592.0,107939.0,0.00333,303.8,paid_search,7674071.26,5338325.53
2015-08-02,5808782.79,6999844.19,-1191061.4,-20.5,6,1,8,214,25347.0,18517.0,89162.0,0.0034,101.9,direct,7743326.41,5330354.32
2015-08-03,4720575.96,6451104.36,-1730528.4,-36.66,0,0,8,215,28461.0,21974.0,110496.0,0.00447,157.9,email_campaign,7617212.01,5448229.54
2015-08-04,2658117.34,3894709.67,-1236592.33,-46.52,1,0,8,216,26191.0,21319.0,119413.0,0.0047,232.5,paid_search,7021707.12,5437961.9
2015-08-05,2978173.12,4001425.35,-1023252.23,-34.36,2,0,8,217,29226.0,21369.0,95035.0,0.00445,299.2,organic_search,6094162.53,5454204.35
2015-08-06,2558707.18,3656184.22,-1097477.04,-42.89,3,0,8,218,24693.0,18406.0,96182.0,0.00357,116.8,paid_search,4988724.04,5399994.38
2015-08-07,1981109.04,2648627.83,-667518.79,-33.69,4,0,8,219,26800.0,19332.0,117374.0,0.00455,287.7,email_campaign,4096409.23,5321583.12
2015-08-08,1709563.14,2428463.02,-718899.88,-42.05,5,1,8,220,26294.0,19881.0,138084.0,0.00368,207.6,paid_search,3202146.94,5178188.24
2015-08-09,2122689.02,2864218.57,-741529.55,-34.93,6,1,8,221,23894.0,18799.0,78998.0,0.00461,173.7,email_campaign,2675562.11,5117726.4
2015-08-10,2341717.61,3233525.06,-891807.45,-38.08,0,0,8,222,28341.0,21424.0,125275.0,0.00435,283.0,organic_search,2335725.21,5063608.09
2015-08-11,2434219.28,3451194.49,-1016975.21,-41.78,1,0,8,223,25098.0,17651.0,83606.0,0.00328,164.8,paid_search,2303739.77,4996614.27
2015-08-12,3555473.95,4878289.67,-1322815.72,-37.21,2,0,8,224,27210.0,19954.0,143071.0,0.00545,316.4,email_campaign,2386211.32,4981526.1
2015-08-13,2921138.79,3979730.24,-1058591.45,-36.24,3,0,8,225,23810.0,16914.0,125846.0,0.00524,233.1,email_campaign,2437987.26,4927508.65
2015-08-14,2842163.51,3979723.24,-1137559.73,-40.02,4,0,8,226,27482.0,20412.0,94726.0,0.00378,149.4,paid_search,2560995.04,4815729.81
2015-08-15,2655077.08,3723026.61,-1067949.53,-40.22,5,1,8,227,24803.0,20079.0,101731.0,0.00565,298.7,organic_search,2696068.46,4725841.93
2015-08-16,2851597.29,3843042.72,-991445.43,-34.77,6,1,8,228,30678.0,21654.0,114864.0,0.00342,260.0,paid_search,2800198.22,4689112.99
2015-08-17,2804909.03,3580539.39,-775630.36,-27.65,0,0,8,229,25286.0,18149.0,127955.0,0.00353,244.6,organic_search,2866368.42,4637518.5
2015-08-18,3797369.86,5081331.41,-1283961.55,-33.81,1,0,8,230,26259.0,18641.0,139980.0,0.00563,175.5,paid_search,3061104.22,4606295.58
2015-08-19,3996506.07,5388360.8,-1391854.73,-34.83,2,0,8,231,28515.0,20565.0,102526.0,0.00487,256.8,social_media,3124108.8,4586398.07
2015-08-20,3542649.14,4967122.51,-1424473.37,-40.21,3,0,8,232,26047.0,19340.0,94210.0,0.0042,245.5,referral,3212896.0,4497632.68
2015-08-21,2826694.43,4029608.29,-1202913.86,-42.56,4,0,8,233,27624.0,20884.0,104074.0,0.00447,115.3,paid_search,3210686.13,4358411.98
2015-08-22,2330134.4,3196044.6,-865910.2,-37.16,5,1,8,234,28267.0,20186.0,105913.0,0.00386,291.8,paid_search,3164265.75,4228030.47
2015-08-23,2980880.01,4035327.45,-1054447.44,-35.37,6,1,8,235,26494.0,18687.0,102152.0,0.00358,195.3,paid_search,3182734.71,4166886.14
2015-08-24,2905862.72,4140352.34,-1234489.62,-42.48,0,0,8,236,26670.0,19153.0,98635.0,0.00409,201.0,organic_search,3197156.66,4101420.32
2015-08-25,3470416.25,4713031.14,-1242614.89,-35.81,1,0,8,237,29244.0,22860.0,123604.0,0.00499,274.9,paid_search,3150449.0,4039634.3
2015-08-26,4027164.09,5549423.27,-1522259.18,-37.8,2,0,8,238,24536.0,18480.0,127640.0,0.00569,196.1,referral,3154828.72,3987093.88
2015-08-27,3564052.29,4867784.09,-1303731.8,-36.58,3,0,8,239,26269.0,19468.0,91099.0,0.00459,113.8,organic_search,3157886.31,3878340.57
2015-08-28,8506950.72,11044258.41,-2537307.69,-29.83,4,0,8,240,26954.0,19364.0,144057.0,0.00446,313.7,email_campaign,3969351.5,3846206.09
2015-08-29,7794439.44,10361751.16,-2567311.72,-32.94,5,1,8,241,28818.0,22955.0,158022.0,0.00377,282.4,referral,4749966.5,3762794.85
2015-08-30,7344062.69,9260104.74,-1916042.05,-26.09,6,1,8,242,27508.0,20195.0,109859.0,0.00422,271.8,organic_search,5373278.31,3733353.18
2015-08-31,7854391.23,10070785.58,-2216394.35,-28.22,0,0,8,243,27293.0,19240.0,139809.0,0.00483,216.6,paid_search,6080210.96,3729519.58
2015-09-01,6760812.85,8154672.78,-1393859.93,-20.62,1,0,9,244,17480.0,13262.0,57096.0,0.00368,263.9,social_media,6550267.62,3761253.92
2015-09-02,2200298.26,2129220.78,71077.48,3.23,2,0,9,245,20702.0,16666.0,69558.0,0.00328,118.3,paid_search,6289286.78,3677244.66
2015-09-03,2827263.54,2604249.38,223014.16,7.89,3,0,9,246,19328.0,13739.0,62074.0,0.00364,230.8,organic_search,6184031.25,3682882.87
2015-09-04,3174821.93,2868467.84,306354.09,9.65,4,0,9,247,21904.0,15874.0,107607.0,0.00385,101.7,organic_search,5422298.56,3689437.83
2015-09-05,4060108.04,3677521.7,382586.34,9.42,5,1,9,248,19156.0,14479.0,82375.0,0.00548,314.9,email_campaign,4888822.65,3739484.52
2015-09-06,5806076.99,5165364.57,640712.42,11.04,6,1,9,249,19448.0,15772.0,68250.0,0.0033,237.6,social_media,4669110.41,3866983.46
2015-09-07,5427754.58,4736445.82,691308.76,12.74,0,0,9,250,17684.0,14118.0,69916.0,0.00564,283.5,paid_search,4322448.03,3990923.17
2015-09-08,4280040.71,3769505.38,510535.33,11.93,1,0,9,251,19746.0,13838.0,93992.0,0.00498,132.1,organic_search,3968052.01,4062834.89
2015-09-09,3647303.9,3266493.41,380810.49,10.44,2,0,9,252,18587.0,13758.0,87916.0,0.00414,190.1,direct,4174767.1,4106354.44
2015-09-10,3721441.58,3354394.08,367047.5,9.86,3,0,9,253,17610.0,13778.0,62257.0,0.00377,181.3,email_campaign,4302506.82,4149261.85
2015-09-11,5440903.55,4839456.19,601447.36,11.05,4,0,9,254,18890.0,15028.0,78439.0,0.0033,206.7,organic_search,4626232.76,4212109.5
2015-09-12,4950740.04,4404176.85,546563.19,11.04,5,1,9,255,15341.0,11807.0,51281.0,0.00518,277.5,direct,4753465.91,4279762.87
2015-09-13,6063850.75,5333297.85,730552.9,12.05,6,1,9,256,20180.0,15018.0,102993.0,0.00522,180.8,social_media,4790290.73,4387152.45
2015-09-14,5951627.11,5241870.86,709756.25,11.93,0,0,9,257,19576.0,14212.0,86422.0,0.00348,191.2,referral,4865129.66,4497037.45
2015-09-15,4289955.17,3759560.12,530395.05,12.36,1,0,9,258,22012.0,16729.0,90723.0,0.00422,306.3,paid_search,4866546.01,4544982.71
2015-09-16,4578098.38,4047593.29,530505.09,11.59,2,0,9,259,19650.0,14065.0,86514.0,0.00321,258.3,paid_search,4999516.65,4604089.02
2015-09-17,4322042.75,3890293.3,431749.45,9.99,3,0,9,260,20086.0,14356.0,100816.0,0.00458,138.9,organic_search,5085316.82,4621578.12
2015-09-18,4626830.39,4125549.97,501280.42,10.83,4,0,9,261,17602.0,13602.0,88389.0,0.00519,305.5,social_media,4969020.66,4642588.93
2015-09-19,4866373.41,4338177.32,528196.09,10.85,5,1,9,262,20896.0,15411.0,111247.0,0.00568,164.4,organic_search,4956968.28,4686713.07
2015-09-20,5970375.19,5199616.34,770758.85,12.91,6,1,9,263,18429.0,13587.0,76753.0,0.00346,271.9,organic_search,4943614.63,4791502.43
2015-09-21,5429549.96,4922952.43,506597.53,9.33,0,0,9,264,19819.0,16050.0,66316.0,0.00466,290.2,organic_search,4869032.18,4894816.28
2015-09-22,3989413.65,3510644.34,478769.31,12.0,1,0,9,265,19877.0,16252.0,63995.0,0.00436,103.3,email_campaign,4826097.68,4928434.07
2015-09-23,4492195.74,4136948.97,355246.77,7.91,2,0,9,266,17652.0,13079.0,71664.0,0.00387,318.0,social_media,4813825.87,4981311.84
2015-09-24,4990183.49,4532817.65,457365.84,9.17,3,0,9,267,20962.0,15512.0,82371.0,0.00424,137.4,referral,4909274.55,5031970.75
2015-09-25,5455949.84,4738294.51,717655.33,13.15,4,0,9,268,19659.0,15631.0,106872.0,0.00479,167.2,referral,5027720.18,5079596.94
2015-09-26,6622087.86,5772363.74,849724.12,12.83,5,1,9,269,21009.0,17168.0,108813.0,0.00407,179.5,paid_search,5278536.53,5181531.46
2015-09-27,9527329.68,8445286.43,1082043.25,11.36,6,1,9,270,21844.0,16369.0,117349.0,0.00536,133.1,organic_search,5786672.89,5215544.09
2015-09-28,8161672.8,7449690.47,711982.33,8.72,0,0,9,271,18337.0,14106.0,67729.0,0.00556,111.4,referral,6176976.15,5227785.2
2015-09-29,7149980.42,6330231.0,819749.42,11.47,1,0,9,272,19122.0,13426.0,94406.0,0.00501,221.6,paid_search,6628485.69,5221315.79
2015-09-30,6245594.21,5509034.08,736560.13,11.79,2,0,9,273,17523.0,13440.0,57686.0,0.00509,284.6,organic_search,6878971.19,5167689.23
2015-10-01,5328206.77,4579676.64,748530.13,14.05,3,0,10,274,15491.0,12315.0,66956.0,0.00415,207.8,organic_search,6927260.23,5119935.69
2015-10-02,2171539.56,1796561.55,374978.01,17.27,4,0,10,275,15982.0,11755.0,61202.0,0.00443,145.3,organic_search,6458058.76,5118977.07
2015-10-03,4071748.88,3247591.03,824157.85,20.24,5,1,10,276,15008.0,11370.0,68639.0,0.00362,168.3,paid_search,6093724.62,5160459.91
2015-10-04,3492367.73,2871726.8,620640.93,17.77,6,1,10,277,16759.0,12375.0,73139.0,0.00327,180.2,social_media,5231587.2,5171044.77
2015-10-05,4507541.9,3678096.41,829445.49,18.4,0,0,10,278,14395.0,11749.0,68728.0,0.00386,233.3,social_media,4709568.5,5185959.23
2015-10-06,4188998.54,3415837.46,773161.08,18.46,1,0,10,279,15319.0,11322.0,72555.0,0.00457,148.8,social_media,4286571.08,5132056.62
2015-10-07,3426493.43,2803278.62,623214.81,18.19,2,0,10,280,15755.0,12150.0,79517.0,0.00417,126.0,social_media,3883842.4,5065347.91
2015-10-08,3233949.18,2641121.98,592827.2,18.33,3,0,10,281,16564.0,12299.0,67620.0,0.00364,234.3,paid_search,3584662.75,5030478.2
2015-10-09,3267999.74,2663149.73,604850.01,18.51,4,0,10,282,16177.0,12022.0,57239.0,0.004,187.9,social_media,3741299.91,5017834.72
2015-10-10,3378102.79,2705337.11,672765.68,19.92,5,1,10,283,13914.0,10751.0,56445.0,0.00402,225.7,social_media,3642207.62,5006390.1
2015-10-11,3286486.34,2566855.85,719630.49,21.9,6,1,10,284,15458.0,11617.0,62989.0,0.00495,105.9,organic_search,3612795.99,4934576.19
2015-10-12,4956524.37,4081540.58,874983.79,17.65,0,0,10,285,13664.0,10610.0,66043.0,0.00366,170.8,direct,3676936.34,4934769.0
2015-10-13,5498991.17,4432958.2,1066032.97,19.39,1,0,10,286,15985.0,11660.0,56565.0,0.00385,159.9,paid_search,3864078.15,4915940.35
2015-10-14,3411355.27,2666618.8,744736.47,21.83,2,0,10,287,16989.0,12008.0,81718.0,0.00565,204.6,social_media,3861915.55,4831264.62
2015-10-15,3768908.71,2948986.13,819922.58,21.75,3,0,10,288,16071.0,11596.0,79890.0,0.00558,250.1,referral,3938338.34,4813896.4
2015-10-16,3821540.36,2987369.39,834170.97,21.83,4,0,10,289,14652.0,10534.0,79371.0,0.00322,112.9,referral,4017415.57,4788677.8
2015-10-17,3662021.88,2894880.7,767141.18,20.95,5,1,10,290,17243.0,12612.0,76928.0,0.00373,301.8,referral,4057975.44,4766677.11
2015-10-18,4235369.07,3332133.13,903235.94,21.33,6,1,10,291,16988.0,13378.0,69191.0,0.00326,297.0,organic_search,4193530.12,4753628.4
2015-10-19,6150586.07,4953145.42,1197440.65,19.47,0,0,10,292,14648.0,10830.0,77608.0,0.00512,196.3,social_media,4364110.36,4796435.49
2015-10-20,5151254.9,4073078.24,1078176.66,20.93,1,0,10,293,15301.0,12493.0,60371.0,0.0043,204.7,organic_search,4314433.75,4769131.48
2015-10-21,3861128.76,3112793.66,748335.1,19.38,2,0,10,294,15121.0,11856.0,74851.0,0.0043,221.2,direct,4378687.11,4716850.77
2015-10-22,3503062.58,2822517.81,680544.77,19.43,3,0,10,295,15219.0,10773.0,73159.0,0.00366,243.2,paid_search,4340709.09,4700639.07
2015-10-23,4220053.16,3535441.18,684611.98,16.22,4,0,10,296,16428.0,11814.0,86432.0,0.00338,274.9,organic_search,4397639.49,4691567.65
2015-10-24,3836294.44,2963519.26,872775.18,22.75,5,1,10,297,15087.0,11501.0,52076.0,0.00532,204.3,direct,4422535.57,4653104.68
2015-10-25,4371735.18,3592252.8,779482.38,17.83,6,1,10,298,17383.0,13762.0,79446.0,0.00531,198.3,paid_search,4442016.44,4616964.19
2015-10-26,5670407.54,4548016.77,1122390.77,19.79,0,0,10,299,17645.0,14292.0,56926.0,0.00503,254.4,email_campaign,4373419.51,4585241.51
2015-10-27,5227347.01,4220293.85,1007053.16,19.27,1,0,10,300,14318.0,11717.0,68167.0,0.00391,247.7,social_media,4384289.81,4441908.76
2015-10-28,7029977.95,5631491.38,1398486.57,19.89,2,0,10,301,15923.0,11322.0,78474.0,0.00414,318.6,organic_search,4836982.55,4404185.6
2015-10-29,7420192.54,6015934.85,1404257.69,18.92,3,0,10,302,14579.0,11450.0,70402.0,0.00421,279.4,referral,5396572.55,4413192.67
2015-10-30,7246849.63,5898873.81,1347975.82,18.6,4,0,10,303,16283.0,12617.0,79766.0,0.00428,317.0,referral,5828972.04,4446567.85
2015-10-31,5833943.99,4766615.28,1067328.71,18.3,5,1,10,304,16765.0,12368.0,64584.0,0.00333,264.3,paid_search,6114350.55,4463425.76
2015-11-01,5794071.48,4691433.96,1102637.52,19.03,6,1,11,305,12648.0,10110.0,61721.0,0.0043,226.0,organic_search,6317541.45,4584176.82
2015-11-02,2770297.66,2300656.83,469640.83,16.95,0,0,11,306,12291.0,9842.0,59045.0,0.00511,119.3,social_media,5903240.04,4540795.11
2015-11-03,2095237.3,1642341.12,452896.18,21.62,1,0,11,307,14430.0,11020.0,55418.0,0.00434,156.1,email_campaign,5455795.79,4494224.1
2015-11-04,2658412.16,2230527.42,427884.74,16.1,2,0,11,308,12298.0,9471.0,52741.0,0.00379,280.0,organic_search,4831286.39,4432586.44
2015-11-05,2550367.78,2095931.27,454436.51,17.82,3,0,11,309,13451.0,9497.0,53142.0,0.00337,125.6,organic_search,4135597.14,4377965.41
2015-11-06,3113759.4,2524846.93,588912.47,18.91,4,0,11,310,14154.0,11094.0,47606.0,0.00363,271.6,paid_search,3545155.68,4367540.95
2015-11-07,2523233.52,2111797.74,411435.78,16.31,5,1,11,311,13272.0,10281.0,62761.0,0.00549,213.8,organic_search,3072197.04,4343850.42
2015-11-08,4183206.42,3467217.26,715989.16,17.12,6,1,11,312,12234.0,9118.0,61007.0,0.00563,142.0,paid_search,2842073.46,4374357.31
2015-11-09,3409517.01,2730600.71,678916.3,19.91,0,0,11,313,14367.0,11128.0,65336.0,0.00464,129.1,direct,2933390.51,4375404.46
2015-11-10,3237404.66,2600539.96,636864.7,19.67,1,0,11,314,14088.0,9978.0,68221.0,0.00543,265.4,email_campaign,3096557.28,4373768.4
2015-11-11,2928494.89,2445001.94,483492.95,16.51,2,0,11,315,13290.0,10715.0,59892.0,0.00372,267.8,paid_search,3135140.53,4306167.42
2015-11-12,3900732.76,3072175.13,828557.63,21.24,3,0,11,316,13903.0,11236.0,61201.0,0.00525,265.5,email_campaign,3328049.81,4252892.14
2015-11-13,3144926.75,2547598.28,597328.47,18.99,4,0,11,317,14681.0,11365.0,65735.0,0.00548,291.3,organic_search,3332502.29,4244011.19
2015-11-14,4369752.69,3445998.98,923753.71,21.14,5,1,11,318,14789.0,10949.0,77847.0,0.00378,152.6,paid_search,3596290.74,4264039.32
2015-11-15,4297274.47,3488973.66,808300.81,18.81,6,1,11,319,12535.0,8911.0,64069.0,0.00569,192.7,organic_search,3612586.18,4279897.12
2015-11-16,4316238.63,3541079.15,775159.48,17.96,0,0,11,320,12803.0,10408.0,47243.0,0.00328,213.7,paid_search,3742117.84,4301704.35
2015-11-17,3035948.85,2418023.08,617925.77,20.35,1,0,11,321,11316.0,8912.0,55403.0,0.0041,159.0,social_media,3713338.43,4261723.67
2015-11-18,3208924.12,2787131.03,421793.09,13.14,2,0,11,322,14680.0,11931.0,52971.0,0.00396,172.7,organic_search,3753399.75,4163668.27
2015-11-19,2934934.24,2722267.8,212666.44,7.25,3,0,11,323,14557.0,10588.0,76901.0,0.00448,148.6,social_media,3615428.54,4089790.92
2015-11-20,3389498.76,3170548.9,218949.86,6.46,4,0,11,324,13750.0,10076.0,61102.0,0.00364,313.1,paid_search,3650367.39,4074069.92
2015-11-21,2291920.41,2320486.62,-28566.21,-1.25,5,1,11,325,14699.0,11383.0,52048.0,0.00477,114.2,email_campaign,3353534.21,4033698.51
2015-11-22,3070301.17,3152837.2,-82536.03,-2.69,6,1,11,326,14679.0,11250.0,71235.0,0.0042,300.4,organic_search,3178252.31,3995373.45
2015-11-23,2329823.55,2370762.85,-40939.3,-1.76,0,0,11,327,11714.0,8250.0,63229.0,0.00466,296.4,referral,2894478.73,3945157.75
2015-11-24,1994420.05,2017128.44,-22708.39,-1.14,1,0,11,328,12523.0,9994.0,60988.0,0.00432,110.0,direct,2745688.9,3865913.91
2015-11-25,1994246.64,2069297.94,-75051.3,-3.76,2,0,11,329,12747.0,9371.0,64179.0,0.00438,284.6,email_campaign,2572163.55,3743375.22
2015-11-26,3361942.92,3392781.25,-30838.33,-0.92,3,0,11,330,12460.0,9654.0,42889.0,0.00506,298.6,organic_search,2633164.79,3681195.08
2015-11-27,5242225.8,5137790.23,104435.57,1.99,4,0,11,331,12408.0,9099.0,58532.0,0.00324,296.5,social_media,2897840.08,3621603.34
2015-11-28,5114979.4,5281806.7,-166827.3,-3.26,5,1,11,332,14692.0,11241.0,73086.0,0.00387,125.4,organic_search,3301134.22,3544762.9
2015-11-29,5018236.03,4955536.7,62699.33,1.25,6,1,11,333,14441.0,11536.0,75285.0,0.00434,139.2,organic_search,3579410.63,3470475.78
2015-11-30,4031497.64,4065929.95,-34432.31,-0.85,0,0,11,334,12771.0,9548.0,63965.0,0.00351,313.2,paid_search,3822506.93,3410394.24
2015-12-01,3221463.05,3262618.05,-41155.0,-1.28,1,0,12,335,13668.0,10021.0,61441.0,0.00504,104.1,social_media,3997798.78,3324640.62
2015-12-02,953639.35,978207.15,-24567.8,-2.58,2,0,12,336,14048.0,10903.0,54556.0,0.00522,305.8,email_campaign,3849140.6,3264085.35
2015-12-03,1852279.15,1907081.99,-54802.84,-2.96,3,0,12,337,15464.0,11963.0,51678.0,0.00531,318.5,referral,3633474.35,3255986.74
2015-12-04,2076429.7,2095572.96,-19143.26,-0.92,4,0,12,338,13738.0,10323.0,50602.0,0.00443,204.8,paid_search,3181217.76,3236587.33
2015-12-05,2287846.3,2292826.58,-4980.28,-0.22,5,1,12,339,14548.0,10998.0,63227.0,0.00394,236.1,referral,2777341.6,3227836.61
2015-12-06,2028034.94,2013778.51,14256.43,0.7,6,1,12,340,13375.0,10438.0,68771.0,0.00531,231.9,email_campaign,2350170.02,3191645.8
2015-12-07,2286683.02,2364273.69,-77590.67,-3.39,0,0,12,341,14667.0,11431.0,68419.0,0.00517,281.9,email_campaign,2100910.79,3183760.78
2015-12-08,2785090.6,2715044.46,70046.14,2.52,1,0,12,342,15215.0,11241.0,69929.0,0.00354,227.8,organic_search,2038571.87,3137156.92
2015-12-09,1648123.41,1664248.89,-16125.48,-0.98,2,0,12,343,16326.0,12045.0,69015.0,0.00545,269.1,paid_search,2137783.87,3078443.8
2015-12-10,2450848.03,2579079.6,-128231.57,-5.23,3,0,12,344,13711.0,11067.0,50285.0,0.00326,244.5,email_campaign,2223293.71,3052225.24
2015-12-11,2027594.98,1955884.16,71710.82,3.54,4,0,12,345,15391.0,11318.0,67959.0,0.00357,177.7,organic_search,2216317.33,3022195.25
2015-12-12,2888573.7,2824587.14,63986.56,2.22,5,1,12,346,15008.0,11400.0,58168.0,0.00565,270.1,social_media,2302135.53,2988456.61
2015-12-13,3442735.4,3382073.59,60661.81,1.76,6,1,12,347,14700.0,10463.0,68140.0,0.00367,102.5,organic_search,2504235.59,2998383.57
2015-12-14,3272227.86,3176504.37,95723.49,2.93,0,0,12,348,12967.0,10202.0,49267.0,0.00499,217.9,referral,2645027.71,2961799.41
2015-12-15,3089177.63,3106617.67,-17440.04,-0.56,1,0,12,349,16132.0,13098.0,70312.0,0.00531,151.0,paid_search,2688468.72,2921529.51
2015-12-16,2310884.14,2367574.49,-56690.35,-2.45,2,0,12,350,13212.0,9707.0,43582.0,0.00465,122.7,organic_search,2783148.82,2854684.36
2015-12-17,2671287.02,2646046.82,25240.2,0.94,3,0,12,351,15145.0,12005.0,79733.0,0.0047,109.1,social_media,2814640.1,2842528.97
2015-12-18,2923802.97,2954646.8,-30843.83,-1.05,4,0,12,352,14745.0,11612.0,50065.0,0.00383,270.4,paid_search,2942669.82,2833024.93
2015-12-19,2965218.72,3081409.43,-116190.71,-3.92,5,1,12,353,16727.0,11842.0,75482.0,0.00349,151.1,referral,2953619.11,2834034.41
2015-12-20,3613917.61,3711607.1,-97689.49,-2.7,6,1,12,354,15075.0,12232.0,52971.0,0.00382,136.8,organic_search,2978073.71,2841515.04
2015-12-21,5050481.76,5131271.18,-80789.42,-1.6,0,0,12,355,15716.0,12497.0,71525.0,0.00505,230.1,social_media,3232109.98,2933467.08
2015-12-22,3719442.83,3727031.54,-7588.71,-0.2,1,0,12,356,13743.0,11031.0,72308.0,0.00512,275.6,referral,3322147.86,2955105.14
2015-12-23,3656481.63,3646146.76,10334.87,0.28,2,0,12,357,14154.0,10824.0,63423.0,0.00538,286.7,social_media,3514376.08,2999327.08
2015-12-24,2398336.72,2262884.17,135452.55,5.65,3,0,12,358,14389.0,11654.0,63948.0,0.00408,166.1,organic_search,3475383.18,3012790.97
2015-12-25,3229207.58,3048061.85,181145.73,5.61,4,0,12,359,16343.0,12402.0,55203.0,0.00376,119.6,paid_search,3519012.41,3053956.33
2015-12-26,3645783.09,3633106.61,12676.48,0.35,5,1,12,360,14081.0,10396.0,48105.0,0.00558,119.1,social_media,3616235.89,3063417.67
2015-12-27,5096354.17,5095420.51,933.66,0.02,6,1,12,361,16176.0,13022.0,57718.0,0.00532,125.2,organic_search,3828012.54,3058555.28
2015-12-28,8179976.67,8163764.62,16212.05,0.2,0,0,12,362,14045.0,10009.0,69532.0,0.00339,180.1,organic_search,4275083.24,3160721.86
2015-12-29,7760149.23,7689336.24,70812.99,0.91,1,0,12,363,16001.0,12904.0,61587.0,0.00421,125.4,organic_search,4852327.01,3252118.96
2015-12-30,5941753.52,5888436.34,53317.18,0.9,2,0,12,364,15819.0,12433.0,69094.0,0.00425,199.2,email_campaign,5178794.43,3315794.16
2015-12-31,6375571.66,6217888.06,157683.6,2.47,3,0,12,365,15303.0,11679.0,75173.0,0.00347,257.3,paid_search,5746970.85,3420931.11
2016-01-01,5846204.33,5354701.23,491503.1,8.41,4,0,1,1,11641.0,8712.0,37634.0,0.00559,267.3,email_campaign,6120827.52,3584016.61
2016-01-02,2558616.91,2072521.54,486095.37,19.0,5,1,1,2,10947.0,8044.0,55830.0,0.00365,221.4,organic_search,5965518.07,3607561.2
2016-01-03,2744446.82,2169775.39,574671.43,20.94,6,1,1,3,13218.0,9831.0,64885.0,0.00565,208.5,paid_search,5629531.31,3629828.44
2016-01-04,2387838.0,1861702.6,526135.4,22.03,0,0,1,4,12375.0,9643.0,63066.0,0.00517,275.2,paid_search,4802082.92,3633161.5
2016-01-05,1557710.07,1249444.02,308266.05,19.79,1,0,1,5,11134.0,8762.0,40671.0,0.0044,203.1,email_campaign,3916020.19,3617484.0
2016-01-06,2337143.16,1917221.35,419921.81,17.97,2,0,1,6,12757.0,10309.0,67093.0,0.00373,138.2,paid_search,3401075.85,3619166.01
2016-01-07,2503287.51,2024858.69,478428.82,19.11,3,0,1,7,11373.0,8618.0,59432.0,0.00412,312.2,social_media,2847892.4,3609772.57
2016-01-08,2738103.45,2202044.96,536058.49,19.58,4,0,1,8,9490.0,7221.0,37150.0,0.00395,172.4,organic_search,2403877.99,3646105.24
2016-01-09,3026961.32,2446095.09,580866.23,19.19,5,1,1,9,13256.0,9596.0,46353.0,0.00436,277.3,paid_search,2470784.33,3665309.02
2016-01-10,4122392.05,3201417.67,920974.38,22.34,6,1,1,10,13236.0,9859.0,64108.0,0.00484,105.5,email_campaign,2667633.65,3735135.58
2016-01-11,3434076.67,2780091.13,653985.54,19.04,0,0,1,11,12641.0,9828.0,60451.0,0.00336,167.7,direct,2817096.32,3753319.02
2016-01-12,2627637.47,2110300.27,517337.2,19.69,1,0,1,12,11876.0,9485.0,56311.0,0.00546,305.4,organic_search,2969943.09,3726149.09
2016-01-13,2268324.18,1914275.35,354048.83,15.61,2,0,1,13,10067.0,8114.0,39608.0,0.00357,206.5,email_campaign,2960111.81,3692685.63
2016-01-14,3247398.41,2705497.94,541900.47,16.69,3,0,1,14,13932.0,10319.0,69298.0,0.00395,271.2,social_media,3066413.36,3697959.66
2016-01-15,3532606.36,3003599.85,529006.51,14.97,4,0,1,15,12653.0,10155.0,55447.0,0.00452,290.1,paid_search,3179913.78,3738683.73
2016-01-16,3856871.3,3138016.53,718854.77,18.64,5,1,1,16,11445.0,8556.0,46538.0,0.0035,136.4,direct,3298472.35,3778203.21
2016-01-17,4229318.34,3477169.21,752149.13,17.78,6,1,1,17,10008.0,7752.0,45333.0,0.00414,250.9,paid_search,3313747.53,3821720.38
2016-01-18,4105149.52,3409714.29,695435.23,16.94,0,0,1,18,11770.0,9405.0,46667.0,0.00419,228.5,referral,3409615.08,3859718.08
2016-01-19,2818234.03,2313238.83,504995.2,17.92,1,0,1,19,10942.0,8319.0,56962.0,0.00515,115.0,paid_search,3436843.16,3833195.29
2016-01-20,2842888.66,2294689.37,548199.29,19.28,2,0,1,20,12385.0,10034.0,39639.0,0.00577,222.4,social_media,3518923.8,3759608.86
2016-01-21,3981191.66,3293021.93,688169.73,17.29,3,0,1,21,11496.0,8327.0,61265.0,0.00467,291.0,email_campaign,3623751.41,3768333.82
2016-01-22,3322730.4,2667153.86,655576.54,19.73,4,0,1,22,12866.0,9035.0,48203.0,0.00503,314.7,paid_search,3593769.13,3757208.78
2016-01-23,3998813.29,3324513.23,674300.06,16.86,5,1,1,23,12386.0,9914.0,44551.0,0.00549,255.5,social_media,3614046.56,3810557.99
2016-01-24,4734624.57,3904936.72,829687.85,17.52,6,1,1,24,12224.0,8763.0,54172.0,0.00539,283.0,organic_search,3686233.16,3860738.56
2016-01-25,5007306.32,4047871.63,959434.69,19.16,0,0,1,25,11670.0,8461.0,60857.0,0.00335,228.3,direct,3815112.7,3906122.67
2016-01-26,3544741.3,2876880.62,667860.68,18.84,1,0,1,26,13357.0,9544.0,51883.0,0.00481,139.3,organic_search,3918899.46,3854402.24
2016-01-27,4728554.45,3994526.08,734028.37,15.52,2,0,1,27,10112.0,7300.0,44184.0,0.00529,198.3,organic_search,4188280.28,3739354.83
2016-01-28,6717660.92,5529962.06,1187698.86,17.68,3,0,1,28,14033.0,10718.0,57073.0,0.00445,112.5,organic_search,4579204.46,3704605.22
2016-01-29,5013253.01,4078543.96,934709.05,18.64,4,0,1,29,10947.0,8155.0,50993.0,0.00328,162.5,referral,4820707.69,3673655.2
2016-01-30,6920879.78,5546795.93,1374083.85,19.85,5,1,1,30,12513.0,9653.0,65920.0,0.00502,134.5,paid_search,5238145.76,3691832.14
2016-01-31,6449751.32,5251383.47,1198367.85,18.58,6,1,1,31,11419.0,8209.0,38946.0,0.00334,254.7,organic_search,5483163.87,3711950.38
2016-02-01,5200767.32,4131331.82,1069435.5,20.56,0,0,2,32,17175.0,13626.0,59868.0,0.00533,148.7,paid_search,5510801.16,3800022.06
2016-02-02,2966994.87,2413250.92,553743.95,18.66,1,0,2,33,16623.0,12204.0,75261.0,0.00563,256.7,direct,5428265.95,3807440.32
2016-02-03,2273911.2,1841992.31,431918.89,18.99,2,0,2,34,19714.0,15698.0,104335.0,0.00518,101.6,paid_search,5077602.63,3803642.76
2016-02-04,2819439.59,2305544.16,513895.43,18.23,3,0,2,35,16103.0,12176.0,52113.0,0.00366,107.6,organic_search,4520713.87,3845700.41
2016-02-05,3680939.41,2987435.62,693503.79,18.84,4,0,2,36,15709.0,11623.0,76250.0,0.00345,250.3,paid_search,4330383.36,3890493.62
2016-02-06,4735761.79,3973322.09,762439.7,16.1,5,1,2,37,16126.0,12565.0,85675.0,0.00579,256.9,email_campaign,4018223.64,3964909.43
2016-02-07,4032333.88,3144310.26,888023.62,22.02,6,1,2,38,18608.0,13602.0,83077.0,0.004,149.2,paid_search,3672878.29,4008050.45
2016-02-08,3848593.44,3120549.68,728043.76,18.92,0,0,2,39,18097.0,13313.0,61310.0,0.0056,214.6,referral,3479710.6,4035438.18
2016-02-09,3979641.11,3286349.1,693292.01,17.42,1,0,2,40,17145.0,12244.0,68554.0,0.0039,127.1,organic_search,3624374.35,4030679.82
2016-02-10,3448601.24,2764263.83,684337.41,19.84,2,0,2,41,19010.0,14622.0,63376.0,0.00352,204.7,paid_search,3792187.21,4031163.97
2016-02-11,3717348.88,3000678.76,716670.12,19.28,3,0,2,42,20506.0,16732.0,86480.0,0.00528,256.6,social_media,3920459.96,4067487.68
2016-02-12,4035900.93,3269439.67,766461.26,18.99,4,0,2,43,18330.0,14596.0,70795.0,0.00504,129.6,organic_search,3971168.75,4126406.91
2016-02-13,4701818.64,3727060.93,974757.71,20.73,5,1,2,44,18473.0,14163.0,100174.0,0.00571,284.5,email_campaign,3966319.73,4174887.58
2016-02-14,4925684.12,4030980.54,894703.58,18.16,6,1,2,45,19163.0,14357.0,70990.0,0.0046,161.3,email_campaign,4093941.19,4221323.51
2016-02-15,4588032.77,3702428.02,885604.75,19.3,0,0,2,46,18698.0,13210.0,67308.0,0.00477,268.1,social_media,4199575.38,4245695.56
2016-02-16,3941056.12,3209642.29,731413.83,18.56,1,0,2,47,15627.0,11931.0,55669.0,0.00399,108.7,paid_search,4194063.24,4236086.82
2016-02-17,2962078.99,2374063.71,588015.28,19.85,2,0,2,48,17990.0,14392.0,66105.0,0.00339,200.0,social_media,4124560.06,4197984.47
2016-02-18,4009498.5,3301336.9,708161.6,17.66,3,0,2,49,20773.0,14775.0,93178.0,0.00411,196.6,email_campaign,4166295.72,4237693.28
2016-02-19,4571419.08,3665043.13,906375.95,19.83,4,0,2,50,15561.0,11243.0,83645.0,0.00573,298.3,email_campaign,4242798.32,4295310.96
2016-02-20,5176883.79,4193086.14,983797.65,19.0,5,1,2,51,18344.0,13061.0,94030.0,0.00566,313.8,organic_search,4310664.77,4335167.37
2016-02-21,4758472.96,3843027.26,915445.7,19.24,6,1,2,52,18371.0,14438.0,70445.0,0.00551,114.8,organic_search,4286777.46,4383025.45
2016-02-22,4721935.01,3825599.58,896335.43,18.98,0,0,2,53,16624.0,13434.0,54941.0,0.00327,239.1,paid_search,4305906.35,4407129.51
2016-02-23,4550216.22,3722357.32,827858.9,18.19,1,0,2,54,19443.0,15525.0,65423.0,0.00337,124.0,paid_search,4392929.22,4400982.57
2016-02-24,5790273.07,4665515.38,1124757.69,19.42,2,0,2,55,18131.0,12967.0,69981.0,0.00402,126.9,email_campaign,4796956.95,4427081.46
2016-02-25,7677182.49,6237906.21,1439276.28,18.75,3,0,2,56,17420.0,12431.0,72925.0,0.00338,140.0,organic_search,5320911.8,4564829.5
2016-02-26,7096236.89,5762106.77,1334130.12,18.8,4,0,2,57,18006.0,13934.0,57841.0,0.00469,124.5,organic_search,5681600.06,4643752.24
2016-02-27,6837275.28,5301081.64,1536193.64,22.47,5,1,2,58,15907.0,11168.0,82608.0,0.0043,205.6,email_campaign,5918798.85,4647739.39
2016-02-28,5117740.12,4142676.19,975063.93,19.05,6,1,2,59,18438.0,14716.0,67837.0,0.0041,105.0,direct,5970122.73,4651222.29
2016-02-29,3529083.59,2843903.05,685180.54,19.42,0,0,2,60,18504.0,14317.0,93760.0,0.0044,292.7,social_media,5799715.38,4538162.42
2016-03-01,709982.79,623398.17,86584.62,12.2,1,0,3,61,26992.0,21032.0,117947.0,0.00482,270.4,paid_search,5251110.6,4346836.8
2016-03-02,1479744.0,1243049.71,236694.29,16.0,2,0,3,62,24782.0,17548.0,132132.0,0.0055,182.5,organic_search,4635320.74,4222802.69
2016-03-03,2251060.05,1853979.92,397080.13,17.64,3,0,3,63,27680.0,22122.0,121091.0,0.00483,273.8,organic_search,3860160.39,4198938.2
2016-03-04,2778579.79,2305820.78,472759.01,17.01,4,0,3,64,26344.0,19353.0,103165.0,0.00447,270.7,referral,3243352.23,4215760.48
2016-03-05,3472294.22,2819038.04,653256.18,18.81,5,1,3,65,21768.0,17084.0,106947.0,0.00372,112.5,social_media,2762640.65,4237522.31
2016-03-06,3501407.51,2754054.05,747353.46,21.34,6,1,3,66,23121.0,17009.0,111366.0,0.00463,232.7,social_media,2531735.99,4231537.91
2016-03-07,4275566.76,3544887.63,730679.13,17.09,0,0,3,67,26576.0,20232.0,93060.0,0.00473,295.5,email_campaign,2638376.45,4216198.07
2016-03-08,4693887.34,3819333.06,874554.28,18.63,1,0,3,68,23750.0,17459.0,117371.0,0.00481,222.5,referral,3207505.67,4238249.86
2016-03-09,5050829.68,4101613.27,949216.41,18.79,2,0,3,69,30824.0,25068.0,141783.0,0.00575,279.8,paid_search,3717660.76,4278324.4
2016-03-10,7374516.48,5983967.59,1390548.89,18.86,3,0,3,70,25094.0,17925.0,130477.0,0.00511,232.2,social_media,4449583.11,4391486.91
2016-03-11,6281759.31,5065973.55,1215785.76,19.35,4,0,3,71,24168.0,16941.0,81811.0,0.00549,162.8,organic_search,4950037.33,4485925.51
2016-03-12,4673863.75,3853834.05,820029.7,17.55,5,1,3,72,24644.0,18973.0,135320.0,0.00421,144.1,organic_search,5121690.12,4517809.34
2016-03-13,4655322.31,3707033.48,948288.83,20.37,6,1,3,73,23591.0,18027.0,78079.0,0.00357,237.1,email_campaign,5286535.09,4538456.72
2016-03-14,5214530.57,4150309.08,1064221.49,20.41,0,0,3,74,23186.0,16474.0,101909.0,0.00531,174.9,organic_search,5420672.78,4555547.12
2016-03-15,5319085.92,4384259.36,934826.56,17.57,1,0,3,75,26245.0,21094.0,107523.0,0.00418,255.1,email_campaign,5509986.86,4568660.51
2016-03-16,6412758.35,5219744.05,1193014.3,18.6,2,0,3,76,24017.0,19505.0,100833.0,0.00475,190.9,email_campaign,5704548.1,4629484.7
2016-03-17,8569336.81,6809198.69,1760138.12,20.54,3,0,3,77,22714.0,18358.0,80292.0,0.00438,164.9,paid_search,5875236.72,4783760.72
2016-03-18,6917674.02,5792586.92,1125087.1,16.26,4,0,3,78,24107.0,18877.0,100707.0,0.00376,104.3,social_media,5966081.68,4915613.89
2016-03-19,5852909.53,4990341.15,862568.38,14.74,5,1,3,79,25702.0,18697.0,102180.0,0.00439,139.3,organic_search,6134516.79,4977060.92
2016-03-20,4759469.17,3951071.76,808397.41,16.99,6,1,3,80,22946.0,18176.0,88612.0,0.00361,118.7,referral,6149394.91,4983329.26
2016-03-21,5534732.74,4759221.87,775510.87,14.01,0,0,3,81,25412.0,19709.0,130203.0,0.00536,186.6,direct,6195138.08,4995257.56
2016-03-22,5449314.63,4970365.56,478949.07,8.79,1,0,3,82,26309.0,21458.0,121633.0,0.00536,192.7,direct,6213742.18,5018285.61
2016-03-23,6046593.49,5532819.27,513774.22,8.5,2,0,3,83,25486.0,18934.0,101106.0,0.00402,276.8,social_media,6161432.91,5062440.9
2016-03-24,7933448.72,7157854.93,775593.79,9.78,3,0,3,84,27354.0,21211.0,133470.0,0.00414,228.7,referral,6070591.76,5175215.31
2016-03-25,7008643.3,6273523.88,735119.42,10.49,4,0,3,85,25460.0,18987.0,117893.0,0.00387,194.2,social_media,6083587.37,5215827.65
2016-03-26,5197781.65,4790136.82,407644.83,7.84,5,1,3,86,19929.0,14574.0,107576.0,0.00377,160.5,email_campaign,5989997.67,5133180.96
2016-03-27,6141114.6,5639995.87,501118.73,8.16,6,1,3,87,27557.0,22581.0,93947.0,0.00335,131.6,organic_search,6187375.59,5101343.55
2016-03-28,5291170.65,4853169.6,438001.05,8.28,0,0,3,88,22971.0,18817.0,123376.0,0.00333,241.8,paid_search,6152581.01,5049806.73
2016-03-29,7521778.94,6878616.36,643162.58,8.55,1,0,3,89,24782.0,19479.0,88649.0,0.00353,275.0,paid_search,6448647.34,5129941.36
2016-03-30,14545392.64,13412468.3,1132924.34,7.79,2,0,3,90,28423.0,22198.0,105676.0,0.00348,255.8,direct,7662761.5,5497151.66
2016-03-31,14231299.73,12932629.87,1298669.86,9.13,3,0,3,91,27301.0,21181.0,141142.0,0.0056,102.6,paid_search,8562454.5,5947862.22
2016-04-01,12298083.49,11254792.81,1043290.68,8.48,4,0,4,92,35280.0,26110.0,148298.0,0.00392,268.9,organic_search,9318088.81,6308473.54
2016-04-02,13123488.4,12292938.79,830549.61,6.33,5,1,4,93,31285.0,24462.0,135264.0,0.00506,299.5,paid_search,10450332.64,6670887.82
2016-04-03,10576481.39,9627706.26,948775.13,8.97,6,1,4,94,39853.0,32209.0,171112.0,0.00504,189.2,paid_search,11083956.46,6930817.87
2016-04-04,4230255.21,3886345.44,343909.77,8.13,0,0,4,95,31700.0,22496.0,119980.0,0.00468,141.6,organic_search,10932397.11,6956083.24
2016-04-05,4598444.87,4315060.71,283384.16,6.16,1,0,4,96,33961.0,24714.0,144993.0,0.00473,148.9,referral,10514777.96,6992651.15
2016-04-06,5873076.02,5465466.98,407609.04,6.94,2,0,4,97,34563.0,26040.0,176971.0,0.00379,288.0,social_media,9275875.59,7045901.46
2016-04-07,5504606.21,5121344.12,383262.09,6.96,3,0,4,98,32223.0,24109.0,136308.0,0.00328,257.6,paid_search,8029205.08,7072925.42
2016-04-08,4323869.8,3902265.35,421604.45,9.75,4,0,4,99,40960.0,32614.0,222237.0,0.00455,144.5,email_campaign,6890031.7,7048693.42
2016-04-09,4537873.44,4208365.26,329508.18,7.26,5,1,4,100,32292.0,26311.0,117217.0,0.0036,180.3,social_media,5663515.28,6954138.66
2016-04-10,4898415.28,4517178.31,381236.97,7.78,6,1,4,101,29930.0,22120.0,132581.0,0.00364,283.9,social_media,4852362.98,6908027.19
2016-04-11,6193751.24,5553289.41,640461.83,10.34,0,0,4,102,31917.0,24194.0,128608.0,0.00568,319.0,organic_search,5132862.41,6958690.1
2016-04-12,5962850.28,5477134.6,485715.68,8.15,1,0,4,103,37526.0,28901.0,149781.0,0.00539,157.9,organic_search,5327777.47,7002274.37
2016-04-13,8636899.06,7772805.93,864093.13,10.0,2,0,4,104,38617.0,28257.0,149786.0,0.00459,272.3,direct,5722609.33,7116353.32
2016-04-14,7184576.35,6220003.38,964572.97,13.43,3,0,4,105,33689.0,26400.0,108173.0,0.00396,171.0,organic_search,5962605.06,7178536.33
2016-04-15,5910167.4,5244820.29,665347.11,11.26,4,0,4,106,36113.0,27136.0,163008.0,0.00329,279.8,email_campaign,6189219.01,7161783.3
2016-04-16,7075518.69,5997253.75,1078264.94,15.24,5,1,4,107,32898.0,24775.0,137463.0,0.00512,194.7,referral,6551739.76,7111989.36
2016-04-17,9065525.85,7747445.67,1318080.18,14.54,6,1,4,108,39389.0,30190.0,150023.0,0.004,160.0,direct,7147041.27,7183584.43
2016-04-18,7930420.94,6496267.7,1434153.24,18.08,0,0,4,109,33200.0,25788.0,142946.0,0.00395,271.6,email_campaign,7395136.94,7252834.81
2016-04-19,9299472.01,7665794.67,1633677.34,17.57,1,0,4,110,25488.0,19049.0,127287.0,0.00566,100.2,email_campaign,7871797.19,7404168.23
2016-04-20,11470503.55,9220652.39,2249851.16,19.61,2,0,4,111,35982.0,28963.0,152100.0,0.00388,227.7,referral,8276597.83,7602027.26
2016-04-21,9681621.65,7780628.47,1900993.18,19.64,3,0,4,112,33532.0,25443.0,151168.0,0.00393,107.6,referral,8633318.58,7743104.16
2016-04-22,6442191.99,5276646.93,1165545.06,18.09,4,0,4,113,35570.0,25756.0,137754.0,0.00337,182.7,email_campaign,8709322.1,7756290.78
2016-04-23,8225755.2,6488166.41,1737588.79,21.12,5,1,4,114,28997.0,21502.0,106569.0,0.00511,264.2,email_campaign,8873641.6,7766034.33
2016-04-24,8005992.5,6468446.01,1537546.49,19.2,6,1,4,115,34414.0,25043.0,161566.0,0.00572,105.1,organic_search,8722279.69,7799279.3
2016-04-25,11068078.01,8923524.58,2144553.43,19.38,0,0,4,116,31532.0,22488.0,150805.0,0.00569,268.7,organic_search,9170516.42,7994955.85
2016-04-26,11387120.36,9133066.32,2254054.04,19.79,1,0,4,117,29524.0,23522.0,148307.0,0.0055,164.1,paid_search,9468751.89,8169822.7
2016-04-27,16379722.53,13128158.81,3251563.72,19.85,2,0,4,118,33081.0,25297.0,181029.0,0.00524,196.6,paid_search,10170068.89,8539441.1
2016-04-28,17388183.19,13978683.94,3409499.25,19.61,3,0,4,119,34354.0,25822.0,179278.0,0.00337,246.1,organic_search,11271006.25,8868321.24
2016-04-29,16966030.5,13610990.42,3355040.08,19.78,4,0,4,120,30530.0,24073.0,132543.0,0.00425,177.8,organic_search,12774411.76,8949009.17
2016-04-30,12874790.56,10476104.29,2398686.27,18.63,5,1,4,121,35212.0,27908.0,135944.0,0.00511,280.7,paid_search,13438559.66,8903792.2
2016-05-01,11553720.73,9387796.08,2165924.65,18.75,6,1,5,122,34863.0,28526.0,139903.0,0.00563,161.1,paid_search,13945377.98,8878980.11
2016-05-02,8891959.72,7094979.67,1796980.05,20.21,0,0,5,123,28519.0,20889.0,102461.0,0.00452,222.0,social_media,13634503.94,8737929.15
2016-05-03,6609488.85,5263847.33,1345641.52,20.36,1,0,5,124,34982.0,28060.0,139084.0,0.00329,242.0,email_campaign,12951985.15,8605696.07
2016-05-04,6041365.35,4874007.55,1167357.8,19.32,2,0,5,125,35348.0,28169.0,166330.0,0.00548,147.9,organic_search,11475076.99,8666066.4
2016-05-05,6026491.95,4682705.07,1343786.88,22.3,3,0,5,126,29771.0,24087.0,113984.0,0.00327,299.8,referral,9851978.24,8713667.97
2016-05-06,5884185.84,4692160.58,1192025.26,20.26,4,0,5,127,27614.0,21353.0,147246.0,0.00508,190.0,email_campaign,8268857.57,8714038.3
2016-05-07,5016235.82,3962154.52,1054081.3,21.01,5,1,5,128,39792.0,30635.0,144054.0,0.00524,134.9,email_campaign,7146206.89,8697759.29
2016-05-08,4730903.12,3759762.75,971140.37,20.53,6,1,5,129,28966.0,22933.0,103613.0,0.0054,317.6,direct,6171518.66,8711327.07
2016-05-09,7307039.01,5990848.79,1316190.22,18.01,0,0,5,130,28369.0,21061.0,128664.0,0.00412,235.2,organic_search,5945101.42,8803632.58
2016-05-10,6636687.87,5216849.07,1419838.8,21.39,1,0,5,131,31941.0,25837.0,121960.0,0.00431,287.4,paid_search,5948986.99,8861575.0
2016-05-11,8452886.26,6878143.05,1574743.21,18.63,2,0,5,132,29147.0,20594.0,106696.0,0.00349,101.1,email_campaign,6293489.98,8936879.5
2016-05-12,10736290.28,8789857.02,1946433.26,18.13,3,0,5,133,32448.0,26326.0,125722.0,0.00432,316.3,email_campaign,6966318.31,9095994.17
2016-05-13,9817523.43,7817935.3,1999588.13,20.37,4,0,5,134,33242.0,25095.0,165737.0,0.00442,211.1,organic_search,7528223.68,9135348.32
2016-05-14,7446413.22,6064015.7,1382397.52,18.56,5,1,5,135,32697.0,24039.0,176295.0,0.00335,123.0,direct,7875391.88,9144076.21
2016-05-15,6413929.56,4998345.42,1415584.14,22.07,6,1,5,136,30664.0,21972.0,147428.0,0.00328,154.8,paid_search,8115824.23,9160868.28
2016-05-16,7701732.93,5993216.92,1708516.01,22.18,0,0,5,137,30307.0,23701.0,132156.0,0.00545,292.6,organic_search,8172209.08,9181742.09
2016-05-17,8631034.09,6848845.3,1782188.79,20.65,1,0,5,138,34353.0,25229.0,131140.0,0.00557,187.9,organic_search,8457115.68,9167259.03
2016-05-18,8416389.92,6811181.17,1605208.75,19.07,2,0,5,139,30584.0,21640.0,126637.0,0.00426,279.5,email_campaign,8451901.92,9183458.0
2016-05-19,11212790.37,9063577.59,2149212.78,19.17,3,0,5,140,32056.0,25670.0,117450.0,0.00405,127.4,organic_search,8519973.36,9247235.28
2016-05-20,10058131.11,8217262.68,1840868.43,18.3,4,0,5,141,26494.0,18959.0,102959.0,0.0039,189.2,paid_search,8554345.89,9200156.2
2016-05-21,7447083.47,5895652.1,1551431.37,20.83,5,1,5,142,32181.0,24897.0,123544.0,0.00438,130.4,organic_search,8554441.64,9125671.59
2016-05-22,7687940.04,6156525.22,1531414.82,19.92,6,1,5,143,27855.0,21321.0,133211.0,0.00549,186.6,email_campaign,8736443.13,9167196.53
2016-05-23,8645211.05,7045764.67,1599446.38,18.5,0,0,5,144,33895.0,25827.0,179800.0,0.00409,139.8,social_media,8871225.72,9181178.39
2016-05-24,8183351.87,6580079.91,1603271.96,19.59,1,0,5,145,33317.0,27062.0,128279.0,0.00484,108.3,organic_search,8807271.12,9187090.37
2016-05-25,9916196.12,7860116.29,2056079.83,20.73,2,0,5,146,30559.0,22955.0,137420.0,0.00435,235.6,email_campaign,9021529.15,9148694.3
2016-05-26,12748857.56,10440320.85,2308536.71,18.11,3,0,5,147,29012.0,22400.0,100854.0,0.00351,310.9,paid_search,9240967.32,9194085.54
2016-05-27,10645860.16,8560911.95,2084948.21,19.58,4,0,5,148,31654.0,22277.0,117413.0,0.00505,287.8,social_media,9324928.61,9002956.8
2016-05-28,7818417.53,6306590.85,1511826.68,19.34,5,1,5,149,30406.0,23858.0,120385.0,0.00552,319.8,social_media,9377976.33,8683964.61
2016-05-29,6277386.71,4980964.03,1296422.68,20.65,6,1,5,150,30163.0,23872.0,134316.0,0.00351,252.6,paid_search,9176468.71,8327676.48
2016-05-30,15902645.06,12868500.26,3034144.8,19.08,0,0,5,151,30700.0,24332.0,126409.0,0.0034,221.1,referral,10213245.0,8428604.97
2016-05-31,15273734.62,12146387.51,3127347.11,20.48,1,0,5,152,29707.0,22770.0,157676.0,0.00397,244.4,paid_search,11226156.82,8552605.43
2016-06-01,15027967.48,12020718.26,3007249.22,20.01,2,0,6,153,30361.0,23705.0,131150.0,0.00322,112.3,social_media,11956409.87,8757139.02
2016-06-02,15450407.81,12454831.83,2995575.98,19.39,3,0,6,154,32911.0,23190.0,131608.0,0.00335,102.3,email_campaign,12342345.62,9051836.32
2016-06-03,14905219.23,12099283.96,2805935.27,18.83,4,0,6,155,32205.0,22850.0,156430.0,0.00534,123.3,paid_search,12950825.49,9347298.12
2016-06-04,3543917.94,2852864.04,691053.9,19.5,5,1,6,156,33568.0,26608.0,156310.0,0.00327,281.6,organic_search,12340182.69,9264545.65
2016-06-05,5281645.29,4151357.66,1130287.63,21.4,6,1,6,157,36075.0,26306.0,189010.0,0.00502,301.3,organic_search,12197933.92,9244460.96
2016-06-06,5164395.26,4100125.08,1064270.18,20.61,0,0,6,158,35520.0,28801.0,186061.0,0.00355,148.9,direct,10663898.23,9249399.61
2016-06-07,6484605.21,5302528.24,1182076.97,18.23,1,0,6,159,31431.0,22311.0,100680.0,0.00464,141.9,paid_search,9408308.32,9307856.35
2016-06-08,8622987.0,7158408.04,1464578.96,16.98,2,0,6,160,36825.0,28833.0,126407.0,0.00529,157.7,social_media,8493311.11,9351721.28
2016-06-09,6719422.7,5484927.09,1234495.61,18.37,3,0,6,161,31212.0,25556.0,126443.0,0.00475,175.3,social_media,7246027.52,9354479.11
2016-06-10,5856690.47,4774033.93,1082656.54,18.49,4,0,6,162,30303.0,21771.0,102242.0,0.00391,140.7,email_campaign,5953380.55,9267939.25
2016-06-11,5949391.29,4761365.56,1188025.73,19.97,5,1,6,163,36969.0,26563.0,195790.0,0.00555,269.0,referral,6297019.6,9108375.95
2016-06-12,6087764.33,4901187.37,1186576.96,19.49,6,1,6,164,28697.0,20793.0,103189.0,0.00353,121.1,organic_search,6412179.47,8984050.65
2016-06-13,6889883.95,5491827.46,1398056.49,20.29,0,0,6,165,34063.0,26928.0,163122.0,0.00465,272.3,paid_search,6658677.85,8965499.67
2016-06-14,9141001.7,7338757.88,1802243.82,19.72,1,0,6,166,34397.0,24679.0,186716.0,0.00459,157.2,direct,7038163.06,9056402.08
2016-06-15,9864183.86,7853426.55,2010757.31,20.38,2,0,6,167,33083.0,23250.0,168360.0,0.00527,187.5,referral,7215476.9,9128483.77
2016-06-16,10058421.18,8220535.81,1837885.37,18.27,3,0,6,168,28041.0,21006.0,133556.0,0.00422,190.4,email_campaign,7692476.68,9176063.34
2016-06-17,5423957.08,4250810.07,1173147.01,21.63,4,0,6,169,35068.0,25926.0,187271.0,0.0038,247.1,organic_search,7630657.63,9076315.58
2016-06-18,7882351.1,6322388.46,1559962.64,19.79,5,1,6,170,34886.0,27062.0,161199.0,0.00367,265.2,paid_search,7906794.74,8965300.94
2016-06-19,7908073.31,6297385.32,1610687.99,20.37,6,1,6,171,38767.0,27509.0,168541.0,0.00456,315.5,social_media,8166838.88,8893632.35
2016-06-20,7266335.58,5841977.09,1424358.49,19.6,0,0,6,172,32245.0,23977.0,135266.0,0.00563,128.8,organic_search,8220617.69,8887607.42
2016-06-21,8500049.69,6752198.15,1747851.54,20.56,1,0,6,173,30312.0,24040.0,97709.0,0.00536,155.5,social_media,8129053.11,8914677.74
2016-06-22,10283795.21,8167871.69,2115923.52,20.58,2,0,6,174,27007.0,19832.0,96954.0,0.00517,280.0,social_media,8188997.59,8969297.21
2016-06-23,9872888.2,7950198.34,1922689.86,19.47,3,0,6,175,33787.0,26228.0,165215.0,0.00506,224.4,paid_search,8162492.88,9025615.09
2016-06-24,7881916.83,6508523.99,1373392.84,17.42,4,0,6,176,38202.0,29924.0,190436.0,0.00485,282.1,social_media,8513629.99,8957805.78
2016-06-25,6886227.09,6096912.54,789314.55,11.46,5,1,6,177,36799.0,28971.0,181381.0,0.00391,178.7,paid_search,8371326.56,8762384.76
2016-06-26,6698524.32,6144242.3,554282.02,8.27,6,1,6,178,31541.0,23069.0,162759.0,0.00498,183.5,organic_search,8198533.85,8630806.9
2016-06-27,6871506.56,6833479.69,38026.87,0.55,0,0,6,179,33556.0,26721.0,143772.0,0.00493,127.1,email_campaign,8142129.7,8599243.2
2016-06-28,8247984.99,8163713.72,84271.27,1.02,1,0,6,180,34476.0,27429.0,137302.0,0.00435,159.4,social_media,8106120.46,8664929.81
2016-06-29,13343751.12,13303063.47,40687.65,0.3,2,0,6,181,32831.0,23468.0,164936.0,0.00525,184.0,organic_search,8543257.02,8579633.35
2016-06-30,11824115.33,11686500.64,137614.69,1.16,3,0,6,182,33061.0,25436.0,157305.0,0.00484,275.1,email_campaign,8822003.75,8464646.04
2016-07-01,10173764.85,10138330.52,35434.33,0.35,4,0,7,183,27643.0,19559.0,99053.0,0.00395,318.0,social_media,9149410.61,8302839.28
2016-07-02,8800553.93,8597989.65,202564.28,2.3,5,1,7,184,22725.0,16342.0,93039.0,0.00429,146.9,email_campaign,9422885.87,8081177.49
2016-07-03,6426683.62,6344095.57,82588.05,1.29,6,1,7,185,26996.0,20540.0,106634.0,0.00388,123.5,social_media,9384051.49,7798559.63
2016-07-04,1386571.93,1325944.63,60627.3,4.37,0,0,7,186,26647.0,21584.0,138858.0,0.00478,271.0,organic_search,8600489.4,7726648.1
2016-07-05,2748779.52,2677876.06,70903.46,2.58,1,0,7,187,24584.0,18565.0,115188.0,0.00348,139.8,paid_search,7814888.61,7642219.24
2016-07-06,2703265.31,2729115.94,-25850.63,-0.96,2,0,7,188,27547.0,20443.0,98375.0,0.00338,291.1,social_media,6294819.21,7560181.58
2016-07-07,4517288.27,4518370.11,-1081.84,-0.02,3,0,7,189,23757.0,19475.0,122326.0,0.00537,150.9,paid_search,5250986.78,7494604.34
2016-07-08,3773827.56,3763622.72,10204.84,0.27,4,0,7,190,30223.0,22727.0,147211.0,0.00486,123.4,email_campaign,4336710.02,7332965.7
2016-07-09,4051086.89,3956559.68,94527.21,2.33,5,1,7,191,28415.0,20298.0,102750.0,0.00322,284.3,organic_search,3658214.73,7244021.17
2016-07-10,4008532.54,3789183.06,219349.48,5.47,6,1,7,192,26627.0,18741.0,121806.0,0.00495,142.3,organic_search,3312764.57,7182415.9
2016-07-11,4094198.38,3954521.72,139676.66,3.41,0,0,7,193,23750.0,17184.0,100402.0,0.00353,309.5,email_campaign,3699568.35,7120576.14
2016-07-12,4373623.08,4271906.38,101716.7,2.33,1,0,7,194,25090.0,19330.0,108000.0,0.00491,109.9,paid_search,3931688.86,7063438.1
2016-07-13,3978100.94,3903887.84,74213.1,1.87,2,0,7,195,25456.0,19617.0,112461.0,0.00498,307.1,organic_search,4113808.24,6966378.67
2016-07-14,5834657.65,5776926.66,57730.99,0.99,3,0,7,196,26102.0,21123.0,103066.0,0.00477,184.2,social_media,4302003.86,6856167.2
2016-07-15,5538171.41,5410397.02,127774.39,2.31,4,0,7,197,24689.0,19531.0,81948.0,0.00417,116.4,organic_search,4554052.98,6711966.78
2016-07-16,4146739.21,3932641.54,214097.67,5.16,5,1,7,198,24381.0,18562.0,120554.0,0.00511,188.1,organic_search,4567717.6,6514910.72
2016-07-17,4362617.65,4257377.15,105240.5,2.41,6,1,7,199,23404.0,17521.0,124678.0,0.00353,104.8,organic_search,4618301.19,6479532.74
2016-07-18,4037086.77,4032049.3,5037.47,0.12,0,0,7,200,26498.0,19304.0,88806.0,0.00441,317.7,email_campaign,4610142.39,6351357.26
2016-07-19,4972014.76,4468539.05,503475.71,10.13,1,0,7,201,24148.0,18248.0,92848.0,0.00378,151.9,email_campaign,4695626.91,6253488.64
2016-07-20,5743038.13,4989427.8,753610.33,13.12,2,0,7,202,26407.0,18650.0,132572.0,0.00381,299.8,social_media,4947760.8,6202712.06
2016-07-21,6234589.1,5454135.01,780454.09,12.52,3,0,7,203,26495.0,20970.0,114364.0,0.00387,119.0,social_media,5004893.86,6127196.7
2016-07-22,6429688.49,5405412.2,1024276.29,15.93,4,0,7,204,24845.0,18827.0,111995.0,0.00372,316.1,organic_search,5132253.44,5998726.48
2016-07-23,5794840.19,4693760.16,1101080.03,19.0,5,1,7,205,25328.0,20611.0,91707.0,0.00375,185.8,email_campaign,5367696.44,5862791.55
2016-07-24,4992598.4,3988427.93,1004170.47,20.11,6,1,7,206,26287.0,18818.0,109309.0,0.00444,229.7,paid_search,5457693.69,5766480.93
2016-07-25,6602810.86,5210533.01,1392277.85,21.09,0,0,7,207,26214.0,19627.0,122354.0,0.00345,291.6,email_campaign,5824225.7,5757033.73
2016-07-26,7851989.46,6298482.2,1553507.26,19.78,1,0,7,208,28240.0,21589.0,134010.0,0.00519,119.7,organic_search,6235650.66,5795482.56
2016-07-27,7880563.86,6294203.51,1586360.35,20.13,2,0,7,209,27237.0,21103.0,88734.0,0.00536,157.0,organic_search,6541011.48,5829117.81
2016-07-28,10561338.25,8364736.75,2196601.5,20.8,3,0,7,210,25533.0,18068.0,103976.0,0.00502,281.6,social_media,7159118.5,5906229.58
2016-07-29,9786083.49,8009568.05,1776515.44,18.15,4,0,7,211,28740.0,20665.0,154184.0,0.00447,110.0,social_media,7638603.5,5787640.66
2016-07-30,6346290.87,5035247.55,1311043.32,20.66,5,1,7,212,27670.0,21379.0,96328.0,0.00423,255.3,paid_search,7717382.17,5605046.51
2016-07-31,11015269.56,8901256.98,2114012.58,19.19,6,1,7,213,29012.0,22088.0,136051.0,0.00576,197.3,social_media,8577763.76,5633096.67
2016-08-01,10793582.2,8684114.27,2109467.93,19.54,0,0,8,214,26556.0,20258.0,131761.0,0.00456,297.3,organic_search,9176445.38,5699530.94
2016-08-02,9744357.22,7715286.95,2029070.27,20.82,1,0,8,215,29110.0,20880.0,147042.0,0.00375,101.8,referral,9446783.64,5810120.06
2016-08-03,9904285.99,7903743.51,2000542.48,20.2,2,0,8,216,27129.0,21732.0,127147.0,0.00444,137.1,paid_search,9735886.8,6094043.87
2016-08-04,9495153.07,7445312.45,2049840.62,21.59,3,0,8,217,29332.0,21908.0,137738.0,0.00543,272.8,paid_search,9583574.63,6318922.99
2016-08-05,5608281.75,4405172.77,1203108.98,21.45,4,0,8,218,27384.0,20014.0,98121.0,0.00453,219.5,paid_search,8986745.81,6415756.87
2016-08-06,3417126.9,2778007.61,639119.29,18.7,5,1,8,219,28180.0,22272.0,133138.0,0.00536,178.5,email_campaign,8568293.81,6379084.82
2016-08-07,4427581.45,3417549.23,1010032.22,22.81,6,1,8,220,29434.0,22994.0,147103.0,0.00411,280.1,email_campaign,7627195.51,6400876.62
2016-08-08,4350104.4,3457274.61,892829.79,20.52,0,0,8,221,34462.0,25228.0,175155.0,0.00438,188.3,paid_search,6706698.68,6410843.87
2016-08-09,5367433.58,4307308.14,1060125.44,19.75,1,0,8,222,26386.0,19781.0,111721.0,0.00335,132.6,paid_search,6081423.88,6456140.57
2016-08-10,6219835.93,4989664.4,1230171.53,19.78,2,0,8,223,33121.0,27111.0,133606.0,0.00492,132.5,referral,5555073.87,6526995.15
2016-08-11,6515630.05,5260377.53,1255252.52,19.27,3,0,8,224,31742.0,24365.0,161020.0,0.00378,245.3,organic_search,5129427.72,6598395.39
2016-08-12,6119372.31,4890673.79,1228698.52,20.08,4,0,8,225,27987.0,19679.0,94711.0,0.00363,316.6,social_media,5202440.66,6669771.1
2016-08-13,4911652.24,4032826.41,878825.83,17.89,5,1,8,226,25016.0,17540.0,123852.0,0.00553,196.7,social_media,5415944.28,6639004.25
2016-08-14,4133214.74,3276890.85,856323.89,20.72,6,1,8,227,27633.0,20341.0,90982.0,0.00509,156.4,social_media,5373891.89,6592172.36
2016-08-15,5605211.59,4497185.08,1108026.51,19.77,0,0,8,228,31092.0,23420.0,110105.0,0.00515,121.7,organic_search,5553192.92,6640788.11
2016-08-16,5622571.31,4439845.57,1182725.74,21.04,1,0,8,229,29690.0,23156.0,154339.0,0.0046,247.4,organic_search,5589641.17,6682786.56
2016-08-17,5481191.48,4224740.02,1256451.46,22.92,2,0,8,230,31419.0,22260.0,132681.0,0.00347,314.6,organic_search,5484120.53,6730923.39
2016-08-18,9528740.46,7920089.68,1608650.78,16.88,3,0,8,231,24412.0,18601.0,116144.0,0.00457,194.8,email_campaign,5914564.88,6882814.24
2016-08-19,6546299.57,5278113.04,1268186.53,19.37,4,0,8,232,28446.0,20582.0,92462.0,0.00492,218.6,paid_search,5975554.48,6909589.63
2016-08-20,5781551.94,4564247.81,1217304.13,21.05,5,1,8,233,27262.0,21783.0,149049.0,0.00483,164.7,social_media,6099825.87,6894488.39
2016-08-21,6521389.47,5328696.02,1192693.45,18.29,6,1,8,234,27254.0,22311.0,103705.0,0.00343,127.6,paid_search,6440993.69,6897545.09
2016-08-22,5219998.72,4287522.68,932476.04,17.86,0,0,8,235,28141.0,20906.0,121068.0,0.00419,122.1,organic_search,6385963.28,6878383.7
2016-08-23,4815121.42,3868404.84,946716.58,19.66,1,0,8,236,29012.0,22783.0,134510.0,0.00344,298.5,paid_search,6270613.29,6872467.8
2016-08-24,6292751.73,5100249.41,1192502.32,18.95,2,0,8,237,28046.0,22781.0,106186.0,0.00364,126.3,referral,6386550.47,6862132.5
2016-08-25,8794928.73,6977759.11,1817169.62,20.66,3,0,8,238,30846.0,23195.0,102990.0,0.00573,296.6,social_media,6281720.23,6893563.81
2016-08-26,5680360.34,4488665.83,1191694.51,20.98,4,0,8,239,32227.0,22624.0,104810.0,0.00471,196.4,organic_search,6158014.62,6820223.69
2016-08-27,4561647.77,3662367.33,899280.44,19.71,5,1,8,240,29576.0,23100.0,114347.0,0.00322,217.9,social_media,5983742.6,6620234.01
2016-08-28,15158669.18,12249721.23,2908947.95,19.19,6,1,8,241,30591.0,23449.0,144030.0,0.00448,245.6,email_campaign,7217639.7,6799320.2
2016-08-29,14043471.1,11328872.12,2714598.98,19.33,0,0,8,242,27102.0,21683.0,109621.0,0.004,157.4,social_media,8478135.75,7055892.87
2016-08-30,13812380.3,11037531.68,2774848.62,20.09,1,0,8,243,27808.0,21416.0,149144.0,0.00414,220.4,email_campaign,9763458.45,7149129.9
2016-08-31,12534594.92,10091516.93,2443077.99,19.49,2,0,8,244,27343.0,21369.0,102717.0,0.00488,254.1,paid_search,10655150.33,7207163.66
2016-09-01,12403544.62,10116739.78,2286804.84,18.44,3,0,9,245,21640.0,17149.0,109678.0,0.00364,204.0,social_media,11170666.89,7295803.24
2016-09-02,2363186.38,2197302.32,165884.06,7.02,4,0,9,246,24806.0,19936.0,112082.0,0.00349,108.5,referral,10696784.9,7044433.25
2016-09-03,2854708.14,2576390.08,278318.06,9.75,5,1,9,247,19833.0,16155.0,91836.0,0.00376,278.4,paid_search,10452936.38,6823085.08
2016-09-04,2911393.7,2610346.46,301047.24,10.34,6,1,9,248,19186.0,14935.0,103136.0,0.00384,311.9,social_media,8703325.59,6733188.82
2016-09-05,4157930.98,3683805.93,474125.05,11.4,0,0,9,249,25486.0,19924.0,89356.0,0.00473,269.1,organic_search,7291105.58,6757882.28
2016-09-06,4457820.99,4021959.96,435861.03,9.78,1,0,9,250,17889.0,12808.0,78449.0,0.0039,105.0,organic_search,5954739.96,6758890.27
2016-09-07,2727504.52,2482230.36,245274.16,8.99,2,0,9,251,23068.0,16975.0,76283.0,0.00485,249.0,social_media,4553727.05,6704803.61
2016-09-08,2950156.73,2710099.28,240057.45,8.14,3,0,9,252,21760.0,16332.0,101591.0,0.00347,108.0,referral,3203243.06,6624227.71
2016-09-09,4080455.52,3550531.35,529924.17,12.99,4,0,9,253,20850.0,16841.0,101356.0,0.00425,184.7,social_media,3448567.23,6552915.03
2016-09-10,3383667.97,3081087.79,302580.18,8.94,5,1,9,254,23004.0,16494.0,79664.0,0.00506,187.2,social_media,3524132.92,6448516.3
2016-09-11,4791697.67,4209772.35,581925.32,12.14,6,1,9,255,20958.0,16065.0,108501.0,0.00368,228.5,organic_search,3792747.77,6404260.47
2016-09-12,5675073.45,5130706.55,544366.9,9.59,0,0,9,256,20790.0,14729.0,68994.0,0.00502,285.4,paid_search,4009482.41,6429707.85
2016-09-13,5639925.61,5076124.78,563800.83,10.0,1,0,9,257,19627.0,14282.0,82026.0,0.00435,291.1,email_campaign,4178354.5,6479931.54
2016-09-14,4385149.48,3911967.05,473182.43,10.79,2,0,9,258,21671.0,15592.0,109106.0,0.00324,100.9,referral,4415160.92,6439262.81
2016-09-15,3714513.35,3311188.02,403325.33,10.86,3,0,9,259,21936.0,17311.0,112756.0,0.00552,224.3,referral,4524354.72,6375660.87
2016-09-16,4018602.31,3556568.41,462033.9,11.5,4,0,9,260,19725.0,14698.0,99907.0,0.00323,127.6,social_media,4515518.55,6326907.9
2016-09-17,4431680.09,3843688.85,587991.24,13.27,5,1,9,261,21486.0,15561.0,106089.0,0.00519,146.2,email_campaign,4665234.57,6157005.89
2016-09-18,4942620.63,4382989.7,559630.93,11.32,6,1,9,262,22263.0,15923.0,80501.0,0.00459,123.9,referral,4686794.99,6103549.93
2016-09-19,5350877.2,4783146.79,567730.41,10.61,0,0,9,263,19562.0,15211.0,102109.0,0.00418,146.7,paid_search,4640481.24,6089194.1
2016-09-20,4950112.24,4381290.5,568821.74,11.49,1,0,9,264,19759.0,15855.0,95177.0,0.00443,162.9,referral,4541936.47,6036818.19
2016-09-21,4415854.52,4042078.78,373775.74,8.46,2,0,9,265,20826.0,16905.0,92394.0,0.00368,134.3,organic_search,4546322.91,6010013.39
2016-09-22,3570383.96,3326231.28,244152.68,6.84,3,0,9,266,19679.0,15286.0,69619.0,0.00511,114.9,social_media,4525732.99,5968522.14
2016-09-23,4188287.62,3857859.5,330428.12,7.89,4,0,9,267,19211.0,13838.0,79369.0,0.0032,148.8,referral,4549973.75,5898373.33
2016-09-24,3669054.98,3149906.57,519148.41,14.15,5,1,9,268,19661.0,16063.0,92931.0,0.00529,202.0,paid_search,4441027.31,5727510.88
2016-09-25,5830714.93,5221915.5,608799.43,10.44,6,1,9,269,19504.0,15832.0,66917.0,0.00339,273.6,organic_search,4567897.92,5732522.7
2016-09-26,6888617.97,6121949.95,766668.02,11.13,0,0,9,270,19551.0,14186.0,67786.0,0.00565,189.0,paid_search,4787575.17,5810088.37
2016-09-27,8489123.16,7795904.94,693218.22,8.17,1,0,9,271,20064.0,16348.0,65220.0,0.00405,304.2,paid_search,5293148.16,5587770.17
2016-09-28,7567886.85,6824968.63,742918.22,9.82,2,0,9,272,20824.0,15238.0,110681.0,0.00544,163.1,organic_search,5743438.5,5371917.36
2016-09-29,5432931.71,4892504.82,540426.89,9.95,3,0,9,273,18850.0,13877.0,64838.0,0.00431,106.4,paid_search,6009516.75,5092602.41
2016-09-30,4909635.76,4205412.15,704223.61,14.34,4,0,9,274,19952.0,16032.0,84119.0,0.00522,140.0,referral,6112566.48,4838437.1
2016-10-01,4366699.03,3701260.21,665438.82,15.24,5,1,10,275,15690.0,12077.0,66861.0,0.00401,235.6,organic_search,6212229.92,4570542.25
2016-10-02,2596796.4,1974164.43,622631.97,23.98,6,1,10,276,16303.0,12829.0,86204.0,0.0057,178.6,organic_search,5750241.55,4578329.25
2016-10-03,2548741.44,2097911.33,450830.11,17.69,0,0,10,277,16160.0,13151.0,84680.0,0.00368,255.4,organic_search,5130259.19,4568130.36
2016-10-04,3461082.31,2850191.25,610891.06,17.65,1,0,10,278,18099.0,14630.0,86359.0,0.00427,270.3,paid_search,4411967.64,4586453.31
2016-10-05,3424882.78,2746226.47,678656.31,19.82,2,0,10,279,17094.0,13193.0,84900.0,0.00382,152.1,paid_search,3820109.92,4562018.37
2016-10-06,2895028.23,2454432.63,440595.6,15.22,3,0,10,280,16480.0,12069.0,57200.0,0.0044,200.4,direct,3457552.28,4509925.28
2016-10-07,3222934.99,2477341.55,745593.44,23.13,4,0,10,281,18947.0,14466.0,88287.0,0.00375,130.4,social_media,3216595.03,4526439.63
2016-10-08,3101070.27,2574361.13,526709.14,16.98,5,1,10,282,16749.0,13285.0,90179.0,0.00569,119.7,organic_search,3035790.92,4531470.08
2016-10-09,3313712.48,2583489.11,730223.37,22.04,6,1,10,283,13627.0,9848.0,63580.0,0.00504,239.5,paid_search,3138207.5,4505911.98
2016-10-10,4264616.83,3371581.16,893035.67,20.94,0,0,10,284,17553.0,12553.0,69444.0,0.00421,191.3,social_media,3383332.56,4535276.94
2016-10-11,4422185.53,3581266.99,840918.54,19.02,1,0,10,285,15134.0,11420.0,51660.0,0.00351,194.3,paid_search,3520633.02,4522959.87
2016-10-12,4541598.24,3524730.02,1016868.22,22.39,2,0,10,286,16384.0,12184.0,80295.0,0.00377,315.8,email_campaign,3680163.8,4485177.36
2016-10-13,3317032.06,2649214.4,667817.66,20.13,3,0,10,287,16117.0,12753.0,75419.0,0.00541,258.5,email_campaign,3740450.06,4407747.58
2016-10-14,3511630.87,2718591.77,793039.1,22.58,4,0,10,288,15800.0,11450.0,61624.0,0.00469,296.7,email_campaign,3781692.33,4378630.29
2016-10-15,3943248.97,3043533.56,899715.41,22.82,5,1,10,289,16332.0,12994.0,52674.0,0.00492,155.9,email_campaign,3902003.57,4386254.81
2016-10-16,4376304.87,3413503.15,962801.72,22.0,6,1,10,290,16728.0,12769.0,77896.0,0.00462,289.6,email_campaign,4053802.48,4398178.23
2016-10-17,3037287.93,2453991.87,583296.06,19.2,0,0,10,291,16976.0,12404.0,85828.0,0.00457,204.5,social_media,3878469.78,4351698.49
2016-10-18,4508859.09,3657069.31,851789.78,18.89,1,0,10,292,15801.0,11691.0,84041.0,0.00524,192.0,email_campaign,3890851.72,4337239.77
2016-10-19,4228189.57,3396000.86,832188.71,19.68,2,0,10,293,16470.0,12951.0,58118.0,0.00417,318.6,social_media,3846079.05,4299816.85
2016-10-20,2846518.01,2260628.69,585889.32,20.58,3,0,10,294,15730.0,12739.0,76784.0,0.00563,197.5,organic_search,3778862.76,4229697.05
2016-10-21,3272036.28,2634207.2,637829.08,19.49,4,0,10,295,18497.0,13104.0,61071.0,0.00398,135.0,email_campaign,3744634.96,4191569.77
2016-10-22,3948044.16,3231763.1,716281.06,18.14,5,1,10,296,17596.0,14020.0,78544.0,0.00424,190.1,referral,3745319.99,4204158.44
2016-10-23,3383059.2,2666084.61,716974.59,21.19,6,1,10,297,15290.0,10820.0,78871.0,0.00579,167.0,social_media,3603427.75,4177317.5
2016-10-24,4380387.44,3526727.23,853660.21,19.49,0,0,10,298,16565.0,12863.0,81578.0,0.00426,263.5,referral,3795299.11,4201028.58
2016-10-25,4299274.8,3249930.02,1049344.78,24.41,1,0,10,299,17226.0,13670.0,66957.0,0.00464,133.5,social_media,3765358.49,4149980.57
2016-10-26,4706906.11,3751859.51,955046.6,20.29,2,0,10,300,17265.0,13081.0,64846.0,0.00511,138.8,paid_search,3833746.57,4077256.85
2016-10-27,4202633.76,3430770.86,771862.9,18.37,3,0,10,301,16121.0,11701.0,83758.0,0.00442,220.9,organic_search,4027477.39,3934373.87
2016-10-28,7095459.64,5821255.79,1274203.85,17.96,4,0,10,302,16013.0,12025.0,51729.0,0.00362,191.4,organic_search,4573680.73,3918626.29
2016-10-29,7748034.04,6291672.94,1456361.1,18.8,5,1,10,303,16178.0,12385.0,65228.0,0.004,258.1,paid_search,5116536.43,3995796.37
2016-10-30,6231866.09,5021019.4,1210846.69,19.43,6,1,10,304,14980.0,10862.0,76509.0,0.00522,260.3,referral,5523508.84,4039870.71
2016-10-31,6154479.92,4923620.6,1230859.32,20.0,0,0,10,305,14528.0,11617.0,48878.0,0.00447,200.6,organic_search,5776950.62,4099463.41
2016-11-01,7719179.86,6108632.49,1610547.37,20.86,1,0,11,306,9921.0,6954.0,37157.0,0.00411,297.2,organic_search,6265508.49,4270209.53
2016-11-02,2019573.39,1671538.84,348034.55,17.23,2,0,11,307,13377.0,10448.0,62589.0,0.00476,180.1,direct,5881603.81,4252570.59
2016-11-03,2167731.38,1630172.24,537559.14,24.8,3,0,11,308,13217.0,10821.0,57843.0,0.00364,242.8,referral,5590903.47,4209458.89
2016-11-04,2921457.72,2325634.63,595823.09,20.39,4,0,11,309,15480.0,12205.0,65097.0,0.00336,152.5,paid_search,4994617.49,4192678.06
2016-11-05,3331729.51,2510325.05,821404.46,24.65,5,1,11,310,12693.0,10390.0,58940.0,0.00526,188.3,organic_search,4363716.84,4207234.77
2016-11-06,3177194.93,2614531.12,562663.81,17.71,6,1,11,311,14121.0,11290.0,69354.0,0.00322,101.3,social_media,3927335.24,4205710.1
2016-11-07,4013690.76,3164694.75,848996.01,21.15,0,0,11,312,14412.0,10835.0,58813.0,0.00325,225.5,direct,3621508.22,4236130.78
2016-11-08,2902668.64,2275142.13,627526.51,21.62,1,0,11,313,15021.0,10948.0,56211.0,0.00332,142.2,paid_search,2933435.19,4222429.32
2016-11-09,3088936.2,2415653.4,673282.8,21.8,2,0,11,314,14051.0,10096.0,50820.0,0.00434,221.4,referral,3086201.31,4183239.97
2016-11-10,3524443.54,2787453.25,736990.29,20.91,3,0,11,315,12300.0,9590.0,54043.0,0.00443,153.5,organic_search,3280017.33,4153315.23
2016-11-11,3242466.89,2622416.39,620050.5,19.12,4,0,11,316,14481.0,10750.0,60880.0,0.00334,318.5,paid_search,3325875.78,4110010.85
2016-11-12,4067309.35,3215859.82,851449.53,20.93,5,1,11,317,13921.0,10552.0,76023.0,0.0044,257.7,social_media,3430958.62,4135020.1
2016-11-13,4108240.53,3298120.47,810120.06,19.72,6,1,11,318,14357.0,11022.0,70333.0,0.00438,102.8,email_campaign,3563965.13,4154907.09
2016-11-14,5384564.17,4287246.16,1097318.01,20.38,0,0,11,319,15703.0,11310.0,82333.0,0.00511,311.7,social_media,3759804.19,4202950.93
2016-11-15,4067351.79,3266049.08,801302.71,19.7,1,0,11,320,16722.0,13433.0,76078.0,0.00413,178.0,paid_search,3926187.5,4192652.49
2016-11-16,2666254.64,2184170.77,482083.87,18.08,2,0,11,321,14954.0,11372.0,67005.0,0.00381,282.0,organic_search,3865804.42,4180284.71
2016-11-17,3253737.52,2657687.82,596049.7,18.32,3,0,11,322,13839.0,10869.0,54220.0,0.00365,109.5,referral,3827132.13,4138447.33
2016-11-18,2750384.49,2341586.51,408797.98,14.86,4,0,11,323,14924.0,11640.0,57143.0,0.00428,128.9,organic_search,3756834.64,4089187.16
2016-11-19,3049656.36,2797715.85,251940.51,8.26,5,1,11,324,16193.0,12098.0,70086.0,0.00558,203.9,referral,3611455.64,4095958.44
2016-11-20,2422645.76,2208447.77,214197.99,8.84,6,1,11,325,13513.0,10080.0,50458.0,0.00516,116.9,social_media,3370656.39,4067645.42
2016-11-21,2849528.18,2622825.33,226702.85,7.96,0,0,11,326,16673.0,12248.0,63606.0,0.00532,175.6,referral,3008508.39,4031028.22
2016-11-22,2953802.19,3010640.25,-56838.06,-1.92,1,0,11,327,13636.0,10775.0,51147.0,0.00456,223.3,organic_search,2849429.88,4016719.65
2016-11-23,1781135.32,1682846.05,98289.27,5.52,2,0,11,328,14106.0,10280.0,67908.0,0.00468,195.8,organic_search,2722984.26,3930077.92
2016-11-24,1693041.1,1727778.84,-34737.74,-2.05,3,0,11,329,15361.0,11156.0,56779.0,0.00435,309.2,direct,2500027.63,3843203.46
2016-11-25,3314537.94,3343367.28,-28829.34,-0.87,4,0,11,330,11287.0,9107.0,48716.0,0.00397,307.9,organic_search,2580620.98,3796791.19
2016-11-26,3392192.14,3360164.37,32027.77,0.94,5,1,11,331,12882.0,10027.0,49661.0,0.00364,247.6,email_campaign,2629554.66,3769776.47
2016-11-27,5299633.2,5281944.59,17688.61,0.33,6,1,11,332,13309.0,9682.0,72788.0,0.0042,174.3,paid_search,3040552.87,3709915.59
2016-11-28,5196318.58,5131257.93,65060.65,1.25,0,0,11,333,12901.0,10483.0,54139.0,0.00383,306.6,email_campaign,3375808.64,3624858.4
2016-11-29,4921786.18,4962698.8,-40912.62,-0.83,1,0,11,334,14112.0,10479.0,69379.0,0.00549,286.5,direct,3656949.21,3581189.07
2016-11-30,3832887.02,3897608.89,-64721.87,-1.69,2,0,11,335,14123.0,10842.0,56376.0,0.00495,289.5,organic_search,3950056.59,3503802.64
2016-12-01,2358573.02,2341309.79,17263.23,0.73,3,0,12,336,17034.0,12965.0,62158.0,0.00354,116.7,organic_search,4045132.58,3325115.75
2016-12-02,907573.74,925477.21,-17903.47,-1.97,4,0,12,337,17041.0,12600.0,91993.0,0.00527,241.9,referral,3701280.55,3288049.09
2016-12-03,1333890.05,1218185.92,115704.13,8.67,5,1,12,338,16495.0,12690.0,63476.0,0.00478,257.6,organic_search,3407237.4,3260254.38
2016-12-04,2237557.76,2224630.3,12927.46,0.58,6,1,12,339,18203.0,13285.0,60709.0,0.00453,247.7,paid_search,2969798.05,3237457.72
2016-12-05,1925286.27,1939563.58,-14277.31,-0.74,0,0,12,340,14288.0,11009.0,46630.0,0.0046,207.4,organic_search,2502507.72,3190576.28
2016-12-06,2605334.49,2510982.32,94352.17,3.62,1,0,12,341,16069.0,11394.0,53670.0,0.00344,198.8,email_campaign,2171586.05,3171514.26
2016-12-07,2299467.49,2274139.79,25327.7,1.1,2,0,12,342,16032.0,12887.0,71188.0,0.00474,204.0,organic_search,1952526.12,3114373.48
2016-12-08,2075549.34,2136761.21,-61211.87,-2.95,3,0,12,343,18023.0,13994.0,73555.0,0.00476,247.8,social_media,1912094.16,3086802.84
2016-12-09,2553283.93,2600587.96,-47304.03,-1.85,4,0,12,344,17983.0,13716.0,64924.0,0.00516,296.0,referral,2147195.62,3068947.77
2016-12-10,2913080.54,2889190.43,23890.11,0.82,5,1,12,345,19218.0,14825.0,91028.0,0.00513,225.8,organic_search,2372794.26,3048569.0
2016-12-11,2853330.5,2812545.24,40785.26,1.43,6,1,12,346,16676.0,11969.0,65996.0,0.00442,228.0,organic_search,2460761.79,3035597.79
2016-12-12,3248145.42,3217430.0,30715.42,0.95,0,0,12,347,13350.0,9592.0,51730.0,0.00349,174.2,referral,2649741.67,3008292.32
2016-12-13,3823629.31,3830277.56,-6648.25,-0.17,1,0,12,348,15412.0,11215.0,67548.0,0.00536,114.1,organic_search,2823783.79,2998805.28
2016-12-14,2792734.55,2831410.87,-38676.32,-1.38,2,0,12,349,13095.0,9864.0,60583.0,0.0042,115.6,paid_search,2894250.51,2912410.96
2016-12-15,2707101.38,2742933.88,-35832.5,-1.32,3,0,12,350,16207.0,12614.0,82968.0,0.00458,145.8,organic_search,2984472.23,2867069.28
2016-12-16,2646651.72,2651717.38,-5065.66,-0.19,4,0,12,351,15939.0,11652.0,53942.0,0.00536,199.6,social_media,2997810.49,2866415.85
2016-12-17,3238132.58,3280502.46,-42369.88,-1.31,5,1,12,352,14917.0,12185.0,63940.0,0.0039,267.9,email_campaign,3044246.49,2865895.68
2016-12-18,3271429.4,3285398.32,-13968.92,-0.43,6,1,12,353,15169.0,11685.0,62649.0,0.00373,222.6,paid_search,3103974.91,2883263.85
2016-12-19,4135316.35,4095588.8,39727.55,0.96,0,0,12,354,18344.0,13487.0,67232.0,0.00352,236.3,organic_search,3230713.61,2919452.52
2016-12-20,4293749.29,4224108.67,69640.62,1.62,1,0,12,355,16681.0,12738.0,74053.0,0.00346,282.3,organic_search,3297873.61,2981822.63
2016-12-21,4279775.59,4100591.43,179184.16,4.19,2,0,12,356,15734.0,12849.0,54528.0,0.0043,216.5,paid_search,3510308.04,3029497.55
2016-12-22,3117384.48,3057416.11,59968.37,1.92,3,0,12,357,15796.0,11671.0,56842.0,0.00422,150.4,email_campaign,3568919.92,3034950.29
2016-12-23,2500798.47,2509747.01,-8948.54,-0.36,4,0,12,358,15987.0,11280.0,68313.0,0.00422,227.1,organic_search,3548083.74,3058939.06
2016-12-24,2034069.49,2007308.18,26761.31,1.32,5,1,12,359,13567.0,10748.0,66087.0,0.0049,307.2,organic_search,3376074.72,3070306.67
2016-12-25,3488378.94,3406046.44,82332.5,2.36,6,1,12,360,16706.0,12156.0,71340.0,0.00409,195.1,paid_search,3407067.52,3076101.37
2016-12-26,3839559.68,3806837.33,32722.35,0.85,0,0,12,361,14146.0,10364.0,52010.0,0.00412,192.7,email_campaign,3364816.56,3091013.63
2016-12-27,5844260.6,5750792.35,93468.25,1.6,1,0,12,362,16063.0,12885.0,52487.0,0.00326,146.9,referral,3586318.18,3109167.87
2016-12-28,7554359.22,7421332.69,133026.53,1.76,2,0,12,363,13341.0,9462.0,58408.0,0.00536,301.8,paid_search,4054115.84,3187769.23
2016-12-29,7928143.58,7951767.41,-23623.83,-0.3,3,0,12,364,15158.0,11598.0,76740.0,0.00376,108.0,social_media,4741367.14,3287981.14
2016-12-30,5840732.73,5741938.39,98794.34,1.69,4,0,12,365,14375.0,11585.0,55377.0,0.00346,138.8,paid_search,5218500.61,3354909.33
2016-12-31,4969730.15,4920694.41,49035.74,0.99,5,1,12,366,17037.0,12745.0,70383.0,0.00342,157.5,referral,5637880.7,3441947.9
2017-01-01,3998895.08,3583814.01,415081.07,10.38,6,1,1,1,12622.0,10240.0,40788.0,0.00428,164.0,paid_search,5710811.58,3544991.95
2017-01-02,1748553.87,1374452.07,374101.8,21.39,0,0,1,2,11539.0,9413.0,61868.0,0.00549,155.9,organic_search,5412096.46,3558814.07
2017-01-03,1891837.91,1573537.28,318300.63,16.82,1,0,1,3,11507.0,8946.0,55783.0,0.00542,226.0,organic_search,4847464.65,3547290.08
2017-01-04,847466.28,682698.81,164767.47,19.44,2,0,1,4,10925.0,8136.0,50441.0,0.00384,228.1,email_campaign,3889337.09,3511362.75
2017-01-05,1464435.52,1145400.53,319034.99,21.79,3,0,1,5,12054.0,9143.0,55335.0,0.00487,158.4,email_campaign,2965950.22,3473332.78
2017-01-06,2311449.24,1842665.52,468783.72,20.28,4,0,1,6,13380.0,9430.0,58369.0,0.00382,235.2,referral,2461766.86,3473732.17
2017-01-07,2148635.45,1767280.58,381354.87,17.75,5,1,1,7,13715.0,10628.0,61889.0,0.00404,223.4,referral,2058753.34,3476168.38
2017-01-08,2907768.3,2272946.44,634821.86,21.83,6,1,1,8,12389.0,9146.0,43499.0,0.00392,182.3,organic_search,1902878.08,3487984.52
2017-01-09,3437216.12,2814472.11,622744.01,18.12,0,0,1,9,11802.0,8776.0,58449.0,0.00466,197.2,organic_search,2144115.55,3505455.71
2017-01-10,3014515.71,2440786.22,573729.49,19.03,1,0,1,10,12803.0,9158.0,65574.0,0.00514,108.1,social_media,2304498.09,3510828.55
2017-01-11,2227157.79,1674420.56,552737.23,24.82,2,0,1,11,13414.0,9660.0,52857.0,0.00537,297.6,email_campaign,2501596.88,3476795.63
2017-01-12,2704158.21,2101198.8,602959.41,22.3,3,0,1,12,12525.0,9985.0,45854.0,0.00521,287.0,email_campaign,2678700.12,3439479.92
2017-01-13,3136819.59,2599219.64,537599.95,17.14,4,0,1,13,14039.0,11266.0,55457.0,0.00543,116.4,organic_search,2796610.17,3450949.42
2017-01-14,2056300.58,1704845.73,351454.85,17.09,5,1,1,14,14325.0,10550.0,55281.0,0.00325,230.8,paid_search,2783419.47,3429256.06
2017-01-15,2415343.55,1994964.86,420378.69,17.4,6,1,1,15,12653.0,9484.0,44274.0,0.00529,311.3,social_media,2713073.08,3421545.79
2017-01-16,3848368.92,3102404.56,745964.36,19.38,0,0,1,16,13013.0,9791.0,44548.0,0.00437,229.0,paid_search,2771809.19,3441887.0
2017-01-17,2829843.68,2229864.7,599978.98,21.2,1,0,1,17,10949.0,8323.0,40253.0,0.00326,277.2,referral,2745427.47,3427167.48
2017-01-18,2138817.82,1652537.47,486280.35,22.74,2,0,1,18,12495.0,8815.0,55397.0,0.00489,112.5,organic_search,2732807.48,3360617.53
2017-01-19,2663777.41,2187863.56,475913.85,17.87,3,0,1,19,12554.0,10249.0,49214.0,0.00469,150.2,organic_search,2727038.79,3306285.13
2017-01-20,2871845.05,2318588.01,553257.04,19.26,4,0,1,20,11811.0,9397.0,59903.0,0.00451,162.3,referral,2689185.29,3259354.11
2017-01-21,2790303.1,2232164.85,558138.25,20.0,5,1,1,21,12422.0,9307.0,49377.0,0.00369,236.4,social_media,2794042.79,3248451.4
2017-01-22,2438538.62,2064760.98,373777.64,15.33,6,1,1,22,12462.0,9257.0,64210.0,0.00561,271.4,paid_search,2797356.37,3246376.07
2017-01-23,3466339.69,2719480.1,746859.59,21.55,0,0,1,23,12834.0,10063.0,46316.0,0.00328,278.2,paid_search,2742780.77,3294118.41
2017-01-24,2856042.21,2288079.89,567962.32,19.89,1,0,1,24,13391.0,9706.0,43170.0,0.00448,281.7,email_campaign,2746523.41,3273040.52
2017-01-25,2345949.16,1953862.54,392086.62,16.71,2,0,1,25,14150.0,10329.0,59924.0,0.0043,275.9,paid_search,2776113.61,3223253.5
2017-01-26,3398297.86,2689465.29,708832.57,20.86,3,0,1,26,12150.0,8685.0,39488.0,0.00429,125.7,email_campaign,2881045.1,3141721.41
2017-01-27,3893498.97,3118864.85,774634.12,19.9,4,0,1,27,13150.0,9777.0,51437.0,0.00565,100.2,social_media,3026995.66,3019692.74
2017-01-28,5454445.79,4466542.85,987902.94,18.11,5,1,1,28,13864.0,10045.0,51529.0,0.00566,261.3,email_campaign,3407587.47,2937236.15
2017-01-29,6530902.38,5313138.23,1217764.15,18.65,6,1,1,29,13325.0,10241.0,65733.0,0.0034,296.0,referral,3992210.87,2960241.8
2017-01-30,5647441.37,4545794.61,1101646.76,19.51,0,0,1,30,14275.0,10425.0,68719.0,0.00453,228.7,paid_search,4303796.82,2982832.17
2017-01-31,5786663.6,4731579.01,1055084.59,18.23,1,0,1,31,13101.0,10062.0,45137.0,0.00354,257.6,organic_search,4722457.02,3042424.46
2017-02-01,3754242.39,3007642.45,746599.94,19.89,2,0,2,32,20232.0,15351.0,104667.0,0.00577,292.0,organic_search,4923641.77,3109280.74
2017-02-02,2084558.98,1704689.79,379869.19,18.22,3,0,2,33,19312.0,14146.0,65888.0,0.00445,171.5,organic_search,4735964.78,3115704.78
2017-02-03,2527455.7,2118774.82,408680.88,16.17,4,0,2,34,20370.0,16455.0,82660.0,0.00362,290.3,paid_search,4540815.74,3171704.43
2017-02-04,2511052.37,2067059.03,443993.34,17.68,5,1,2,35,18498.0,13014.0,98103.0,0.00502,193.5,social_media,4120330.97,3206591.65
2017-02-05,2436308.96,2039899.33,396409.63,16.27,6,1,2,36,19918.0,14950.0,64989.0,0.00524,157.2,referral,3535389.05,3210753.64
2017-02-06,2567404.94,2085607.67,481797.27,18.77,0,0,2,37,16421.0,13077.0,77641.0,0.00532,179.9,social_media,3095383.85,3224712.63
2017-02-07,2738634.88,2219123.05,519511.83,18.97,1,0,2,38,19113.0,14914.0,80835.0,0.00413,209.7,referral,2659951.17,3219074.85
2017-02-08,1933130.03,1586818.66,346311.37,17.91,2,0,2,39,18913.0,13297.0,101831.0,0.00382,123.6,organic_search,2399792.27,3168938.64
2017-02-09,2516914.69,2076822.36,440092.33,17.49,3,0,2,40,19358.0,14364.0,82492.0,0.00476,179.6,referral,2461557.37,3152351.94
2017-02-10,2588464.94,2130151.17,458313.77,17.71,4,0,2,41,20565.0,14652.0,100848.0,0.00489,123.2,email_campaign,2470272.97,3164395.51
2017-02-11,3014037.02,2552520.25,461516.77,15.31,5,1,2,42,20397.0,15311.0,85105.0,0.00527,156.1,paid_search,2542127.92,3174724.81
2017-02-12,3603536.48,2886850.52,716685.96,19.89,6,1,2,43,19746.0,15695.0,63249.0,0.00431,200.9,referral,2708874.71,3190282.04
2017-02-13,4440040.43,3602625.97,837414.46,18.86,0,0,2,44,18134.0,13438.0,64163.0,0.00406,135.8,paid_search,2976394.07,3269740.03
2017-02-14,3875527.43,3254271.21,621256.22,16.03,1,0,2,45,20499.0,15808.0,84387.0,0.00432,171.4,organic_search,3138807.29,3318412.83
2017-02-15,2042667.61,1725509.05,317158.56,15.53,2,0,2,46,18861.0,14219.0,62685.0,0.00568,216.2,paid_search,3154455.51,3258222.79
2017-02-16,3533527.8,2858753.36,674774.44,19.1,3,0,2,47,21116.0,14886.0,72121.0,0.0036,121.2,email_campaign,3299685.96,3281678.92
2017-02-17,3023518.61,2507056.83,516461.78,17.08,4,0,2,48,19370.0,14607.0,104239.0,0.00552,210.6,paid_search,3361836.48,3311168.95
2017-02-18,3277433.63,2800726.99,476706.64,14.55,5,1,2,49,16868.0,13003.0,64837.0,0.00401,275.6,organic_search,3399464.57,3331624.16
2017-02-19,4520643.56,3744775.49,775868.07,17.16,6,1,2,50,19576.0,14548.0,65886.0,0.00332,221.7,paid_search,3530479.87,3386584.11
2017-02-20,5623470.83,4661358.55,962112.28,17.11,0,0,2,51,20870.0,14625.0,96876.0,0.0045,294.8,organic_search,3699541.35,3481023.03
2017-02-21,5243661.46,4397106.06,846555.4,16.14,1,0,2,52,18854.0,13238.0,88714.0,0.00333,224.6,organic_search,3894989.07,3574527.13
2017-02-22,4461426.24,3673004.77,788421.47,17.67,2,0,2,53,17550.0,12520.0,85769.0,0.00356,284.9,referral,4240526.02,3607696.68
2017-02-23,5005082.74,4050645.07,954437.67,19.07,3,0,2,54,19901.0,15174.0,92090.0,0.00563,109.5,paid_search,4450748.15,3679331.36
2017-02-24,5197080.94,4291124.12,905956.82,17.43,4,0,2,55,18825.0,15336.0,70231.0,0.00519,185.4,paid_search,4761257.06,3774369.09
2017-02-25,7193655.77,5984598.22,1209057.55,16.81,5,1,2,56,21844.0,17534.0,118820.0,0.00564,315.0,organic_search,5320717.36,3900881.02
2017-02-26,6951383.99,5568547.06,1382836.93,19.89,6,1,2,57,19969.0,14510.0,94524.0,0.0044,220.0,social_media,5667966.0,4002810.52
2017-02-27,7418488.93,6084966.92,1333522.01,17.98,0,0,2,58,16986.0,13530.0,90178.0,0.00535,247.1,email_campaign,5924397.15,4068278.62
2017-02-28,5900508.14,4852701.48,1047806.66,17.76,1,0,2,59,18395.0,14684.0,80475.0,0.00375,296.3,organic_search,6018232.39,4047265.48
2017-03-01,4138759.12,3461752.84,677006.28,16.36,2,0,3,60,31339.0,25451.0,117827.0,0.0055,237.9,paid_search,5972137.09,3996976.07
2017-03-02,1084768.59,894235.96,190532.63,17.56,3,0,3,61,26292.0,20817.0,93912.0,0.00477,206.4,referral,5412092.21,3840246.24
2017-03-03,1291387.67,1088338.93,203048.74,15.72,4,0,3,62,22532.0,17241.0,122003.0,0.00398,288.3,direct,4854136.03,3758151.08
2017-03-04,1414852.54,1091358.11,323494.43,22.86,5,1,3,63,26587.0,19627.0,129329.0,0.00426,129.1,paid_search,4028592.71,3735827.53
2017-03-05,2359240.19,1784452.73,574787.46,24.36,6,1,3,64,24658.0,20216.0,107200.0,0.00566,101.8,social_media,3372572.17,3730220.35
2017-03-06,3890607.23,3160109.06,730498.17,18.78,0,0,3,65,25866.0,18584.0,119513.0,0.00452,296.3,paid_search,2868589.07,3776205.51
2017-03-07,3220221.21,2644266.94,575954.27,17.89,1,0,3,66,26052.0,21324.0,121338.0,0.0041,297.9,social_media,2485690.94,3802335.92
2017-03-08,4553707.12,3607122.81,946584.31,20.79,2,0,3,67,24150.0,19653.0,126445.0,0.004,120.4,email_campaign,2544969.22,3868545.99
2017-03-09,4967983.41,4034647.4,933336.01,18.79,3,0,3,68,29725.0,22479.0,144087.0,0.00543,280.9,paid_search,3099714.2,3942857.61
2017-03-10,6057343.95,4929376.63,1127967.32,18.62,4,0,3,69,25479.0,20206.0,107208.0,0.00343,121.4,paid_search,3780565.09,4080331.41
2017-03-11,4368486.87,3465509.34,902977.53,20.67,5,1,3,70,29217.0,21324.0,153598.0,0.00485,206.4,social_media,4202512.85,4142050.48
2017-03-12,3116003.75,2481856.51,634147.24,20.35,6,1,3,71,28008.0,20985.0,90754.0,0.00346,162.0,organic_search,4310621.93,4159635.11
2017-03-13,4924647.72,4152542.23,772105.49,15.68,0,0,3,72,25233.0,19194.0,131380.0,0.00412,161.0,organic_search,4458342.0,4223322.13
2017-03-14,5669415.23,4519981.15,1149434.08,20.27,1,0,3,73,27428.0,19351.0,134330.0,0.00442,146.4,email_campaign,4808226.86,4292184.76
2017-03-15,7298281.44,5862653.36,1435628.08,19.67,2,0,3,74,26362.0,19478.0,121330.0,0.00423,169.9,organic_search,5200308.91,4387459.46
2017-03-16,7437742.79,6020449.52,1417293.27,19.06,3,0,3,75,23997.0,18520.0,93928.0,0.00322,291.2,social_media,5553131.68,4506199.97
2017-03-17,7834618.24,6274517.1,1560101.14,19.91,4,0,3,76,28117.0,20066.0,102977.0,0.00454,133.2,direct,5807028.01,4699264.99
2017-03-18,5974783.9,4875618.15,1099165.75,18.4,5,1,3,77,26019.0,21045.0,122810.0,0.00426,313.8,direct,6036499.01,4780640.19
2017-03-19,5122059.27,4468071.53,653987.74,12.77,6,1,3,78,30770.0,24465.0,120261.0,0.00578,293.9,organic_search,6323078.37,4850591.55
2017-03-20,5574811.65,4750949.98,823861.67,14.78,0,0,3,79,26717.0,21702.0,140692.0,0.00558,190.1,social_media,6415958.93,4927170.82
2017-03-21,6395400.59,5699224.23,696176.36,10.89,1,0,3,80,28025.0,21297.0,140613.0,0.00496,256.3,paid_search,6519671.13,4989662.72
2017-03-22,6704488.72,5884865.16,819623.56,12.22,2,0,3,81,29633.0,22377.0,125447.0,0.00386,118.4,social_media,6434843.59,5025696.65
2017-03-23,8227253.04,7586583.97,640669.07,7.79,3,0,3,82,27385.0,19403.0,112532.0,0.00331,228.8,direct,6547630.77,5125149.7
2017-03-24,8043513.7,7275137.93,768375.77,9.55,4,0,3,83,29258.0,21262.0,108868.0,0.00379,185.0,direct,6577472.98,5244552.61
2017-03-25,5949599.34,5438511.57,511087.77,8.59,5,1,3,84,24253.0,19444.0,80650.0,0.00541,313.7,social_media,6573875.19,5276036.5
2017-03-26,5631526.96,5140078.21,491448.75,8.73,6,1,3,85,25932.0,20343.0,85961.0,0.00502,268.4,organic_search,6646656.29,5290518.04
2017-03-27,6690279.11,5981854.17,708424.94,10.59,0,0,3,86,28655.0,22329.0,106341.0,0.00349,146.1,referral,6806008.78,5273738.81
2017-03-28,7528150.84,6808020.58,720130.26,9.57,1,0,3,87,27352.0,19599.0,104654.0,0.00538,216.2,email_campaign,6967830.24,5292964.38
2017-03-29,8839810.76,8216778.38,623032.38,7.05,2,0,3,88,24119.0,17923.0,116628.0,0.00461,148.0,paid_search,7272876.25,5340341.77
2017-03-30,17516038.82,16224964.49,1291074.33,7.37,3,0,3,89,26971.0,19071.0,86387.0,0.00398,233.3,social_media,8599845.65,5727526.13
2017-03-31,16556662.03,15209810.1,1346851.93,8.13,4,0,3,90,24915.0,20002.0,92676.0,0.00326,149.1,referral,9816009.69,6141456.22
2017-04-01,15808755.61,14645912.76,1162842.85,7.36,5,1,4,91,38431.0,28563.0,187339.0,0.00481,266.5,paid_search,11224460.59,6632255.79
2017-04-02,14750037.65,13407725.54,1342312.11,9.1,6,1,4,92,40207.0,28170.0,178934.0,0.00426,290.7,email_campaign,12527104.97,7080877.46
2017-04-03,11986923.68,10898039.76,1088883.92,9.08,0,0,4,93,33072.0,25843.0,112801.0,0.00483,223.1,organic_search,13283768.48,7433279.83
2017-04-04,3822590.98,3438348.87,384242.11,10.05,1,0,4,94,33989.0,27225.0,155858.0,0.0039,175.9,paid_search,12754402.79,7482058.19
2017-04-05,4629254.97,4199168.99,430085.98,9.29,2,0,4,95,36364.0,25936.0,177513.0,0.00454,251.2,social_media,12152894.82,7506679.78
2017-04-06,3991728.43,3603945.57,387782.86,9.71,3,0,4,96,34141.0,24945.0,126208.0,0.00403,257.5,paid_search,10220850.48,7532396.69
2017-04-07,3428956.51,3033332.62,395623.89,11.54,4,0,4,97,32188.0,25653.0,157226.0,0.0051,169.4,paid_search,8345463.98,7494905.0
2017-04-08,3512061.04,3104040.68,408020.36,11.62,5,1,4,98,40281.0,28931.0,155181.0,0.00332,192.8,referral,6588793.32,7446374.25
2017-04-09,5195329.1,4683867.18,511461.92,9.84,6,1,4,99,34091.0,24873.0,185984.0,0.00379,247.1,social_media,5223834.96,7417640.42
2017-04-10,4956146.85,4458418.44,497728.41,10.04,0,0,4,100,33877.0,24739.0,131585.0,0.0058,202.9,email_campaign,4219438.27,7437229.09
2017-04-11,6400896.15,5775011.4,625884.75,9.78,1,0,4,101,32932.0,23764.0,125962.0,0.00334,126.2,email_campaign,4587767.58,7546725.5
2017-04-12,6346191.53,5932271.71,413919.82,6.52,2,0,4,102,35148.0,27088.0,152289.0,0.00386,282.4,organic_search,4833044.23,7594110.3
2017-04-13,6080699.31,5675033.32,405665.99,6.67,3,0,4,103,42500.0,34195.0,161371.0,0.00475,205.0,social_media,5131468.64,7607819.77
2017-04-14,5046450.29,4501125.15,545325.14,10.81,4,0,4,104,37043.0,27050.0,185341.0,0.00473,202.5,paid_search,5362539.18,7532758.73
2017-04-15,5118767.2,4382670.97,736096.23,14.38,5,1,4,105,35179.0,26145.0,114493.0,0.00431,209.5,referral,5592068.63,7455459.54
2017-04-16,5550880.17,4613246.21,937633.96,16.89,6,1,4,106,33153.0,24240.0,136032.0,0.00321,139.1,paid_search,5642861.64,7379334.94
2017-04-17,6659045.31,5533903.49,1125141.82,16.9,0,0,4,107,28523.0,22616.0,137529.0,0.00333,239.8,organic_search,5886132.85,7402143.65
2017-04-18,8056843.67,6512827.94,1544015.73,19.16,1,0,4,108,32079.0,24550.0,106023.0,0.00323,112.9,organic_search,6122696.78,7499969.8
2017-04-19,8628781.58,6869166.87,1759614.71,20.39,2,0,4,109,35793.0,26391.0,161461.0,0.00556,213.5,paid_search,6448781.08,7601768.8
2017-04-20,7240460.1,5704449.86,1536010.24,21.21,3,0,4,110,37700.0,30613.0,156417.0,0.0042,226.6,email_campaign,6614461.19,7629937.45
2017-04-21,5516371.41,4399591.55,1116779.86,20.24,4,0,4,111,34469.0,27342.0,113849.0,0.00486,187.9,paid_search,6681592.78,7590333.54
2017-04-22,5307716.56,4273571.86,1034144.7,19.48,5,1,4,112,35014.0,27749.0,178933.0,0.00432,150.9,organic_search,6708585.54,7493015.66
2017-04-23,7933547.43,6292750.65,1640796.78,20.68,6,1,4,113,34949.0,27137.0,154407.0,0.0035,185.7,organic_search,7048966.58,7489350.11
2017-04-24,7075130.23,5783275.04,1291855.19,18.26,0,0,4,114,39024.0,29763.0,128812.0,0.00528,122.4,social_media,7108407.28,7526867.81
2017-04-25,8289377.68,6751931.23,1537446.45,18.55,1,0,4,115,32804.0,26730.0,168725.0,0.00474,203.1,paid_search,7141626.43,7615462.83
2017-04-26,11677117.94,9490915.85,2186202.09,18.72,2,0,4,116,37962.0,27673.0,208232.0,0.00388,280.4,referral,7577103.05,7781690.79
2017-04-27,10910842.34,8767860.5,2142981.84,19.64,3,0,4,117,33066.0,26305.0,130394.0,0.00534,227.0,social_media,8101443.37,7894447.18
2017-04-28,8873238.46,7052027.5,1821210.96,20.52,4,0,4,118,39311.0,31002.0,183407.0,0.00544,204.0,social_media,8580995.81,7895561.43
2017-04-29,13969061.08,11193381.32,2775679.76,19.87,5,1,4,119,34984.0,26887.0,117941.0,0.00339,313.7,social_media,9818330.74,7777328.84
2017-04-30,12763691.95,10213945.04,2549746.91,19.98,6,1,4,120,33629.0,23674.0,152003.0,0.0039,113.5,email_campaign,10508351.38,7650896.51
2017-05-01,10437173.89,8248934.13,2188239.76,20.97,0,0,5,121,35419.0,28180.0,139200.0,0.00484,247.5,referral,10988643.33,7471843.78
2017-05-02,10668293.77,8545428.77,2122865.0,19.9,1,0,5,122,31907.0,25516.0,137623.0,0.00405,124.1,referral,11328488.49,7335785.65
2017-05-03,11066087.91,8850240.81,2215847.1,20.02,2,0,5,123,32706.0,26684.0,159335.0,0.00379,103.6,paid_search,11241198.49,7305091.13
2017-05-04,5096072.55,4205229.55,890843.0,17.48,3,0,5,124,40776.0,31284.0,177898.0,0.00339,274.0,email_campaign,10410517.09,7347540.51
2017-05-05,5663567.39,4486107.35,1177460.04,20.79,4,0,5,125,34742.0,26251.0,146458.0,0.00377,254.8,social_media,9951992.65,7382017.59
2017-05-06,3743378.15,2996412.53,746965.62,19.95,5,1,5,126,32822.0,25112.0,108429.0,0.00358,254.5,email_campaign,8491180.8,7373739.25
2017-05-07,4893557.72,3947883.38,945674.34,19.32,6,1,5,127,31502.0,25544.0,126351.0,0.00525,209.4,social_media,7366875.91,7422559.29
2017-05-08,5867384.27,4768855.8,1098528.47,18.72,0,0,5,128,38996.0,31829.0,154237.0,0.00419,185.4,organic_search,6714048.82,7501070.07
2017-05-09,6383091.75,5203605.53,1179486.22,18.48,1,0,5,129,32416.0,23982.0,130327.0,0.00383,296.1,organic_search,6101877.11,7540662.15
2017-05-10,7501996.22,6032076.17,1469920.05,19.59,2,0,5,130,31077.0,21933.0,108879.0,0.00331,198.6,organic_search,5592721.15,7625523.8
2017-05-11,10239562.28,8268973.88,1970588.4,19.24,3,0,5,131,40565.0,31416.0,187398.0,0.00356,102.6,paid_search,6327505.4,7753479.34
2017-05-12,8320439.9,6726540.41,1593899.49,19.16,4,0,5,132,36556.0,28715.0,185671.0,0.00557,177.5,paid_search,6707058.61,7819287.62
2017-05-13,7357524.23,5896933.82,1460590.41,19.85,5,1,5,133,36185.0,25745.0,115795.0,0.00355,162.9,paid_search,7223365.2,7861848.45
2017-05-14,6662133.39,5287890.68,1374242.71,20.63,6,1,5,134,35091.0,25607.0,124227.0,0.00346,108.7,social_media,7476018.86,7915704.55
2017-05-15,7541584.53,6196974.67,1344609.86,17.83,0,0,5,135,30119.0,22719.0,105449.0,0.00395,104.1,email_campaign,7715190.33,7996465.13
2017-05-16,6978902.38,5556954.23,1421948.15,20.37,1,0,5,136,29307.0,21668.0,114024.0,0.0056,279.4,organic_search,7800306.13,8044065.87
2017-05-17,7526190.32,5942140.35,1584049.97,21.05,2,0,5,137,35769.0,25156.0,117395.0,0.00454,279.9,email_campaign,7803762.43,8072970.7
2017-05-18,10554187.11,8417567.55,2136619.56,20.24,3,0,5,138,30812.0,22207.0,157739.0,0.00457,132.3,direct,7848708.84,8156215.48
2017-05-19,8723026.23,6978931.62,1744094.61,19.99,4,0,5,139,33045.0,26472.0,149938.0,0.00441,280.1,paid_search,7906221.17,8159356.97
2017-05-20,6210104.92,4916762.05,1293342.87,20.83,5,1,5,140,35913.0,28096.0,193013.0,0.00538,308.4,email_campaign,7742304.13,8125011.8
2017-05-21,7924193.43,6410830.66,1513362.77,19.1,6,1,5,141,33719.0,27372.0,161464.0,0.0057,117.1,social_media,7922598.42,8205272.53
2017-05-22,7701304.95,6167091.35,1534213.6,19.92,0,0,5,142,30096.0,23024.0,119937.0,0.00501,254.2,social_media,7945415.62,8285058.81
2017-05-23,8875094.41,7259320.81,1615773.6,18.21,1,0,5,143,36796.0,28201.0,184009.0,0.00447,301.7,referral,8216300.2,8316443.71
2017-05-24,9809118.2,7989958.15,1819160.05,18.55,2,0,5,144,33264.0,25804.0,148653.0,0.00328,245.9,paid_search,8542432.75,8407576.64
2017-05-25,12997641.6,10345551.33,2652090.27,20.4,3,0,5,145,42164.0,30899.0,163992.0,0.00414,210.7,organic_search,8891497.68,8564518.78
2017-05-26,10924584.92,8936147.49,1988437.43,18.2,4,0,5,146,38464.0,29297.0,162907.0,0.00345,219.4,paid_search,9206006.06,8539434.34
2017-05-27,6842735.97,5377732.71,1465003.26,21.41,5,1,5,147,37792.0,26861.0,164495.0,0.00512,216.1,social_media,9296381.93,8403830.8
2017-05-28,6133951.19,4817050.8,1316900.39,21.47,6,1,5,148,36429.0,25857.0,184949.0,0.00459,219.3,organic_search,9040633.03,8312521.22
2017-05-29,7513494.18,5975112.76,1538381.42,20.47,0,0,5,149,37677.0,27433.0,176246.0,0.00471,318.5,direct,9013802.92,8097335.66
2017-05-30,15437626.24,12468271.46,2969354.78,19.23,1,0,5,150,33980.0,26896.0,157781.0,0.00511,149.0,organic_search,9951307.47,8186466.8
2017-05-31,17314841.86,13846685.08,3468156.78,20.03,2,0,5,151,33594.0,25749.0,174323.0,0.00519,102.6,social_media,11023553.71,8415722.4
2017-06-01,17639270.88,14102311.81,3536959.07,20.05,3,0,6,152,35023.0,25765.0,160167.0,0.00423,101.6,email_campaign,11686643.61,8648088.3
2017-06-02,17528852.88,14154253.77,3374599.11,19.25,4,0,6,153,34130.0,26604.0,146895.0,0.00339,212.5,social_media,12630110.46,8863513.8
2017-06-03,15308256.14,12312510.57,2995745.57,19.57,5,1,6,154,35091.0,27042.0,133878.0,0.00328,280.5,paid_search,13839470.48,9203919.92
2017-06-04,4982217.86,4015671.63,966546.23,19.4,6,1,6,155,35649.0,26916.0,179071.0,0.00382,260.0,paid_search,13674937.15,9181208.27
2017-06-05,6879970.92,5535512.4,1344458.52,19.54,0,0,6,156,35826.0,29166.0,119666.0,0.00458,145.8,social_media,13584433.83,9285761.36
2017-06-06,5342823.74,4216558.08,1126265.66,21.08,1,0,6,157,32575.0,25695.0,133505.0,0.00334,124.0,referral,12142319.18,9300736.9
2017-06-07,7640608.49,6119021.16,1521587.33,19.91,2,0,6,158,39435.0,29407.0,178969.0,0.0045,195.7,organic_search,10760285.84,9359844.37
2017-06-08,7229728.05,5870597.71,1359130.34,18.8,3,0,6,159,40944.0,33493.0,180190.0,0.00556,129.4,paid_search,9273208.3,9388065.58
2017-06-09,6070420.59,4805414.43,1265006.16,20.84,4,0,6,160,35721.0,27148.0,133317.0,0.00387,207.7,direct,7636289.4,9340346.39
2017-06-10,6331260.25,5062026.02,1269234.23,20.05,5,1,6,161,33686.0,24717.0,143139.0,0.0038,305.6,organic_search,6353861.41,9210069.66
2017-06-11,6522568.24,5237226.84,1285341.4,19.71,6,1,6,162,35853.0,25199.0,143300.0,0.00399,180.7,email_campaign,6573911.47,9150140.6
2017-06-12,6628740.01,5335810.64,1292929.37,19.5,0,0,6,163,31576.0,23416.0,141683.0,0.00469,275.5,paid_search,6538021.34,9125847.8
2017-06-13,9097973.24,7325847.9,1772125.34,19.48,1,0,6,164,37243.0,27019.0,175384.0,0.00489,110.5,paid_search,7074471.27,9207042.46
2017-06-14,10026676.46,8103723.85,1922952.61,19.18,2,0,6,165,37351.0,29518.0,179754.0,0.00403,122.5,social_media,7415338.12,9289878.86
2017-06-15,7940593.56,6369139.96,1571453.6,19.79,3,0,6,166,36969.0,25886.0,188129.0,0.00463,205.3,organic_search,7516890.34,9321935.23
2017-06-16,7143718.68,5840484.65,1303234.03,18.24,4,0,6,167,34268.0,28084.0,145117.0,0.0055,256.6,organic_search,7670218.63,9309186.17
2017-06-17,7455304.37,6136710.77,1318593.6,17.69,5,1,6,168,34308.0,27419.0,171234.0,0.00571,218.3,direct,7830796.37,9205890.08
2017-06-18,7827068.5,6257008.19,1570060.31,20.06,6,1,6,169,32370.0,23780.0,143718.0,0.00394,253.9,paid_search,8017153.55,9176024.82
2017-06-19,7342525.83,5820728.91,1521796.92,20.73,0,0,6,170,33905.0,25119.0,108701.0,0.0037,254.3,organic_search,8119122.95,9213772.19
2017-06-20,8225238.75,6368214.24,1857024.51,22.58,1,0,6,171,34714.0,27073.0,188181.0,0.00439,223.6,paid_search,7994446.59,9223807.03
2017-06-21,10655514.59,8609715.32,2045799.27,19.2,2,0,6,172,35493.0,27221.0,143116.0,0.00353,204.6,paid_search,8084280.61,9322280.69
2017-06-22,9198620.13,7431185.52,1767434.61,19.21,3,0,6,173,35661.0,25646.0,158778.0,0.00433,270.2,organic_search,8263998.69,9333064.88
2017-06-23,6526283.84,5230359.86,1295923.98,19.86,4,0,6,174,33715.0,24358.0,120962.0,0.00321,102.8,referral,8175793.72,9223637.07
2017-06-24,7602436.11,6685562.91,916873.2,12.06,5,1,6,175,35424.0,25113.0,130720.0,0.00451,141.1,direct,8196812.54,9043796.88
2017-06-25,7066545.51,6587328.34,479217.17,6.78,6,1,6,176,36412.0,28892.0,119913.0,0.00551,317.2,paid_search,8088166.39,8915195.57
2017-06-26,7983541.46,7671373.55,312167.91,3.91,0,0,6,177,30718.0,23077.0,136114.0,0.00518,310.6,organic_search,8179740.06,8953222.42
2017-06-27,9250037.34,9101777.72,148259.62,1.6,1,0,6,178,35040.0,27683.0,132527.0,0.00577,233.5,social_media,8326139.85,9057091.96
2017-06-28,11067229.74,10779722.88,287506.86,2.6,2,0,6,179,42111.0,34054.0,146124.0,0.00511,191.7,organic_search,8384956.3,9175549.81
2017-06-29,14575854.67,14163551.21,412303.46,2.83,3,0,6,180,37150.0,27468.0,120218.0,0.00421,124.4,organic_search,9153132.67,9146824.09
2017-06-30,10343460.86,10016805.64,326655.22,3.16,4,0,6,181,35611.0,25213.0,157515.0,0.00353,156.5,organic_search,9698443.67,8914444.72
2017-07-01,9399552.7,9077728.29,321824.41,3.42,5,1,7,182,27145.0,22248.0,147955.0,0.00368,234.5,referral,9955174.61,8639787.45
2017-07-02,8465410.55,8425628.54,39782.01,0.47,6,1,7,183,23645.0,16898.0,105672.0,0.00439,257.1,social_media,10155012.47,8337672.71
2017-07-03,7335280.55,7353625.52,-18344.97,-0.25,0,0,7,184,29634.0,22682.0,146736.0,0.00543,260.1,paid_search,10062403.77,8071906.85
2017-07-04,1548331.57,1505172.52,43159.05,2.79,1,0,7,185,23817.0,17795.0,91606.0,0.00345,284.0,organic_search,8962160.09,7957443.98
2017-07-05,2498941.43,2468637.84,30303.59,1.21,2,0,7,186,30269.0,22948.0,122353.0,0.00578,199.5,organic_search,7738118.9,7811409.66
2017-07-06,3806545.74,3785638.98,20906.76,0.55,3,0,7,187,25118.0,18918.0,82615.0,0.0057,312.3,organic_search,6199646.2,7760200.39
2017-07-07,3910669.38,3735165.73,175503.65,4.49,4,0,7,188,26598.0,18854.0,90748.0,0.00491,128.4,email_campaign,5280675.99,7635869.09
2017-07-08,2775904.89,2709365.34,66539.55,2.4,5,1,7,189,25459.0,19735.0,132902.0,0.00547,203.4,email_campaign,4334440.59,7487408.32
2017-07-09,4305575.04,4091213.73,214361.31,4.98,6,1,7,190,26766.0,20461.0,123557.0,0.00459,180.9,organic_search,3740178.37,7428580.13
2017-07-10,4406742.02,4296558.78,110183.24,2.5,0,0,7,191,29237.0,23394.0,130703.0,0.00479,287.9,social_media,3321815.72,7364429.53
2017-07-11,4944810.32,4863855.67,80954.65,1.64,1,0,7,192,26995.0,20036.0,108610.0,0.00546,260.5,email_campaign,3807026.97,7311837.59
2017-07-12,4751983.65,4543652.2,208331.45,4.38,2,0,7,193,26508.0,20514.0,98051.0,0.00523,154.8,organic_search,4128890.15,7249279.05
2017-07-13,6163660.52,5965250.9,198409.62,3.22,3,0,7,194,27766.0,21735.0,135675.0,0.00339,100.2,direct,4465620.83,7151468.63
2017-07-14,4470547.96,4429144.59,41403.37,0.93,4,0,7,195,28660.0,22433.0,96760.0,0.00511,165.1,email_campaign,4545603.49,6966264.34
2017-07-15,4914470.82,4964833.31,-50362.49,-1.02,5,1,7,196,28075.0,20085.0,111258.0,0.00333,234.6,paid_search,4851112.9,6865393.58
2017-07-16,5679726.46,5555676.19,124050.27,2.18,6,1,7,197,27449.0,19255.0,149747.0,0.00324,211.5,direct,5047420.25,6816593.84
2017-07-17,5903451.12,5721733.07,181718.05,3.08,0,0,7,198,25338.0,19798.0,118388.0,0.00494,118.4,social_media,5261235.84,6764865.4
2017-07-18,5722567.0,5454385.63,268181.37,4.69,1,0,7,199,30601.0,24469.0,141407.0,0.00476,233.4,social_media,5372343.93,6694715.35
2017-07-19,5823778.88,5343161.22,480617.66,8.25,2,0,7,200,29232.0,23099.0,131517.0,0.00432,309.9,email_campaign,5525457.54,6644090.45
2017-07-20,7767875.77,6983084.24,784791.53,10.1,3,0,7,201,27033.0,19410.0,112947.0,0.00459,260.3,email_campaign,5754631.14,6628845.02
2017-07-21,7742137.96,6801188.17,940949.79,12.15,4,0,7,202,26517.0,19629.0,88480.0,0.00414,183.2,email_campaign,6222001.14,6531732.47
2017-07-22,5031209.52,4280297.37,750912.15,14.93,5,1,7,203,27599.0,20340.0,104019.0,0.00502,254.5,paid_search,6238678.1,6392818.78
2017-07-23,5822844.6,4618045.67,1204798.93,20.69,6,1,7,204,25790.0,18090.0,117908.0,0.00561,213.1,email_campaign,6259123.55,6369370.8
2017-07-24,5657508.49,4478937.41,1178571.08,20.83,0,0,7,205,29863.0,22909.0,115978.0,0.0035,207.0,email_campaign,6223988.89,6304539.88
2017-07-25,7277905.64,5735726.58,1542179.06,21.19,1,0,7,206,30138.0,21262.0,110196.0,0.00477,280.9,social_media,6446180.12,6311585.22
2017-07-26,8323356.74,6749350.5,1574006.24,18.91,2,0,7,207,29732.0,22503.0,146625.0,0.00403,289.5,direct,6803262.67,6322912.4
2017-07-27,10162217.48,8082143.68,2080073.8,20.47,3,0,7,208,26209.0,19977.0,93723.0,0.00396,281.2,social_media,7145311.49,6353318.4
2017-07-28,8483149.48,6878556.14,1604593.34,18.92,4,0,7,209,25463.0,19086.0,122555.0,0.00416,135.1,email_campaign,7251170.28,6267182.39
2017-07-29,7623158.15,6127361.47,1495796.68,19.62,5,1,7,210,25990.0,18977.0,137669.0,0.00502,108.7,paid_search,7621448.65,6035425.84
2017-07-30,8808543.18,8256517.97,552025.21,6.27,6,1,7,211,31426.0,23608.0,165188.0,0.00561,100.8,paid_search,8047977.02,5984261.92
2017-07-31,9466549.72,11128407.08,-1661857.36,-17.56,0,0,7,212,25165.0,19158.0,119787.0,0.00522,123.9,referral,8592125.77,5986495.15
2017-08-01,7103485.92,8893176.14,-1789690.22,-25.19,1,0,8,213,28290.0,22258.0,146911.0,0.00577,181.6,referral,8567208.67,5941097.67
2017-08-02,6242432.38,8556480.36,-2314047.98,-37.07,2,0,8,214,26788.0,20979.0,114784.0,0.00423,271.5,direct,8269933.76,5904669.39
2017-08-03,6560878.74,8998020.07,-2437141.33,-37.15,3,0,8,215,31496.0,22536.0,143701.0,0.00427,285.1,social_media,7755456.8,6071754.3
2017-08-04,5472043.99,7638550.59,-2166506.6,-39.59,4,0,8,216,30889.0,23962.0,151068.0,0.0034,185.8,email_campaign,7325298.87,6170857.72
2017-08-05,1626028.13,2192300.16,-566272.03,-34.83,5,1,8,217,34707.0,27103.0,183550.0,0.00566,266.9,paid_search,6468566.01,6098173.8
2017-08-06,2056024.63,2936220.92,-880196.29,-42.81,6,1,8,218,35889.0,25345.0,116865.0,0.00401,209.5,paid_search,5503920.5,6036352.31
2017-08-07,2070918.21,2673620.96,-602702.75,-29.1,0,0,8,219,31053.0,24200.0,119017.0,0.00353,228.7,email_campaign,4447401.71,6012852.75
2017-08-08,2631383.27,3603508.2,-972124.93,-36.94,1,0,8,220,30612.0,21678.0,109280.0,0.00374,309.4,organic_search,3808529.91,5957046.36
2017-08-09,2635632.31,3591835.02,-956202.71,-36.28,2,0,8,221,31315.0,23629.0,161035.0,0.00433,287.5,paid_search,3293272.75,5898009.37
2017-08-10,3124252.01,4079777.28,-955525.27,-30.58,3,0,8,222,33136.0,24768.0,140706.0,0.00397,298.9,direct,2802326.08,5837324.09
2017-08-11,3164344.57,4365179.69,-1200835.12,-37.95,4,0,8,223,30520.0,21870.0,130101.0,0.00446,264.1,organic_search,2472654.73,5784402.79
2017-08-12,2404905.33,3325606.06,-920700.73,-38.28,5,1,8,224,31638.0,24053.0,168384.0,0.00465,198.6,organic_search,2583922.9,5659110.95
2017-08-13,2375693.54,3146463.17,-770769.63,-32.44,6,1,8,225,33074.0,25703.0,134513.0,0.00339,181.1,organic_search,2629589.89,5589282.47
2017-08-14,3038574.28,4128458.45,-1089884.17,-35.87,0,0,8,226,34068.0,27358.0,160835.0,0.00476,163.2,organic_search,2767826.47,5526752.58
2017-08-15,2570726.93,3709393.15,-1138666.22,-44.29,1,0,8,227,35864.0,25366.0,115515.0,0.00534,219.2,organic_search,2759161.28,5423119.27
2017-08-16,3226436.89,4462853.41,-1236416.52,-38.32,2,0,8,228,33700.0,25872.0,170639.0,0.0045,144.8,social_media,2843561.94,5333885.46
2017-08-17,4035498.92,5750566.25,-1715067.33,-42.5,3,0,8,229,28915.0,20843.0,111578.0,0.00344,250.4,organic_search,2973740.07,5277649.86
2017-08-18,3226338.29,4356894.77,-1130556.48,-35.04,4,0,8,230,30910.0,21663.0,162728.0,0.00545,104.9,organic_search,2982596.31,5191068.5
2017-08-19,2594209.32,3620782.22,-1026572.9,-39.57,5,1,8,231,32936.0,25133.0,134014.0,0.00476,117.1,direct,3009639.74,5018612.95
2017-08-20,2793076.6,3941814.02,-1148737.42,-41.13,6,1,8,232,33483.0,25702.0,121266.0,0.00361,149.8,organic_search,3069265.89,4853644.24
2017-08-21,2634922.72,3676913.21,-1041990.49,-39.55,0,0,8,233,30617.0,24399.0,136168.0,0.00572,170.5,organic_search,3011601.38,4773768.02
2017-08-22,3146373.54,4106696.92,-960323.38,-30.52,1,0,8,234,34121.0,24435.0,178933.0,0.00379,296.8,direct,3093836.61,4684552.31
2017-08-23,3476965.73,4769850.97,-1292885.24,-37.18,2,0,8,235,34443.0,27665.0,164113.0,0.00425,252.9,referral,3129626.45,4611867.55
2017-08-24,4910360.99,6796852.79,-1886491.8,-38.42,3,0,8,236,31644.0,25469.0,118814.0,0.00424,114.5,organic_search,3254606.74,4532949.4
2017-08-25,3349335.96,4548124.98,-1198789.02,-35.79,4,0,8,237,33330.0,24632.0,156353.0,0.00353,166.7,social_media,3272177.84,4367148.71
2017-08-26,2646726.51,3741666.75,-1094940.24,-41.37,5,1,8,238,32780.0,24563.0,144906.0,0.00363,198.2,organic_search,3279680.29,4116632.34
2017-08-27,2383553.18,3067888.41,-684335.23,-28.71,6,1,8,239,35204.0,26254.0,132453.0,0.00414,306.4,direct,3221176.95,3913312.46
2017-08-28,3635080.01,5161278.75,-1526198.74,-41.99,0,0,8,240,28810.0,22222.0,120902.0,0.0044,299.8,email_campaign,3364056.56,3780376.53
2017-08-29,7306573.99,9554867.54,-2248293.55,-30.77,1,0,8,241,32051.0,23655.0,174402.0,0.00478,267.7,organic_search,3958370.91,3730310.89
2017-08-30,6946636.36,9396255.8,-2449619.44,-35.26,2,0,8,242,30624.0,21466.0,126950.0,0.004,189.6,social_media,4454038.14,3646313.78
2017-08-31,7907948.51,10017576.0,-2109627.49,-26.68,3,0,8,243,31077.0,22060.0,161632.0,0.00411,198.8,organic_search,4882264.93,3673129.19
2017-09-01,5962206.68,7605277.51,-1643070.83,-27.56,4,0,9,244,20846.0,16703.0,76000.0,0.00525,112.3,organic_search,5255532.18,3663788.34
2017-09-02,6245530.26,7453975.27,-1208445.01,-19.35,5,1,9,245,23091.0,18684.0,106469.0,0.00431,126.4,social_media,5769647.0,3653276.72
2017-09-03,2366258.16,2028274.79,337983.37,14.28,6,1,9,246,19088.0,13619.0,80620.0,0.00412,261.1,paid_search,5767176.28,3549750.53
2017-09-04,3110959.61,2696832.33,414127.28,13.31,0,0,9,247,22223.0,17808.0,119084.0,0.00525,134.6,referral,5692301.94,3599248.24
2017-09-05,4156708.13,3697301.2,459406.93,11.05,1,0,9,248,22874.0,17929.0,110468.0,0.00348,181.6,organic_search,5242321.1,3669271.03
2017-09-06,3962558.61,3470517.33,492041.28,12.42,2,0,9,249,23093.0,18419.0,87810.0,0.00364,127.8,email_campaign,4816024.28,3732325.71
2017-09-07,3177169.11,2911789.0,265380.11,8.35,3,0,9,250,24979.0,18665.0,82315.0,0.00575,212.2,organic_search,4140198.65,3750518.57
2017-09-08,2758623.23,2466116.27,292506.96,10.6,4,0,9,251,19331.0,15167.0,102782.0,0.00366,319.4,direct,3682543.87,3754618.27
2017-09-09,3407389.12,3057748.67,349640.45,10.26,5,1,9,252,19179.0,15303.0,92723.0,0.00327,176.9,organic_search,3277095.14,3764056.17
2017-09-10,2833078.04,2447241.71,385836.33,13.62,6,1,9,253,22223.0,15732.0,82195.0,0.00437,257.9,email_campaign,3343783.69,3753013.95
2017-09-11,4351501.62,3874079.03,477422.59,10.97,0,0,9,254,20980.0,15408.0,88063.0,0.00574,310.3,organic_search,3521003.98,3817900.49
2017-09-12,5272757.92,4657582.93,615174.99,11.67,1,0,9,255,22613.0,15960.0,108189.0,0.00361,171.2,referral,3680439.66,3914469.31
2017-09-13,4375381.18,3897483.92,477897.26,10.92,2,0,9,256,23911.0,16994.0,111917.0,0.00321,145.2,organic_search,3739414.32,3959029.54
2017-09-14,2944995.39,2598454.0,346541.39,11.77,3,0,9,257,21462.0,15173.0,105722.0,0.00534,215.0,paid_search,3706246.64,3971505.15
2017-09-15,4050240.35,3493814.51,556425.84,13.74,4,0,9,258,18682.0,14184.0,86802.0,0.00554,236.3,organic_search,3890763.37,3998965.27
2017-09-16,3998480.39,3572766.48,425713.91,10.65,5,1,9,259,23441.0,17775.0,78852.0,0.00466,191.4,social_media,3975204.98,3997731.32
2017-09-17,3646297.83,3324722.05,321575.78,8.82,6,1,9,260,21658.0,16922.0,102167.0,0.00578,138.3,paid_search,4091379.24,4011729.97
2017-09-18,4708998.08,4108242.1,600755.98,12.76,0,0,9,261,26686.0,20277.0,86684.0,0.0033,231.8,social_media,4142450.16,4082222.93
2017-09-19,5863767.93,5193156.23,670611.7,11.44,1,0,9,262,22505.0,16516.0,111810.0,0.00395,304.1,email_campaign,4226880.16,4184579.3
2017-09-20,4348094.84,3813888.37,534206.47,12.29,2,0,9,263,23533.0,18431.0,80584.0,0.00368,281.9,referral,4222982.12,4241685.04
2017-09-21,3941062.22,3437534.89,503527.33,12.78,3,0,9,264,25061.0,18573.0,86344.0,0.00363,177.0,organic_search,4365277.38,4268174.66
2017-09-22,4296469.47,3871217.73,425251.74,9.9,4,0,9,265,22964.0,18801.0,98691.0,0.00435,131.3,paid_search,4400452.97,4295491.46
2017-09-23,4068464.64,3622953.87,445510.77,10.95,5,1,9,266,20569.0,16593.0,70094.0,0.00424,198.6,paid_search,4410450.72,4267428.24
2017-09-24,3893369.27,3496467.09,396902.18,10.19,6,1,9,267,20937.0,15172.0,72188.0,0.00499,130.0,referral,4445746.64,4285562.69
2017-09-25,5274815.56,4684517.64,590297.92,11.19,0,0,9,268,23029.0,18798.0,118847.0,0.00574,246.0,organic_search,4526577.7,4373165.66
2017-09-26,5803004.55,5062124.41,740880.14,12.77,1,0,9,269,23233.0,18525.0,97864.0,0.00449,120.3,social_media,4517897.22,4487147.37
2017-09-27,7446035.82,6568633.22,877402.6,11.78,2,0,9,270,18923.0,13403.0,94972.0,0.00425,271.7,email_campaign,4960460.22,4614179.23
2017-09-28,7777371.32,7033425.19,743946.13,9.57,3,0,9,271,21195.0,16470.0,108775.0,0.00484,244.4,referral,5508504.38,4629872.47
2017-09-29,5297992.65,4816175.26,481817.39,9.09,4,0,9,272,20000.0,16351.0,77127.0,0.00422,253.6,paid_search,5651579.12,4574917.68
2017-09-30,5604370.48,4849617.32,754753.16,13.47,5,1,9,273,22021.0,16969.0,95903.0,0.00344,111.8,paid_search,5870994.24,4498131.75
2017-10-01,4057941.88,3476480.87,581461.01,14.33,6,1,10,274,17915.0,14178.0,59367.0,0.00358,161.5,social_media,5894504.61,4434656.26
2017-10-02,2879522.46,2342981.57,536540.89,18.63,0,0,10,275,16833.0,12837.0,82412.0,0.00404,123.3,paid_search,5552319.88,4322456.0
2017-10-03,2733645.95,2251158.64,482487.31,17.65,1,0,10,276,18334.0,14736.0,66664.0,0.00402,148.4,paid_search,5113840.08,4334702.26
2017-10-04,3991921.57,3166198.46,825723.11,20.68,2,0,10,277,17386.0,13879.0,59820.0,0.00513,127.7,referral,4620395.19,4364067.65
2017-10-05,3219806.7,2540926.63,678880.07,21.08,3,0,10,278,17122.0,12358.0,80059.0,0.00543,246.5,referral,3969314.53,4332837.61
2017-10-06,2919860.88,2393697.54,526163.34,18.02,4,0,10,279,15453.0,10992.0,79238.0,0.00447,166.0,referral,3629581.42,4298081.01
2017-10-07,3614512.4,2790501.3,824011.1,22.8,5,1,10,280,19468.0,13738.0,96644.0,0.00383,137.9,organic_search,3345315.98,4312659.12
2017-10-08,3915909.65,3064193.34,851716.31,21.75,6,1,10,281,16925.0,13107.0,66952.0,0.00416,114.9,organic_search,3325025.66,4351235.34
2017-10-09,3295589.64,2601027.16,694562.48,21.08,0,0,10,282,18314.0,13255.0,83649.0,0.00363,274.5,organic_search,3384463.83,4347508.69
2017-10-10,3865996.54,3056078.01,809918.53,20.95,1,0,10,283,16264.0,11813.0,65359.0,0.00543,113.2,organic_search,3546228.2,4381939.31
2017-10-11,5115944.9,4157714.79,958230.11,18.73,2,0,10,284,17697.0,14266.0,67961.0,0.00426,291.3,paid_search,3706802.96,4407420.75
2017-10-12,4480692.67,3480805.66,999887.01,22.32,3,0,10,285,17354.0,13593.0,92248.0,0.00401,151.3,email_campaign,3886929.53,4381018.57
2017-10-13,3073492.71,2485145.78,588346.93,19.14,4,0,10,286,19097.0,14182.0,78609.0,0.0048,292.7,email_campaign,3908876.93,4337622.29
2017-10-14,3790006.69,2996354.65,793652.04,20.94,5,1,10,287,17842.0,14135.0,58830.0,0.0052,257.3,organic_search,3933947.54,4365789.33
2017-10-15,3744243.63,2920145.88,824097.75,22.01,6,1,10,288,15929.0,12116.0,79246.0,0.00506,200.9,paid_search,3909423.83,4355589.44
2017-10-16,4113305.99,3202804.6,910501.39,22.14,0,0,10,289,18508.0,15059.0,79703.0,0.00537,295.6,paid_search,4026240.45,4359416.96
2017-10-17,4345077.6,3330124.96,1014952.64,23.36,1,0,10,290,14949.0,11039.0,59306.0,0.00527,275.8,paid_search,4094680.6,4382709.62
2017-10-18,6078621.94,4769081.72,1309540.22,21.54,2,0,10,291,19764.0,15554.0,71338.0,0.00403,271.7,direct,4232205.89,4428363.75
2017-10-19,3916465.28,3063562.45,852902.83,21.78,3,0,10,292,17442.0,12576.0,80272.0,0.00328,221.9,organic_search,4151601.98,4363453.66
2017-10-20,3454637.53,2776840.51,677797.02,19.62,4,0,10,293,17968.0,14229.0,95705.0,0.00424,134.0,organic_search,4206051.24,4333671.75
2017-10-21,3395571.6,2700303.7,695267.9,20.48,5,1,10,294,18349.0,14662.0,66645.0,0.00549,197.8,organic_search,4149703.37,4315488.73
2017-10-22,3560322.33,2849008.19,711314.14,19.98,6,1,10,295,18520.0,14092.0,73426.0,0.00568,156.9,direct,4123428.9,4290950.49
2017-10-23,3915143.5,3019168.91,895974.59,22.88,0,0,10,296,16768.0,12376.0,70432.0,0.00494,101.3,organic_search,4095119.97,4285839.79
2017-10-24,3172297.01,2492929.42,679367.59,21.42,1,0,10,297,17739.0,12781.0,65769.0,0.00571,178.4,referral,3927579.88,4261804.05
2017-10-25,6656072.71,5320570.98,1335501.73,20.06,2,0,10,298,19179.0,15268.0,72475.0,0.00538,139.2,organic_search,4010072.85,4307845.95
2017-10-26,5244501.34,4208554.22,1035947.12,19.75,3,0,10,299,19358.0,14916.0,98511.0,0.00367,161.3,paid_search,4199792.29,4289229.18
2017-10-27,3452345.34,2711681.12,740664.22,21.45,4,0,10,300,17948.0,12685.0,93032.0,0.00562,234.1,organic_search,4199464.83,4156106.16
2017-10-28,3658997.27,2958790.37,700206.9,19.14,5,1,10,301,18092.0,13116.0,88459.0,0.00565,280.4,organic_search,4237097.07,4018827.03
2017-10-29,7644126.36,6130363.53,1513762.83,19.8,6,1,10,302,19456.0,14861.0,97374.0,0.00559,300.3,organic_search,4820497.65,4097031.48
2017-10-30,7135440.35,5691818.99,1443621.36,20.23,0,0,10,303,16394.0,12277.0,56462.0,0.00393,113.5,referral,5280540.05,4148067.15
2017-10-31,7280919.6,5711548.55,1569371.05,21.55,1,0,10,304,17456.0,13639.0,85404.0,0.00416,197.9,social_media,5867486.14,4255499.74
2017-11-01,7083914.55,5591633.48,1492281.07,21.07,2,0,11,305,14321.0,11372.0,51949.0,0.00464,115.8,email_campaign,5928606.4,4395646.14
2017-11-02,5199936.08,4288675.49,911260.59,17.52,3,0,11,306,12018.0,9483.0,44492.0,0.00433,118.6,social_media,5922239.94,4477855.81
2017-11-03,1577128.76,1289906.6,287222.16,18.21,4,0,11,307,15192.0,12008.0,52311.0,0.00436,280.2,social_media,5654351.85,4397362.72
2017-11-04,1931786.56,1566251.33,365535.23,18.92,5,1,11,308,13373.0,10254.0,64034.0,0.00544,135.6,organic_search,5407607.47,4354428.71
2017-11-05,2523519.9,2073018.57,450501.33,17.85,6,1,11,309,13852.0,11242.0,56895.0,0.00507,109.8,organic_search,4676092.26,4341217.35
2017-11-06,3018330.58,2360833.81,657496.77,21.78,0,0,11,310,14695.0,10725.0,75189.0,0.00513,120.7,social_media,4087933.72,4321344.62
2017-11-07,4095990.43,3338509.96,757480.47,18.49,1,0,11,311,14231.0,10696.0,72485.0,0.00553,293.8,email_campaign,3632943.84,4327347.31
2017-11-08,4277782.67,3348300.89,929481.78,21.73,2,0,11,312,15737.0,12892.0,70203.0,0.00373,178.2,referral,3232067.85,4360087.08
2017-11-09,2792998.33,2205753.88,587244.45,21.03,3,0,11,313,14570.0,10374.0,71269.0,0.00574,315.4,direct,2888219.6,4324320.47
2017-11-10,3541249.75,2843011.6,698238.15,19.72,4,0,11,314,12163.0,8640.0,46045.0,0.00459,307.7,social_media,3168808.32,4271830.64
2017-11-11,2921904.65,2403613.27,518291.38,17.74,5,1,11,315,14199.0,10391.0,69029.0,0.00567,295.8,email_campaign,3310253.76,4219871.03
2017-11-12,3084484.33,2422146.93,662337.4,21.47,6,1,11,316,16862.0,12751.0,72373.0,0.00366,291.1,paid_search,3390391.53,4220237.42
2017-11-13,3746234.93,2946152.31,800082.62,21.36,0,0,11,317,15862.0,12395.0,55608.0,0.00456,169.2,social_media,3494377.87,4218778.36
2017-11-14,4154076.39,3314644.14,839432.25,20.21,1,0,11,318,14054.0,11085.0,48002.0,0.00456,142.3,paid_search,3502675.86,4232439.46
2017-11-15,3854132.18,3119546.66,734585.52,19.06,2,0,11,319,17195.0,12430.0,84000.0,0.00338,203.6,social_media,3442154.37,4223800.33
2017-11-16,3066706.38,2516030.25,550676.13,17.96,3,0,11,320,16292.0,12647.0,89319.0,0.00512,301.3,organic_search,3481255.52,4181187.95
2017-11-17,2781968.82,2191402.04,590566.78,21.23,4,0,11,321,15449.0,10944.0,60520.0,0.00578,261.8,organic_search,3372786.81,4071299.52
2017-11-18,2774765.8,2218818.06,555947.74,20.04,5,1,11,322,13233.0,9863.0,59263.0,0.00566,178.4,social_media,3351766.98,4033242.87
2017-11-19,3132539.58,2911417.5,221122.08,7.06,6,1,11,323,17300.0,12388.0,88596.0,0.00548,138.4,referral,3358632.01,4022506.27
2017-11-20,2995966.89,2760945.71,235021.18,7.84,0,0,11,324,14606.0,10292.0,59542.0,0.00454,262.1,paid_search,3251450.86,4009186.11
2017-11-21,2297213.47,2128140.16,169073.31,7.36,1,0,11,325,12991.0,10410.0,66044.0,0.00532,226.9,paid_search,2986184.73,3967082.48
2017-11-22,2248567.69,2263677.12,-15109.43,-0.67,2,0,11,326,16414.0,11974.0,54277.0,0.0039,317.1,organic_search,2756818.38,3911529.96
2017-11-23,1749357.29,1656734.06,92623.23,5.29,3,0,11,327,16073.0,12474.0,84984.0,0.00478,196.5,referral,2568625.65,3864098.63
2017-11-24,1620958.87,1618303.7,2655.17,0.16,4,0,11,328,16534.0,12308.0,76128.0,0.0032,177.6,social_media,2402767.08,3696261.5
2017-11-25,2674533.14,2727514.77,-52981.63,-1.98,5,1,11,329,13887.0,10739.0,47740.0,0.00575,301.4,paid_search,2388448.13,3610595.9
2017-11-26,2940959.43,2955583.74,-14624.31,-0.5,6,1,11,330,15331.0,11878.0,56009.0,0.00497,140.4,social_media,2361079.54,3593549.7
2017-11-27,3888410.38,3813390.96,75019.42,1.93,0,0,11,331,15891.0,11381.0,78015.0,0.00393,264.9,organic_search,2488571.47,3601196.8
2017-11-28,5847881.51,5752351.51,95530.0,1.63,1,0,11,332,14540.0,11330.0,46626.0,0.00439,279.2,email_campaign,2995809.76,3541321.98
2017-11-29,4871438.96,4803864.88,67574.08,1.39,2,0,11,333,14488.0,11480.0,59571.0,0.00528,269.2,social_media,3370505.65,3465855.26
2017-11-30,4264134.96,4156136.15,107998.81,2.53,3,0,11,334,15443.0,12167.0,53521.0,0.00435,129.7,paid_search,3729759.61,3365295.78
2017-12-01,2565213.32,2510402.2,54811.12,2.14,4,0,12,335,16368.0,12107.0,53712.0,0.00464,256.7,organic_search,3864653.1,3214672.4
2017-12-02,2798541.49,2818052.3,-19510.81,-0.7,5,1,12,336,15521.0,10884.0,85143.0,0.00557,264.0,paid_search,3882368.58,3134625.91
2017-12-03,1410398.63,1318304.86,92093.77,6.53,6,1,12,337,16466.0,11801.0,81064.0,0.00566,104.3,social_media,3663717.04,3129068.24
2017-12-04,1209471.35,1144863.17,64608.18,5.34,0,0,12,338,17262.0,13107.0,70326.0,0.00328,218.7,paid_search,3281011.46,3104991.07
2017-12-05,1723297.16,1680632.44,42664.72,2.48,1,0,12,339,15001.0,11194.0,79075.0,0.00421,144.5,social_media,2691785.12,3078316.98
2017-12-06,1875094.15,1865514.43,9579.72,0.51,2,0,12,340,18173.0,14139.0,71724.0,0.00558,250.7,referral,2263735.87,3040209.1
2017-12-07,2133387.42,2193351.43,-59964.01,-2.81,3,0,12,341,15975.0,12565.0,77815.0,0.00475,156.8,organic_search,1959343.36,2974789.0
2017-12-08,1553493.17,1488945.36,64547.81,4.16,4,0,12,342,15992.0,12153.0,80340.0,0.0056,107.2,organic_search,1814811.91,2883979.35
2017-12-09,1605808.62,1631952.74,-26144.12,-1.63,5,1,12,343,15565.0,11541.0,78310.0,0.00427,307.6,organic_search,1644421.5,2844406.36
2017-12-10,1836022.63,1769756.1,66266.53,3.61,6,1,12,344,17215.0,13767.0,92344.0,0.00427,225.4,paid_search,1705224.93,2787565.45
2017-12-11,2040261.84,2142116.71,-101854.87,-4.99,0,0,12,345,17260.0,12272.0,94346.0,0.00406,229.9,organic_search,1823909.28,2758177.36
2017-12-12,2636835.06,2612267.82,24567.24,0.93,1,0,12,346,17386.0,13528.0,75549.0,0.00393,274.4,direct,1954414.7,2743255.72
2017-12-13,2887343.12,2845278.71,42064.41,1.46,2,0,12,347,16360.0,12417.0,89686.0,0.00325,295.3,referral,2099021.69,2714625.99
2017-12-14,2544808.4,2511218.15,33590.25,1.32,3,0,12,348,17626.0,12709.0,56746.0,0.00333,252.3,organic_search,2157796.12,2660983.72
2017-12-15,2615767.25,2602096.36,13670.89,0.52,4,0,12,349,16696.0,12618.0,88119.0,0.00359,256.2,organic_search,2309549.56,2619704.89
2017-12-16,1895310.17,1824600.76,70709.41,3.73,5,1,12,350,15380.0,12573.0,76990.0,0.0042,247.9,email_campaign,2350906.92,2580658.35
2017-12-17,2997880.85,2962168.44,35712.41,1.19,6,1,12,351,16427.0,12479.0,56203.0,0.00504,246.8,social_media,2516886.67,2587855.42
2017-12-18,2575839.99,2572642.87,3197.12,0.12,0,0,12,352,16764.0,13481.0,92034.0,0.00394,122.3,referral,2593397.83,2581224.56
2017-12-19,2830509.48,2835294.19,-4784.71,-0.17,1,0,12,353,19770.0,14315.0,68091.0,0.00413,310.4,organic_search,2621065.61,2571156.89
2017-12-20,3950305.28,3962113.72,-11808.44,-0.3,2,0,12,354,15328.0,12099.0,75750.0,0.00552,285.6,social_media,2772917.35,2602968.17
2017-12-21,2446276.92,2392977.63,53299.29,2.18,3,0,12,355,15794.0,12560.0,68764.0,0.00514,123.8,organic_search,2758841.42,2607936.95
2017-12-22,2423079.28,2383321.92,39757.36,1.64,4,0,12,356,16334.0,12950.0,56385.0,0.00354,184.4,paid_search,2731314.57,2613754.0
2017-12-23,2343205.29,2302420.5,40784.79,1.74,5,1,12,357,16850.0,12718.0,87565.0,0.00361,113.8,referral,2795299.58,2633548.94
2017-12-24,1582944.12,1537881.36,45062.76,2.85,6,1,12,358,18787.0,13195.0,88138.0,0.00328,218.8,organic_search,2593165.77,2632281.78
2017-12-25,1888197.46,1829750.85,58446.61,3.1,0,0,12,359,19152.0,14167.0,102672.0,0.00497,287.8,paid_search,2494931.12,2606070.59
2017-12-26,2701416.56,2654070.12,47346.44,1.75,1,0,12,360,15201.0,11994.0,52565.0,0.00412,218.5,referral,2476489.27,2598085.83
2017-12-27,4103218.35,4112542.69,-9324.34,-0.23,2,0,12,361,17541.0,13665.0,71457.0,0.00556,245.1,email_campaign,2498334.0,2605246.09
2017-12-28,3545279.44,3453711.8,91567.64,2.58,3,0,12,362,17951.0,13961.0,93009.0,0.00437,165.1,email_campaign,2655334.36,2528492.69
2017-12-29,6520226.98,6483039.79,37187.19,0.57,4,0,12,363,17291.0,12167.0,62258.0,0.00401,314.0,referral,3240641.17,2583452.29
2017-12-30,5342810.18,5371586.26,-28776.08,-0.54,5,1,12,364,16564.0,13467.0,76662.0,0.00394,155.2,paid_search,3669156.16,2619408.13
2017-12-31,5157535.61,5013423.96,144111.65,2.79,6,1,12,365,15712.0,11391.0,75745.0,0.00458,169.6,email_campaign,4179812.08,2705818.88
2018-01-01,4076479.77,3905605.37,170874.4,4.19,0,0,1,1,13904.0,10077.0,53381.0,0.00323,207.9,organic_search,4492423.84,2748416.82
2018-01-02,3624718.09,3245091.67,379626.42,10.47,1,0,1,2,12928.0,10507.0,60337.0,0.00546,230.0,referral,4624324.06,2822227.47
2018-01-03,1228388.32,997328.86,231059.46,18.81,2,0,1,3,14048.0,10822.0,47328.0,0.00544,274.1,direct,4213634.06,2822858.03
2018-01-04,1209588.0,943742.57,265845.43,21.98,3,0,1,4,11481.0,9267.0,37524.0,0.00376,277.7,email_campaign,3879963.85,2805734.39
2018-01-05,1515574.79,1226621.86,288952.93,19.07,4,0,1,5,13547.0,9619.0,73673.0,0.00531,164.9,organic_search,3165013.54,2793750.41
2018-01-06,1836672.15,1424469.16,412202.99,22.44,5,1,1,6,13294.0,10711.0,69884.0,0.0051,115.9,referral,2664136.68,2783859.91
2018-01-07,1476050.73,1224918.4,251132.33,17.01,6,1,1,7,13866.0,9930.0,51120.0,0.00437,240.3,organic_search,2138210.26,2781278.49
2018-01-08,2536686.97,2085102.3,451584.67,17.8,0,0,1,8,13310.0,9713.0,49025.0,0.00457,272.2,email_campaign,1918239.86,2812307.77
2018-01-09,2729162.63,2140605.04,588557.59,21.57,1,0,1,9,13582.0,9879.0,67305.0,0.00545,259.7,organic_search,1790303.37,2842079.1
2018-01-10,2434343.96,1884221.76,550122.2,22.6,2,0,1,10,14394.0,10246.0,55185.0,0.00453,202.3,social_media,1962582.75,2855215.17
2018-01-11,2183840.91,1845305.97,338534.94,15.5,3,0,1,11,13327.0,10140.0,46271.0,0.00545,149.6,direct,2101761.73,2840115.37
2018-01-12,2862550.24,2341061.28,521488.96,18.22,4,0,1,12,16056.0,12141.0,64034.0,0.00368,242.1,paid_search,2294186.8,2839288.94
2018-01-13,2753366.32,2271479.73,481886.59,17.5,5,1,1,13,11440.0,8719.0,61413.0,0.00551,272.6,paid_search,2425143.11,2846240.87
2018-01-14,2226116.52,1762940.79,463175.73,20.81,6,1,1,14,15058.0,11539.0,62934.0,0.00385,292.4,referral,2532295.36,2833252.51
2018-01-15,3128561.64,2520530.26,608031.38,19.43,0,0,1,15,12203.0,9300.0,47063.0,0.00567,143.6,organic_search,2616848.89,2874360.89
2018-01-16,3770286.85,3022848.85,747438.0,19.82,1,0,1,16,12004.0,9665.0,64845.0,0.00361,158.7,organic_search,2765580.92,2900107.76
2018-01-17,3240996.79,2645347.64,595649.15,18.38,2,0,1,17,13315.0,10603.0,59094.0,0.00516,180.3,organic_search,2880817.04,2922279.65
2018-01-18,2110305.53,1667911.37,442394.16,20.96,3,0,1,18,14303.0,10695.0,72093.0,0.00438,231.4,referral,2870311.98,2898272.86
2018-01-19,2086549.59,1700643.75,385905.84,18.49,4,0,1,19,14149.0,10956.0,56631.0,0.00352,112.1,direct,2759454.75,2836147.67
2018-01-20,2418121.84,2008335.01,409786.83,16.95,5,1,1,20,13626.0,10427.0,68278.0,0.0037,294.9,social_media,2711562.68,2835209.16
2018-01-21,2484308.01,1971853.24,512454.77,20.63,6,1,1,21,11820.0,9291.0,45315.0,0.00403,223.9,social_media,2748447.18,2837250.12
2018-01-22,3315490.36,2730843.03,584647.33,17.63,0,0,1,22,13976.0,10323.0,74019.0,0.00381,168.6,direct,2775151.28,2869659.62
2018-01-23,4611238.46,3755442.15,855796.31,18.56,1,0,1,23,14031.0,10228.0,45833.0,0.00359,284.0,social_media,2895287.23,2970602.77
2018-01-24,3270861.1,2653232.42,617628.68,18.88,2,0,1,24,13276.0,9889.0,56881.0,0.00327,230.5,social_media,2899553.56,3016691.56
2018-01-25,2275701.54,1820602.61,455098.93,20.0,3,0,1,25,12850.0,9395.0,65032.0,0.00325,190.2,paid_search,2923181.56,3002501.06
2018-01-26,2897617.42,2400983.47,496633.95,17.14,4,0,1,26,14225.0,10076.0,76115.0,0.00511,239.0,social_media,3039048.39,2962314.36
2018-01-27,3617772.88,2965865.28,651907.6,18.02,5,1,1,27,13116.0,9200.0,46423.0,0.00569,217.4,social_media,3210427.11,2964730.81
2018-01-28,3128272.36,2453931.52,674340.84,21.56,6,1,1,28,14338.0,10498.0,54629.0,0.00428,114.3,paid_search,3302422.02,2851665.65
2018-01-29,5197360.04,4086899.16,1110460.88,21.37,0,0,1,29,14330.0,11734.0,56472.0,0.00477,111.1,email_campaign,3571260.54,2846817.31
2018-01-30,5706924.49,4618954.53,1087969.96,19.06,1,0,1,30,14184.0,10806.0,63903.0,0.00574,100.8,paid_search,3727787.12,2865130.28
2018-01-31,5009601.43,4199624.93,809976.5,16.17,2,0,1,31,13111.0,10727.0,55626.0,0.00382,240.7,organic_search,3976178.59,2896234.33
2018-02-01,3670728.79,3012405.31,658323.48,17.93,3,0,2,32,18158.0,13551.0,99763.0,0.00325,239.1,referral,4175468.2,2897768.02
2018-02-02,4258063.02,3505527.95,752535.07,17.67,4,0,2,33,20628.0,15815.0,77262.0,0.00542,258.4,social_media,4369817.57,2998757.18
2018-02-03,1981564.16,1568068.11,413496.05,20.87,5,1,2,34,17142.0,12608.0,84791.0,0.00332,276.7,paid_search,4136073.47,3024489.72
2018-02-04,2874335.62,2202119.84,672215.78,23.39,6,1,2,35,21937.0,16156.0,71702.0,0.00499,157.9,email_campaign,4099796.79,3069781.74
2018-02-05,3130745.66,2498095.83,632649.83,20.21,0,0,2,36,20312.0,14559.0,94216.0,0.00522,218.3,organic_search,3804566.17,3112917.53
2018-02-06,3339473.15,2568216.59,771256.56,23.1,1,0,2,37,20841.0,15923.0,93977.0,0.00522,188.6,email_campaign,3466358.83,3175031.61
2018-02-07,2805812.6,2202832.26,602980.34,21.49,2,0,2,38,22384.0,17511.0,84703.0,0.00466,118.5,organic_search,3151531.86,3184002.46
2018-02-08,2150875.76,1718669.78,432205.98,20.09,3,0,2,39,19053.0,14537.0,77067.0,0.00533,296.6,organic_search,2934410.0,3164726.23
2018-02-09,2144621.01,1686060.42,458560.59,21.38,4,0,2,40,23928.0,17973.0,97995.0,0.00367,311.0,paid_search,2632489.71,3155068.8
2018-02-10,2584198.15,2095864.1,488334.05,18.9,5,1,2,41,17673.0,12439.0,84212.0,0.00446,254.2,paid_search,2718580.28,3168414.04
2018-02-11,2962791.58,2320546.01,642245.57,21.68,6,1,2,42,19511.0,14638.0,89520.0,0.00327,279.7,organic_search,2731216.84,3171755.42
2018-02-12,3622566.63,2796978.04,825588.59,22.79,0,0,2,43,21143.0,14809.0,68725.0,0.00355,318.8,paid_search,2801476.98,3200728.77
2018-02-13,4418784.14,3538184.9,880599.24,19.93,1,0,2,44,20955.0,14914.0,105610.0,0.00385,272.6,social_media,2955664.27,3273817.69
2018-02-14,4218153.95,3395697.77,822456.18,19.5,2,0,2,45,22852.0,17086.0,124421.0,0.00358,123.1,organic_search,3157427.32,3310137.43
2018-02-15,3128927.36,2501462.4,627464.96,20.05,3,0,2,46,21016.0,16188.0,93867.0,0.00515,113.3,organic_search,3297148.97,3288758.78
2018-02-16,3463265.1,2649618.11,813646.99,23.49,4,0,2,47,18882.0,15239.0,64391.0,0.0035,292.9,paid_search,3485526.7,3296167.72
2018-02-17,4206774.3,3318989.93,887784.37,21.1,5,1,2,48,19469.0,14949.0,76665.0,0.00442,105.0,organic_search,3717323.29,3366050.02
2018-02-18,3926304.19,3167573.08,758731.11,19.32,6,1,2,49,21695.0,15462.0,109393.0,0.00533,203.5,direct,3854967.95,3427375.17
2018-02-19,4186201.52,3338454.11,847747.41,20.25,0,0,2,50,17034.0,12909.0,62250.0,0.00479,227.6,direct,3935487.22,3486311.16
2018-02-20,5091061.73,4033905.61,1057156.12,20.76,1,0,2,51,20969.0,15753.0,89224.0,0.00529,251.8,social_media,4031526.88,3573202.95
2018-02-21,3907743.08,3150049.7,757693.38,19.39,2,0,2,52,18697.0,14423.0,60082.0,0.00395,311.9,email_campaign,3987182.47,3592944.71
2018-02-22,3063440.84,2341066.15,722374.69,23.58,3,0,2,53,16486.0,12941.0,66844.0,0.00471,296.4,email_campaign,3977827.25,3541351.45
2018-02-23,3544367.16,2804587.84,739779.32,20.87,4,0,2,54,20807.0,15501.0,82589.0,0.00537,210.0,direct,3989413.26,3550468.32
2018-02-24,3364498.21,2679591.94,684906.27,20.36,5,1,2,55,18429.0,13700.0,81461.0,0.00461,136.9,email_campaign,3869088.1,3586761.54
2018-02-25,4015454.83,3238625.9,776828.93,19.35,6,1,2,56,19363.0,13575.0,70572.0,0.0035,235.6,social_media,3881823.91,3624022.79
2018-02-26,7426597.23,5998758.22,1427839.01,19.23,0,0,2,57,17681.0,14289.0,93780.0,0.00511,143.3,email_campaign,4344737.58,3750983.6
2018-02-27,8416365.51,6844455.72,1571909.79,18.68,1,0,2,58,21338.0,17159.0,70800.0,0.00501,301.0,organic_search,4819780.98,3927253.37
2018-02-28,8409092.75,6627677.09,1781415.66,21.18,2,0,2,59,23064.0,18450.0,121432.0,0.00462,189.7,organic_search,5462830.93,4034311.13
2018-03-01,6963830.59,5570058.79,1393771.8,20.01,3,0,3,60,26962.0,20950.0,146189.0,0.00338,223.3,paid_search,6020029.47,4076208.0
2018-03-02,5613671.87,4371797.12,1241874.75,22.12,4,0,3,61,29092.0,23279.0,98813.0,0.00379,102.6,referral,6315644.43,4096343.68
2018-03-03,1177076.3,967531.27,209545.03,17.8,5,1,3,62,27876.0,21526.0,149949.0,0.00378,246.6,paid_search,6003155.58,4013221.93
2018-03-04,2218712.31,1781519.01,437193.3,19.7,6,1,3,63,30258.0,21870.0,124545.0,0.00383,213.5,email_campaign,5746478.08,3945243.58
2018-03-05,2742871.53,2230053.99,512817.54,18.7,0,0,3,64,26618.0,20081.0,104341.0,0.00465,195.2,organic_search,5077374.41,3970620.49
2018-03-06,3203122.41,2519131.06,683991.35,21.35,1,0,3,65,29196.0,23434.0,122158.0,0.00407,306.2,email_campaign,4332625.39,3981580.05
2018-03-07,4507553.37,3470623.71,1036929.66,23.0,2,0,3,66,26569.0,19335.0,94979.0,0.00384,143.7,email_campaign,3775262.63,4027473.64
2018-03-08,3419972.83,2864363.46,555609.37,16.25,3,0,3,67,34353.0,25095.0,155950.0,0.00534,220.1,organic_search,3268997.23,4030156.96
2018-03-09,3250890.44,2689334.35,561556.09,17.27,4,0,3,68,29115.0,20468.0,127999.0,0.00463,229.0,referral,2931457.03,4044992.89
2018-03-10,3479853.91,2832299.24,647554.67,18.61,5,1,3,69,25362.0,19672.0,85753.0,0.00394,311.6,organic_search,3260425.26,4089292.16
2018-03-11,4342360.28,3337146.36,1005213.92,23.15,6,1,3,70,26119.0,18591.0,111401.0,0.00386,271.8,organic_search,3563803.54,4162550.14
2018-03-12,3648185.26,2790754.99,857430.27,23.5,0,0,3,71,27756.0,20759.0,148710.0,0.00434,152.9,email_campaign,3693134.07,4198016.37
2018-03-13,5344808.38,4343953.93,1000854.45,18.73,1,0,3,72,26655.0,19160.0,112081.0,0.00457,109.4,paid_search,3999089.21,4277416.93
2018-03-14,6867137.98,5489756.33,1377381.65,20.06,2,0,3,73,27642.0,21968.0,141297.0,0.00399,117.8,referral,4336172.73,4385569.31
2018-03-15,6357153.0,4930724.06,1426428.94,22.44,3,0,3,74,31602.0,23640.0,167018.0,0.00365,222.6,referral,4755769.89,4450181.61
2018-03-16,4667689.08,3716263.52,951425.56,20.38,4,0,3,75,28981.0,22332.0,104925.0,0.00542,136.7,organic_search,4958169.7,4465166.11
2018-03-17,6875294.96,5458868.53,1416426.43,20.6,5,1,3,76,28478.0,20529.0,153768.0,0.00342,254.1,organic_search,5443232.71,4590045.03
2018-03-18,5615859.9,4613908.21,1001951.69,17.84,6,1,3,77,33664.0,26103.0,120319.0,0.00385,189.4,organic_search,5625161.22,4661798.19
2018-03-19,5314373.17,4472182.88,842190.29,15.85,0,0,3,78,29822.0,23760.0,120238.0,0.00381,225.1,paid_search,5863188.07,4698718.15
2018-03-20,6054738.37,5116787.38,937950.99,15.49,1,0,3,79,26355.0,21495.0,128021.0,0.00571,305.1,paid_search,5964606.64,4769665.96
2018-03-21,6826815.9,5913005.8,913810.1,13.39,2,0,3,80,30225.0,21804.0,161283.0,0.00463,280.2,email_campaign,5958846.34,4857686.44
2018-03-22,5512035.33,4925778.06,586257.27,10.64,3,0,3,81,28583.0,20430.0,141889.0,0.0047,196.4,referral,5838115.24,4871718.89
2018-03-23,4008326.65,3711085.6,297241.05,7.42,4,0,3,82,24716.0,17705.0,100647.0,0.0034,296.0,email_campaign,5743920.61,4875071.68
2018-03-24,5227586.74,4619965.13,607621.61,11.62,5,1,3,83,26212.0,21135.0,127578.0,0.00508,184.9,social_media,5508533.72,4947209.88
2018-03-25,4970364.06,4473153.96,497210.1,10.0,6,1,3,84,23343.0,18573.0,126488.0,0.00395,116.0,paid_search,5416320.03,4994743.11
2018-03-26,6133670.91,5616024.38,517646.53,8.44,0,0,3,85,25091.0,18621.0,119391.0,0.00428,205.3,direct,5533362.57,5087048.86
2018-03-27,6350306.2,5743746.71,606559.49,9.55,1,0,3,86,30251.0,22878.0,115879.0,0.00577,142.0,organic_search,5575586.54,5164877.24
2018-03-28,8582287.61,7811323.78,770963.83,8.98,2,0,3,87,30581.0,21506.0,167274.0,0.00486,209.3,email_campaign,5826368.21,5203400.25
2018-03-29,7363015.35,6638405.71,724609.64,9.84,3,0,3,88,25464.0,20112.0,101309.0,0.00441,285.6,email_campaign,6090793.93,5168288.58
2018-03-30,12176690.89,10927925.46,1248765.43,10.26,4,0,3,89,29367.0,23066.0,155084.0,0.00546,177.9,email_campaign,7257703.11,5293875.19
2018-03-31,11278748.95,10156610.77,1122138.18,9.95,5,1,3,90,28256.0,19940.0,102427.0,0.00383,160.0,organic_search,8122154.85,5437705.8
2018-04-01,9326921.27,8552479.35,774441.92,8.3,6,1,4,91,40226.0,29826.0,165701.0,0.00384,125.5,organic_search,8744520.17,5561480.78
2018-04-02,9532990.22,8745489.29,787500.93,8.26,0,0,4,92,40849.0,31424.0,191170.0,0.00391,145.1,organic_search,9230137.21,5840011.24
2018-04-03,9176055.6,8274855.19,901200.41,9.82,1,0,4,93,34758.0,28049.0,134893.0,0.00333,257.1,paid_search,9633815.7,6071922.68
2018-04-04,3771895.32,3451444.47,320450.85,8.5,2,0,4,94,34281.0,25289.0,151738.0,0.00515,303.6,organic_search,8946616.8,6106223.48
2018-04-05,2915055.94,2584733.26,330322.68,11.33,3,0,4,95,38153.0,28260.0,209383.0,0.00504,182.4,referral,8311194.03,6096621.26
2018-04-06,3716970.57,3290630.48,426340.09,11.47,4,0,4,96,33990.0,27256.0,114295.0,0.00396,235.4,organic_search,7102662.55,6070268.5
2018-04-07,4650087.25,4137264.98,512822.27,11.03,5,1,4,97,37970.0,26750.0,130583.0,0.00404,226.0,organic_search,6155710.88,6111272.32
2018-04-08,4317415.31,3833384.91,484030.4,11.21,6,1,4,98,41237.0,30368.0,184076.0,0.00538,219.2,email_campaign,5440067.17,6146823.15
2018-04-09,4916546.48,4479387.83,437158.65,8.89,0,0,4,99,38879.0,29987.0,153130.0,0.00405,107.5,social_media,4780575.21,6194712.9
2018-04-10,7060893.97,6323343.96,737550.01,10.45,1,0,4,100,37779.0,30196.0,183909.0,0.00561,214.5,paid_search,4478409.26,6285330.69
2018-04-11,5719121.32,5144349.61,574771.71,10.05,2,0,4,101,28383.0,21274.0,132116.0,0.00431,264.7,social_media,4756584.41,6354361.89
2018-04-12,4925768.26,4274900.55,650867.71,13.21,3,0,4,102,44218.0,33173.0,219615.0,0.00334,265.4,social_media,5043829.02,6340393.89
2018-04-13,4955951.73,4445276.84,510674.89,10.3,4,0,4,103,37055.0,25955.0,147670.0,0.00442,138.5,organic_search,5220826.33,6276687.68
2018-04-14,5934960.89,5111153.97,823806.92,13.88,5,1,4,104,35319.0,26697.0,158222.0,0.00537,220.2,social_media,5404379.71,6262614.61
2018-04-15,5904150.09,4782715.57,1121434.52,18.99,6,1,4,105,39032.0,28257.0,170493.0,0.00518,104.8,paid_search,5631056.11,6303829.97
2018-04-16,7603253.45,6190718.89,1412534.56,18.58,0,0,4,106,34822.0,27737.0,170463.0,0.00562,103.4,organic_search,6014871.39,6328095.26
2018-04-17,9179593.09,7283796.97,1895796.12,20.65,1,0,4,107,43094.0,34356.0,169578.0,0.00439,282.2,paid_search,6317542.69,6446886.36
2018-04-18,9507550.23,7504171.54,2003378.69,21.07,2,0,4,108,39902.0,31111.0,194491.0,0.00575,118.2,social_media,6858746.82,6586658.93
2018-04-19,6670677.39,5141784.57,1528892.82,22.92,3,0,4,109,40961.0,33526.0,201133.0,0.00574,259.9,referral,7108019.55,6607190.23
2018-04-20,7753365.66,6032943.55,1720422.11,22.19,4,0,4,110,35604.0,27892.0,183788.0,0.00501,184.4,paid_search,7507650.11,6638075.22
2018-04-21,6793803.83,5216087.55,1577716.28,23.22,5,1,4,111,34335.0,24248.0,136326.0,0.00525,278.5,paid_search,7630341.96,6680800.84
2018-04-22,7058897.65,5480418.64,1578479.01,22.36,6,1,4,112,35770.0,27328.0,160066.0,0.00337,192.1,social_media,7795305.9,6782486.54
2018-04-23,8991635.45,7095225.16,1896410.29,21.09,0,0,4,113,41030.0,31142.0,178894.0,0.00403,278.3,organic_search,7993646.19,6907954.83
2018-04-24,10052878.22,8047009.91,2005868.31,19.95,1,0,4,114,40760.0,29004.0,186444.0,0.00406,176.7,paid_search,8118401.2,7077371.97
2018-04-25,9547875.66,7562805.33,1985070.33,20.79,2,0,4,115,38340.0,27746.0,125240.0,0.0054,209.5,social_media,8124161.98,7191178.8
2018-04-26,7281885.08,5826147.75,1455737.33,19.99,3,0,4,116,34008.0,25877.0,186139.0,0.0043,171.4,paid_search,8211477.36,7222231.42
2018-04-27,7916179.31,6291028.22,1625151.09,20.53,4,0,4,117,38475.0,29471.0,203546.0,0.00413,306.9,social_media,8234736.46,7200027.81
2018-04-28,10502784.65,8150501.12,2352283.53,22.4,5,1,4,118,31176.0,22646.0,170784.0,0.00378,228.9,email_campaign,8764590.86,7304686.79
2018-04-29,12074392.53,9758209.64,2316182.89,19.18,6,1,4,119,34533.0,28246.0,187174.0,0.00573,248.8,paid_search,9481090.13,7301276.85
2018-04-30,12464011.32,10080235.11,2383776.21,19.13,0,0,4,120,36513.0,29598.0,143406.0,0.00565,197.5,direct,9977143.82,7340785.59
2018-05-01,13778926.53,10888681.41,2890245.12,20.98,1,0,5,121,27608.0,22557.0,145666.0,0.00422,106.2,social_media,10509436.44,7489185.77
2018-05-02,12779953.62,10186293.15,2593660.47,20.29,2,0,5,122,39960.0,31187.0,153413.0,0.00526,167.1,email_campaign,10971161.86,7597417.88
2018-05-03,9480205.54,7740627.05,1739578.49,18.35,3,0,5,123,32729.0,24929.0,163856.0,0.00524,128.8,referral,11285207.64,7607556.21
2018-05-04,3081716.09,2431808.71,649907.38,21.09,4,0,5,124,33324.0,26152.0,114014.0,0.00374,297.8,social_media,10594570.04,7584550.24
2018-05-05,4882374.55,3844333.13,1038041.42,21.26,5,1,5,125,36485.0,28172.0,122272.0,0.00495,127.1,direct,9791654.31,7650127.52
2018-05-06,4852630.6,3859217.33,993413.27,20.47,6,1,5,126,41927.0,31062.0,200310.0,0.00376,200.2,referral,8759974.04,7687982.86
2018-05-07,5630735.57,4477313.26,1153422.31,20.48,0,0,5,127,36044.0,25587.0,146400.0,0.0049,104.9,referral,7783791.79,7720671.14
2018-05-08,5961711.29,4782188.47,1179522.82,19.78,1,0,5,128,34926.0,27779.0,120521.0,0.00419,149.0,direct,6667046.75,7775481.0
2018-05-09,8207932.76,6468074.72,1739858.04,21.2,2,0,5,129,35193.0,28654.0,165437.0,0.00424,294.0,paid_search,6013900.91,7885193.88
2018-05-10,7249267.2,5767724.99,1481542.21,20.44,3,0,5,130,35384.0,28150.0,151189.0,0.00546,311.0,organic_search,5695195.44,7891472.99
2018-05-11,5934039.42,4706572.43,1227466.99,20.69,4,0,5,131,34796.0,26089.0,143086.0,0.00364,143.3,paid_search,6102670.2,7898636.92
2018-05-12,5782619.05,4599452.28,1183166.77,20.46,5,1,5,132,34524.0,26447.0,111369.0,0.00433,314.4,organic_search,6231276.56,7927198.61
2018-05-13,5902938.45,4640987.62,1261950.83,21.38,6,1,5,133,31346.0,24540.0,121932.0,0.0054,227.1,email_campaign,6381320.53,7958764.84
2018-05-14,7023913.46,5532477.08,1491436.38,21.23,0,0,5,134,41790.0,29502.0,160981.0,0.00396,189.9,organic_search,6580345.95,7995063.26
2018-05-15,8789772.31,6971865.67,1817906.64,20.68,1,0,5,135,37625.0,26932.0,151990.0,0.00404,116.4,referral,6984354.66,8091250.67
2018-05-16,9398231.32,7399830.54,1998400.78,21.26,2,0,5,136,34563.0,24230.0,171423.0,0.00545,209.8,paid_search,7154397.32,8151083.26
2018-05-17,9816742.13,7698242.57,2118499.56,21.58,3,0,5,137,36783.0,30142.0,138732.0,0.00458,295.8,paid_search,7521179.45,8172321.56
2018-05-18,7337944.43,5819237.35,1518707.08,20.7,4,0,5,138,34098.0,26485.0,161075.0,0.00516,189.6,referral,7721737.31,8100001.37
2018-05-19,6925640.35,5627670.43,1297969.92,18.74,5,1,5,139,36343.0,26694.0,154398.0,0.00494,162.1,email_campaign,7885026.06,8108500.13
2018-05-20,8653992.04,6799995.97,1853996.07,21.42,6,1,5,140,34373.0,26804.0,112561.0,0.00405,108.9,email_campaign,8278033.72,8138521.01
2018-05-21,6241809.14,4958178.74,1283630.4,20.57,0,0,5,141,34907.0,28015.0,113096.0,0.00537,107.3,social_media,8166304.53,8120121.19
2018-05-22,7847121.97,6132458.54,1714663.43,21.85,1,0,5,142,39610.0,30329.0,172611.0,0.00382,172.1,social_media,8031640.2,8146395.33
2018-05-23,11779004.94,9369180.79,2409824.15,20.46,2,0,5,143,29420.0,21478.0,150125.0,0.00549,144.6,paid_search,8371750.71,8239307.65
2018-05-24,9030397.74,7160269.86,1870127.88,20.71,3,0,5,144,36243.0,27824.0,194795.0,0.0055,289.5,organic_search,8259415.8,8205224.97
2018-05-25,6498399.18,5141245.68,1357153.5,20.88,4,0,5,145,37954.0,29878.0,178017.0,0.0048,269.4,social_media,8139480.77,8103575.75
2018-05-26,5600677.63,4596266.34,1004411.29,17.93,5,1,5,146,38529.0,27569.0,177123.0,0.00426,259.0,social_media,7950200.38,8047535.5
2018-05-27,6413198.63,5135755.4,1277443.23,19.92,6,1,5,147,34124.0,25951.0,126584.0,0.00543,319.7,organic_search,7630087.03,7997436.15
2018-05-28,7438573.25,5854231.41,1584341.84,21.3,0,0,5,148,38930.0,28999.0,151548.0,0.00564,119.1,email_campaign,7801053.33,7895295.77
2018-05-29,10262818.32,7905889.83,2356928.49,22.97,1,0,5,149,31312.0,23118.0,116886.0,0.00575,127.8,organic_search,8146152.81,7834909.96
2018-05-30,20905271.35,16535857.67,4369413.68,20.9,2,0,5,150,39158.0,29293.0,202153.0,0.00556,114.9,paid_search,9449905.16,8116285.3
2018-05-31,19289944.12,15561846.1,3728098.02,19.33,3,0,5,151,35888.0,25472.0,120845.0,0.00443,140.2,social_media,10915554.64,8299985.88
2018-06-01,19245165.78,15287542.6,3957623.18,20.56,4,0,6,152,47179.0,37945.0,239522.0,0.0032,201.2,organic_search,12736521.3,8515492.95
2018-06-02,17529108.34,13707707.44,3821400.9,21.8,5,1,6,153,29884.0,22953.0,137345.0,0.00338,249.7,organic_search,14440582.83,8783789.71
2018-06-03,13779702.07,10827445.24,2952256.83,21.42,6,1,6,154,36288.0,28957.0,120447.0,0.00464,280.3,referral,15492940.46,9140389.25
2018-06-04,4373078.45,3458754.81,914323.64,20.91,0,0,6,155,34071.0,24605.0,187212.0,0.0057,290.4,referral,15055012.63,9123412.71
2018-06-05,5537841.59,4323885.63,1213955.96,21.92,1,0,6,156,37927.0,28705.0,182011.0,0.00363,235.5,organic_search,14380015.96,9146253.08
2018-06-06,6238754.07,4903699.53,1335054.54,21.4,2,0,6,157,33776.0,26974.0,112758.0,0.00558,307.7,organic_search,12284799.2,9166520.36
2018-06-07,4523493.87,3579003.08,944490.79,20.88,3,0,6,158,41500.0,29983.0,205089.0,0.00444,230.3,social_media,10175306.31,9118579.78
2018-06-08,5863271.23,4570207.33,1293063.9,22.05,4,0,6,159,37564.0,28762.0,177882.0,0.00438,252.4,paid_search,8263607.09,9040424.39
2018-06-09,7018402.9,5469599.5,1548803.4,22.07,5,1,6,160,40097.0,31883.0,153368.0,0.004,234.2,organic_search,6762077.74,9032728.92
2018-06-10,6333777.67,5115963.75,1217813.92,19.23,6,1,6,161,40800.0,31690.0,187618.0,0.00409,166.0,paid_search,5698374.25,9046053.53
2018-06-11,7812992.68,6338472.32,1474520.36,18.87,0,0,6,162,32986.0,24599.0,150352.0,0.00399,281.6,organic_search,6189790.57,9113732.65
2018-06-12,8959000.0,7232971.98,1726028.02,19.27,1,0,6,163,36251.0,28989.0,164285.0,0.00491,262.6,organic_search,6678527.49,9215601.37
2018-06-13,9047626.88,7216006.11,1831620.77,20.24,2,0,6,164,32938.0,23239.0,117179.0,0.00524,272.6,referral,7079795.03,9283058.48
2018-06-14,6994969.99,5361729.98,1633240.01,23.35,3,0,6,165,34917.0,27025.0,139828.0,0.00531,252.9,referral,7432863.05,9223231.74
2018-06-15,7278400.85,5850026.61,1428374.24,19.62,4,0,6,166,39046.0,31002.0,166369.0,0.00323,267.5,paid_search,7635024.42,9152570.72
2018-06-16,9653316.6,7581593.64,2071722.96,21.46,5,1,6,167,31765.0,23429.0,127180.0,0.00348,261.0,email_campaign,8011440.67,9147123.2
2018-06-17,8270248.42,6473926.23,1796322.19,21.72,6,1,6,168,33962.0,26621.0,114192.0,0.00572,202.2,paid_search,8288079.35,9178200.0
2018-06-18,9578590.6,7481623.41,2096967.19,21.89,0,0,6,169,41049.0,31882.0,179211.0,0.00388,123.6,email_campaign,8540307.62,9266631.68
2018-06-19,10591854.27,8526409.74,2065444.53,19.5,1,0,6,170,37705.0,28117.0,162384.0,0.00402,208.6,referral,8773572.52,9331227.08
2018-06-20,10442554.6,8340504.64,2102049.96,20.13,2,0,6,171,34798.0,28382.0,133347.0,0.00499,276.5,paid_search,8972847.9,9471251.93
2018-06-21,7960357.2,6345143.3,1615213.9,20.29,3,0,6,172,36911.0,29597.0,164959.0,0.00508,125.0,direct,9110760.36,9475026.44
2018-06-22,7890035.7,6262366.78,1627668.92,20.63,4,0,6,173,36318.0,26821.0,177512.0,0.00408,206.2,organic_search,9198136.77,9345394.13
2018-06-23,7919846.87,6623002.69,1296844.18,16.37,5,1,6,174,41607.0,31405.0,181887.0,0.0047,121.5,organic_search,8950498.24,9308375.77
2018-06-24,7114017.67,6244799.31,869218.36,12.22,6,1,6,175,38453.0,28066.0,202524.0,0.00394,129.4,paid_search,8785322.42,9328896.39
2018-06-25,8744485.32,8162955.36,581529.96,6.65,0,0,6,176,41673.0,31372.0,216679.0,0.00422,162.1,email_campaign,8666164.52,9433689.98
2018-06-26,10888893.34,10123784.8,765108.54,7.03,1,0,6,177,36493.0,25827.0,143130.0,0.00495,238.7,organic_search,8708598.67,9582879.8
2018-06-27,11081146.52,10874461.91,206684.61,1.87,2,0,6,178,40418.0,30516.0,190692.0,0.00564,124.2,organic_search,8799826.09,9704298.91
2018-06-28,8513932.2,8332592.17,181340.03,2.13,3,0,6,179,34949.0,26799.0,138918.0,0.00431,122.3,email_campaign,8878908.23,9646002.7
2018-06-29,12484085.14,11945221.58,538863.56,4.32,4,0,6,180,40113.0,28258.0,181229.0,0.00397,102.1,social_media,9535201.01,9365296.5
2018-06-30,10005221.27,9784802.48,220418.79,2.2,5,1,6,181,37244.0,26665.0,131397.0,0.00404,239.2,organic_search,9833111.64,9055805.74
2018-07-01,8830377.17,8529895.83,300481.34,3.4,6,1,7,182,27410.0,20843.0,103997.0,0.00477,114.8,organic_search,10078305.85,8708646.12
2018-07-02,8070014.23,7743177.14,326837.09,4.05,0,0,7,183,30348.0,22779.0,162176.0,0.00361,304.3,social_media,9981952.84,8393342.98
2018-07-03,9033060.75,8644208.55,388852.2,4.3,1,0,7,184,28774.0,21475.0,109317.0,0.00363,161.3,social_media,9716833.9,8235121.6
2018-07-04,2096565.2,2027736.06,68829.14,3.28,2,0,7,185,28097.0,21531.0,130464.0,0.00503,264.2,email_campaign,8433322.28,8159237.83
2018-07-05,2944993.36,2822619.07,122374.29,4.16,3,0,7,186,28366.0,22351.0,105387.0,0.00378,128.8,email_campaign,7637759.59,8072809.55
2018-07-06,2036989.14,2040145.8,-3156.66,-0.15,4,0,7,187,29007.0,21919.0,141788.0,0.00466,187.6,organic_search,6145317.3,7932750.72
2018-07-07,3253556.07,3156576.31,96979.76,2.98,5,1,7,188,29236.0,22150.0,105103.0,0.00333,300.4,organic_search,5180793.7,7890419.46
2018-07-08,2752144.2,2725199.41,26944.79,0.98,6,1,7,189,30925.0,23904.0,121874.0,0.00519,186.3,direct,4312474.71,7786715.23
2018-07-09,4430764.61,4215804.43,214960.18,4.85,0,0,7,190,25089.0,18234.0,99948.0,0.00373,268.0,organic_search,3792581.9,7700460.62
2018-07-10,5201122.72,4881351.11,319771.61,6.15,1,0,7,191,27959.0,20801.0,142277.0,0.00552,302.2,email_campaign,3245162.19,7662705.45
2018-07-11,6502831.07,6236313.66,266517.41,4.1,2,0,7,192,28821.0,23357.0,125619.0,0.00405,297.7,social_media,3874628.74,7619033.4
2018-07-12,6228668.47,6094439.16,134229.31,2.16,3,0,7,193,27924.0,22230.0,145185.0,0.00371,180.4,referral,4343725.18,7528022.35
2018-07-13,4250921.4,4213700.8,37220.6,0.88,4,0,7,194,29480.0,22174.0,149528.0,0.00533,243.7,organic_search,4660001.22,7368132.17
2018-07-14,4868504.46,4786402.77,82101.69,1.69,5,1,7,195,25762.0,19665.0,103669.0,0.0055,115.4,direct,4890708.13,7297249.98
2018-07-15,5393026.83,5249791.03,143235.8,2.66,6,1,7,196,26495.0,20800.0,137434.0,0.0051,111.8,organic_search,5267977.08,7234404.18
2018-07-16,4994805.9,4716050.05,278755.85,5.58,0,0,7,197,25962.0,20845.0,116096.0,0.00323,190.7,organic_search,5348554.41,7079120.49
2018-07-17,5712604.18,5386803.9,325800.28,5.7,1,0,7,198,29693.0,23265.0,157213.0,0.00475,259.6,referral,5421623.19,6993865.68
2018-07-18,7639039.23,7484190.04,154849.19,2.03,2,0,7,199,29851.0,23324.0,133543.0,0.00335,313.5,direct,5583938.64,6929213.97
2018-07-19,6252432.84,5912775.72,339657.12,5.43,3,0,7,200,30288.0,21242.0,113696.0,0.00532,157.2,organic_search,5587333.55,6784566.59
2018-07-20,5761282.54,5222554.73,538727.81,9.35,4,0,7,201,26713.0,18765.0,109158.0,0.00342,294.8,email_campaign,5803099.43,6628524.19
2018-07-21,4939690.9,4320031.79,619659.11,12.54,5,1,7,202,29476.0,23535.0,120740.0,0.00465,218.8,organic_search,5813268.92,6527835.31
2018-07-22,5641320.53,4834937.23,806383.3,14.29,6,1,7,203,27433.0,20277.0,105875.0,0.00574,274.8,organic_search,5848739.45,6452878.14
2018-07-23,6121614.15,4864263.18,1257350.97,20.54,0,0,7,204,27239.0,21660.0,112878.0,0.00548,254.1,paid_search,6009712.05,6392937.05
2018-07-24,6821739.77,5344675.82,1477063.95,21.65,1,0,7,205,30476.0,23773.0,162322.0,0.00486,172.7,social_media,6168159.99,6383194.45
2018-07-25,7944998.65,6241710.94,1703287.71,21.44,2,0,7,206,34882.0,25462.0,165909.0,0.0047,234.9,organic_search,6211868.48,6356544.89
2018-07-26,6463508.32,5212368.25,1251140.07,19.36,3,0,7,207,31947.0,26072.0,140584.0,0.00349,182.6,email_campaign,6242022.12,6209032.06
2018-07-27,5162979.4,4110689.88,1052289.52,20.38,4,0,7,208,28280.0,20923.0,151389.0,0.00559,153.0,paid_search,6156550.25,6011759.82
2018-07-28,6313222.5,5068784.77,1244437.73,19.71,5,1,7,209,25680.0,18188.0,124380.0,0.00562,253.1,email_campaign,6352769.05,5938402.83
2018-07-29,6597216.94,5284529.74,1312687.2,19.9,6,1,7,210,27643.0,19432.0,122643.0,0.0037,288.8,organic_search,6489325.68,5742173.89
2018-07-30,7314460.76,5725898.93,1588561.83,21.72,0,0,7,211,31131.0,22315.0,112726.0,0.00322,298.1,email_campaign,6659732.33,5652481.88
2018-07-31,12496367.04,9909115.53,2587251.51,20.7,1,0,7,212,27391.0,20528.0,142951.0,0.00466,165.5,paid_search,7470393.37,5774681.54
2018-08-01,13786351.91,10884999.4,2901352.51,21.05,2,0,8,213,34337.0,26084.0,135710.0,0.00479,204.2,organic_search,8304872.41,5965226.13
2018-08-02,10106943.25,7999614.76,2107328.49,20.85,3,0,8,214,32655.0,26106.0,143131.0,0.00382,196.8,email_campaign,8825363.11,6001022.21
2018-08-03,9026931.62,7058116.81,1968814.81,21.81,4,0,8,215,29494.0,21206.0,126311.0,0.00477,285.2,paid_search,9377356.29,6232034.43
2018-08-04,6859151.1,5490125.8,1369025.3,19.96,5,1,8,216,30114.0,22002.0,110771.0,0.00475,122.8,direct,9455346.09,6362506.35
2018-08-05,3117800.12,2491453.39,626346.73,20.09,6,1,8,217,32477.0,26417.0,177486.0,0.00379,278.5,organic_search,8958286.54,6398533.38
2018-08-06,3924563.55,3048117.59,876445.96,22.33,0,0,8,218,39013.0,30452.0,180333.0,0.00376,106.6,direct,8474015.51,6420900.3
2018-08-07,4212970.63,3334965.62,878005.01,20.84,1,0,8,219,32519.0,25917.0,106275.0,0.0043,210.1,organic_search,7290673.17,6469594.51
2018-08-08,4647118.76,3610702.93,1036415.83,22.3,2,0,8,220,29424.0,23086.0,100598.0,0.00455,279.9,paid_search,5985068.43,6476806.32
2018-08-09,4946125.63,3977801.47,968324.16,19.58,3,0,8,221,31580.0,23104.0,172112.0,0.00558,201.3,email_campaign,5247808.77,6468306.42
2018-08-10,3705554.89,2859379.41,846175.48,22.84,4,0,8,222,33078.0,25094.0,169398.0,0.00469,255.2,paid_search,4487612.1,6375063.88
2018-08-11,4591065.72,3598807.89,992257.83,21.61,5,1,8,223,31058.0,21892.0,149625.0,0.00441,111.7,direct,4163599.9,6320477.12
2018-08-12,4030885.81,3179458.32,851427.49,21.12,6,1,8,224,26034.0,19446.0,140718.0,0.00401,144.7,direct,4294040.71,6313142.6
2018-08-13,4244815.28,3284829.91,959985.37,22.62,0,0,8,225,30743.0,22138.0,144336.0,0.00428,275.2,paid_search,4339790.96,6292352.96
2018-08-14,6041631.13,4766947.5,1274683.63,21.1,1,0,8,226,30362.0,22819.0,153338.0,0.00427,187.6,social_media,4601028.17,6313973.1
2018-08-15,6058071.07,4807626.36,1250444.71,20.64,2,0,8,227,32052.0,23837.0,162434.0,0.00402,177.5,organic_search,4802592.79,6349415.27
2018-08-16,5333680.81,4015767.27,1317913.54,24.71,3,0,8,228,27297.0,19987.0,138459.0,0.00402,233.4,referral,4857957.82,6336784.5
2018-08-17,4314679.61,3455461.38,859218.23,19.91,4,0,8,229,31433.0,23332.0,161030.0,0.00496,226.4,social_media,4944975.63,6225972.51
2018-08-18,4960825.43,3902500.12,1058325.31,21.33,5,1,8,230,33012.0,23808.0,111264.0,0.0037,239.7,referral,4997798.45,6182918.93
2018-08-19,4978431.53,3847035.88,1131395.65,22.73,6,1,8,231,39488.0,31318.0,132972.0,0.0046,133.1,organic_search,5133162.12,6156823.89
2018-08-20,4896843.63,3837284.3,1059559.33,21.64,0,0,8,232,38268.0,28430.0,207495.0,0.00434,181.0,paid_search,5226309.03,6155395.65
2018-08-21,5971341.33,4692653.97,1278687.36,21.41,1,0,8,233,34313.0,25553.0,133424.0,0.00518,121.3,email_campaign,5216267.63,6166396.34
2018-08-22,7086185.79,5662221.43,1423964.36,20.09,2,0,8,234,32336.0,25361.0,165802.0,0.00376,123.9,email_campaign,5363141.16,6198548.73
2018-08-23,5392520.44,4260217.92,1132302.52,21.0,3,0,8,235,35869.0,27145.0,119929.0,0.00565,259.7,paid_search,5371546.82,6150908.09
2018-08-24,3329330.38,2630754.1,698576.28,20.98,4,0,8,236,36561.0,29845.0,129066.0,0.00576,118.8,organic_search,5230782.65,5997052.48
2018-08-25,4716376.41,3836954.01,879422.4,18.65,5,1,8,237,32544.0,25889.0,127834.0,0.00347,294.7,organic_search,5195861.36,5938814.75
2018-08-26,4717920.92,3744613.34,973307.58,20.63,6,1,8,238,31686.0,25282.0,144816.0,0.00576,237.8,direct,5158645.56,5923979.47
2018-08-27,6151109.31,4800826.49,1350282.82,21.95,0,0,8,239,34463.0,25911.0,179758.0,0.0032,189.9,paid_search,5337826.37,5918575.69
2018-08-28,12207075.48,9954369.46,2252706.02,18.45,1,0,8,240,33919.0,27739.0,133606.0,0.00453,117.2,direct,6228645.53,6105570.98
2018-08-29,10330752.34,8329694.93,2001057.41,19.37,2,0,8,241,37620.0,28926.0,122447.0,0.00356,105.2,paid_search,6692155.04,6206114.03
2018-08-30,10819458.93,8497693.47,2321765.46,21.46,3,0,8,242,30458.0,21439.0,158311.0,0.0054,184.2,paid_search,7467431.97,6150217.09
2018-08-31,9769233.6,7975907.3,1793326.3,18.36,4,0,8,243,33256.0,25137.0,154605.0,0.00453,175.4,organic_search,8387418.14,6016313.15
2018-09-01,8834290.53,7236711.56,1597578.97,18.08,5,1,9,244,21853.0,17413.0,85618.0,0.00487,147.4,organic_search,8975691.59,5973891.39
2018-09-02,2926208.13,2475973.31,450234.82,15.39,6,1,9,245,26234.0,21116.0,100063.0,0.00425,103.8,email_campaign,8719732.62,5770533.94
2018-09-03,3730127.97,3250956.11,479171.86,12.85,0,0,9,246,23328.0,16937.0,101305.0,0.00398,279.5,organic_search,8373878.14,5666233.17
2018-09-04,2895558.56,2566039.59,329518.97,11.38,1,0,9,247,20499.0,15360.0,107914.0,0.00526,287.4,social_media,7043661.44,5658825.12
2018-09-05,2683914.3,2352008.69,331905.61,12.37,2,0,9,248,25916.0,19961.0,99437.0,0.00321,315.0,paid_search,5951256.0,5617470.14
2018-09-06,2220736.04,1976596.92,244139.12,10.99,3,0,9,249,23575.0,17588.0,98789.0,0.0047,175.0,paid_search,4722867.02,5551062.33
2018-09-07,2737800.42,2305499.6,432300.82,15.79,4,0,9,250,24675.0,18579.0,111428.0,0.00538,318.4,social_media,3718376.56,5487418.38
2018-09-08,3138040.11,2844198.87,293841.24,9.36,5,1,9,251,21499.0,15749.0,93009.0,0.00556,285.5,social_media,2904626.5,5427148.86
2018-09-09,4428844.18,3809539.78,619304.4,13.98,6,1,9,252,24572.0,19429.0,126340.0,0.00483,165.2,referral,3119288.8,5451258.51
2018-09-10,3518686.76,3115017.21,403669.55,11.47,0,0,9,253,23077.0,16331.0,84070.0,0.00467,315.6,referral,3089082.91,5415512.54
2018-09-11,2737148.82,2457613.39,279535.43,10.21,1,0,9,254,22565.0,16306.0,114735.0,0.00572,100.7,email_campaign,3066452.95,5372387.97
2018-09-12,3907657.89,3473624.08,434033.81,11.11,2,0,9,255,22982.0,17271.0,81255.0,0.00384,220.7,organic_search,3241273.46,5361149.39
2018-09-13,3198359.98,2826009.39,372350.59,11.64,3,0,9,256,20905.0,15542.0,103260.0,0.0057,306.6,organic_search,3380934.02,5266373.69
2018-09-14,3759913.17,3409768.94,350144.23,9.31,4,0,9,257,22390.0,16009.0,91293.0,0.00441,240.7,direct,3526950.13,5189768.43
2018-09-15,3182906.62,2708850.83,474055.79,14.89,5,1,9,258,22602.0,16440.0,120105.0,0.00547,163.6,organic_search,3533359.63,5118075.95
2018-09-16,4513878.02,4134396.21,379481.81,8.41,6,1,9,259,20769.0,15024.0,107735.0,0.00474,300.6,email_campaign,3545507.32,5124715.9
2018-09-17,3684035.33,3185261.69,498773.64,13.54,0,0,9,260,22065.0,16173.0,117402.0,0.00557,191.4,social_media,3569128.55,5082156.23
2018-09-18,3511249.8,3093197.05,418052.75,11.91,1,0,9,261,21571.0,16801.0,113374.0,0.00455,174.5,organic_search,3679714.4,5033250.17
2018-09-19,3203671.41,2850137.86,353533.55,11.04,2,0,9,262,25224.0,19107.0,122166.0,0.00499,155.2,organic_search,3579144.9,4976811.1
2018-09-20,2967505.47,2634513.81,332991.66,11.22,3,0,9,263,25444.0,19205.0,132990.0,0.00518,184.4,social_media,3546165.69,4876683.24
2018-09-21,3391440.87,3055926.25,335514.62,9.89,4,0,9,264,26491.0,19068.0,135595.0,0.0042,265.6,social_media,3493526.79,4753525.07
2018-09-22,3067943.56,2653342.07,414601.49,13.51,5,1,9,265,24669.0,17919.0,86950.0,0.00407,279.4,paid_search,3477103.49,4676039.18
2018-09-23,4892505.92,4455722.87,436783.05,8.93,6,1,9,266,20624.0,14669.0,86285.0,0.00398,242.3,direct,3531193.19,4728145.03
2018-09-24,4916532.68,4394814.48,521718.2,10.61,0,0,9,267,20102.0,15393.0,101632.0,0.0036,228.8,social_media,3707264.24,4734816.9
2018-09-25,3834324.5,3363603.04,470721.46,12.28,1,0,9,268,24408.0,19735.0,107389.0,0.00503,155.4,social_media,3753417.77,4705363.69
2018-09-26,4727732.71,4050861.46,676871.25,14.32,2,0,9,269,24321.0,17845.0,96118.0,0.0057,148.0,paid_search,3971140.82,4657917.8
2018-09-27,5609192.49,4998150.71,611041.78,10.89,3,0,9,270,22241.0,17169.0,112579.0,0.00439,153.6,paid_search,4348524.68,4437988.37
2018-09-28,5221949.72,4643296.21,578653.51,11.08,4,0,9,271,20002.0,15966.0,77655.0,0.00488,140.3,direct,4610025.94,4267694.95
2018-09-29,5089871.44,4351327.13,738544.31,14.51,5,1,9,272,22427.0,17112.0,115587.0,0.00363,141.3,direct,4898872.78,4076708.7
2018-09-30,5437181.81,4591821.05,845360.76,15.55,6,1,9,273,23354.0,18129.0,116452.0,0.00334,298.0,paid_search,4976683.62,3932306.97
2018-10-01,4742181.64,4115311.14,626870.5,13.22,0,0,10,274,17446.0,13969.0,65445.0,0.00368,212.8,social_media,4951776.33,3795903.34
2018-10-02,1807247.84,1354070.12,453177.72,25.08,1,0,10,275,20271.0,15969.0,70112.0,0.00454,243.0,social_media,4662193.95,3758604.67
2018-10-03,1798411.4,1414782.3,383629.1,21.33,2,0,10,276,19658.0,15280.0,105418.0,0.00385,282.1,paid_search,4243719.48,3694214.12
2018-10-04,2726313.6,2140614.37,585699.23,21.48,3,0,10,277,18539.0,14197.0,96559.0,0.0041,301.5,paid_search,3831879.64,3688572.62
2018-10-05,2484898.47,1911895.45,573003.02,23.06,4,0,10,278,20697.0,16077.0,73261.0,0.0042,172.2,social_media,3440872.31,3681938.76
2018-10-06,2157385.6,1668290.7,489094.9,22.67,5,1,10,279,16653.0,12906.0,80971.0,0.00459,151.6,organic_search,3021945.77,3679827.07
2018-10-07,2767415.65,2075893.96,691521.69,24.99,6,1,10,280,17138.0,13053.0,57506.0,0.0047,117.9,email_campaign,2640550.6,3680814.25
2018-10-08,3075660.75,2408923.48,666737.27,21.68,0,0,10,281,19068.0,13677.0,65463.0,0.00561,170.3,social_media,2402476.19,3678734.94
2018-10-09,2768213.46,2199027.83,569185.63,20.56,1,0,10,282,19974.0,16002.0,90108.0,0.00525,192.4,direct,2539756.99,3623380.58
2018-10-10,1759060.3,1352309.05,406751.25,23.12,2,0,10,283,17449.0,12425.0,61769.0,0.00542,291.6,email_campaign,2534135.4,3564726.36
2018-10-11,2288675.28,1804152.97,484522.31,21.17,3,0,10,284,19030.0,14401.0,90502.0,0.00354,243.5,email_campaign,2471615.64,3549777.25
2018-10-12,3801607.19,3093283.75,708323.44,18.63,4,0,10,285,18202.0,13618.0,64683.0,0.0033,137.8,social_media,2659716.89,3546242.22
2018-10-13,3486645.25,2756384.22,730261.03,20.94,5,1,10,286,19872.0,15725.0,80948.0,0.00442,131.6,direct,2849611.13,3555851.73
2018-10-14,3516624.21,2744217.98,772406.23,21.96,6,1,10,287,20239.0,14377.0,69632.0,0.00438,200.6,email_campaign,2956640.92,3547742.1
2018-10-15,3593428.63,2809961.8,783466.83,21.8,0,0,10,288,17769.0,13147.0,75308.0,0.00481,233.4,social_media,3030607.76,3561426.17
2018-10-16,4126610.48,3221862.51,904747.97,21.92,1,0,10,289,19688.0,14863.0,91384.0,0.00362,108.0,social_media,3224664.48,3548517.25
2018-10-17,2193280.79,1721100.93,472179.86,21.53,2,0,10,290,19552.0,14296.0,99335.0,0.0037,240.5,organic_search,3286695.98,3498825.43
2018-10-18,2364712.74,1825738.91,538973.83,22.79,3,0,10,291,19459.0,14580.0,100285.0,0.00469,250.1,paid_search,3297558.47,3460607.53
2018-10-19,2753648.17,2191447.61,562200.56,20.42,4,0,10,292,20461.0,14643.0,94374.0,0.0047,177.2,organic_search,3147850.04,3445606.75
2018-10-20,3067392.26,2428564.0,638828.26,20.83,5,1,10,293,18986.0,13449.0,102852.0,0.00465,200.6,paid_search,3087956.75,3448936.31
2018-10-21,2965006.46,2322786.28,642220.18,21.66,6,1,10,294,16474.0,13416.0,72338.0,0.00505,168.9,organic_search,3009154.22,3434721.83
2018-10-22,3760345.32,3093167.35,667177.97,17.74,0,0,10,295,16423.0,12464.0,56130.0,0.00535,265.1,organic_search,3032999.46,3457801.89
2018-10-23,3210408.93,2590626.71,619782.22,19.31,1,0,10,296,18758.0,14397.0,102111.0,0.00516,260.6,direct,2902113.52,3401731.99
2018-10-24,2388950.39,1810211.59,578738.8,24.23,2,0,10,297,19856.0,16190.0,91843.0,0.00573,262.3,social_media,2930066.32,3317479.25
2018-10-25,2281239.32,1789602.98,491636.34,21.55,3,0,10,298,20502.0,15589.0,76666.0,0.00381,269.5,organic_search,2918141.55,3265709.74
2018-10-26,2925667.62,2326884.75,598782.87,20.47,4,0,10,299,20468.0,16548.0,96900.0,0.0053,180.3,referral,2942715.76,3205640.91
2018-10-27,3517566.83,2788248.35,729318.48,20.73,5,1,10,300,17633.0,14288.0,87551.0,0.00355,240.0,social_media,3007026.41,3135920.05
2018-10-28,5148086.02,4236118.44,911967.58,17.71,6,1,10,301,18790.0,14337.0,74564.0,0.00374,265.4,organic_search,3318894.92,3133457.93
2018-10-29,6121160.36,4854267.79,1266892.57,20.7,0,0,10,302,16800.0,12522.0,83164.0,0.00475,118.8,referral,3656154.21,3167834.23
2018-10-30,5647021.76,4534254.48,1112767.28,19.71,1,0,10,303,20762.0,15120.0,98114.0,0.00388,247.9,organic_search,4004241.76,3174828.89
2018-10-31,5340696.76,4313400.22,1027296.54,19.24,2,0,10,304,18241.0,13224.0,62125.0,0.00501,104.5,email_campaign,4425919.81,3194779.39
2018-11-01,4100504.23,3207191.36,893312.87,21.79,3,0,11,305,15431.0,12049.0,57107.0,0.0042,230.1,organic_search,4685814.8,3271221.27
2018-11-02,1332091.2,973346.43,358744.77,26.93,4,0,11,306,13047.0,9573.0,43887.0,0.00564,127.6,email_campaign,4458161.02,3255677.27
2018-11-03,1775113.55,1429465.35,345648.2,19.47,5,1,11,307,14646.0,11622.0,77355.0,0.00537,293.0,organic_search,4209239.13,3223970.6
2018-11-04,2595301.17,2110463.11,484838.06,18.68,6,1,11,308,16325.0,12263.0,85351.0,0.00457,314.8,paid_search,3844555.58,3227650.69
2018-11-05,2667990.75,2059523.3,608467.45,22.81,0,0,11,309,13853.0,9904.0,50174.0,0.00508,160.2,paid_search,3351245.63,3244670.86
2018-11-06,2019349.93,1662050.67,357299.26,17.69,1,0,11,310,15092.0,12371.0,58135.0,0.00427,308.8,email_campaign,2833006.8,3219735.34
2018-11-07,2141247.67,1769789.01,371458.66,17.35,2,0,11,311,16607.0,12795.0,90142.0,0.00418,105.6,social_media,2375942.64,3188588.23
2018-11-08,1913450.02,1511722.76,401727.26,20.99,3,0,11,312,17730.0,13648.0,64345.0,0.00345,112.3,direct,2063506.33,3160096.12
2018-11-09,2619129.29,2039164.75,579964.54,22.14,4,0,11,313,14879.0,12155.0,53499.0,0.00527,155.6,direct,2247368.91,3188765.09
2018-11-10,2402388.27,1910373.68,492014.59,20.48,5,1,11,314,15586.0,11264.0,81426.0,0.00494,278.0,social_media,2336979.59,3192555.52
2018-11-11,3568388.14,2844379.91,724008.23,20.29,6,1,11,315,18244.0,14668.0,98163.0,0.00532,291.4,email_campaign,2475992.01,3184781.55
2018-11-12,2517159.72,2054634.4,462525.32,18.37,0,0,11,316,15697.0,11542.0,78287.0,0.00575,129.6,social_media,2454444.72,3152465.37
2018-11-13,1925203.6,1550255.36,374948.24,19.48,1,0,11,317,15702.0,11307.0,84018.0,0.00447,179.5,organic_search,2440995.24,3099418.01
2018-11-14,1687382.45,1226935.5,460446.95,27.29,2,0,11,318,16436.0,12825.0,87206.0,0.00487,198.1,social_media,2376157.36,3035883.14
2018-11-15,2055680.2,1571568.0,484112.2,23.55,3,0,11,319,14003.0,10197.0,49244.0,0.00433,199.7,referral,2396475.95,2966852.13
2018-11-16,2040967.69,1635316.04,405651.65,19.88,4,0,11,320,15836.0,11472.0,82918.0,0.00438,235.5,email_campaign,2313881.44,2961775.03
2018-11-17,2025956.74,1601361.16,424595.58,20.96,5,1,11,321,15104.0,12205.0,57142.0,0.00538,198.1,email_campaign,2260105.51,2950483.16
2018-11-18,3630560.3,3005034.69,625525.61,17.23,6,1,11,322,15009.0,11168.0,79389.0,0.0047,278.3,organic_search,2268987.24,2979713.56
2018-11-19,2171786.9,1822847.47,348939.43,16.07,0,0,11,323,15077.0,12273.0,60967.0,0.00549,123.6,social_media,2219648.27,2949860.05
2018-11-20,2495899.61,2196442.6,299457.01,12.0,1,0,11,324,17846.0,14400.0,87533.0,0.0045,182.0,email_campaign,2301176.27,2934223.16
2018-11-21,1870994.01,1826252.29,44741.72,2.39,2,0,11,325,15276.0,12136.0,79255.0,0.00536,156.9,social_media,2327406.49,2871244.78
2018-11-22,1690197.81,1647708.27,42489.54,2.51,3,0,11,326,15961.0,11888.0,67405.0,0.00503,136.9,direct,2275194.72,2820571.08
2018-11-23,1647035.11,1656826.5,-9791.39,-0.59,4,0,11,327,17599.0,14309.0,82555.0,0.0037,273.5,social_media,2218918.64,2795840.57
2018-11-24,1991985.26,1889498.02,102487.24,5.14,5,1,11,328,17089.0,12539.0,58015.0,0.0052,175.8,email_campaign,2214065.57,2786198.77
2018-11-25,2085511.05,2029509.86,56001.19,2.69,6,1,11,329,17558.0,12870.0,90020.0,0.00326,123.7,referral,1993344.25,2758193.55
2018-11-26,2543960.96,2433523.18,110437.78,4.34,0,0,11,330,15157.0,11521.0,51414.0,0.00441,229.9,paid_search,2046511.97,2725740.02
2018-11-27,2369522.33,2218838.51,150683.82,6.36,1,0,11,331,15933.0,11620.0,54362.0,0.00523,255.0,social_media,2028458.08,2633121.23
2018-11-28,1733474.59,1753556.92,-20082.33,-1.16,2,0,11,332,15834.0,12045.0,51498.0,0.00481,273.9,direct,2008812.44,2486865.04
2018-11-29,2226459.09,2127649.92,98809.17,4.44,3,0,11,333,17179.0,13078.0,82000.0,0.00436,117.9,social_media,2085421.2,2372846.28
2018-11-30,2058963.14,2054767.53,4195.61,0.2,4,0,11,334,15350.0,12215.0,73651.0,0.00536,188.3,direct,2144268.06,2263455.16
2018-12-01,1216044.13,1211686.23,4357.9,0.36,5,1,12,335,18574.0,14254.0,99528.0,0.00366,118.0,email_campaign,2033419.33,2167306.49
2018-12-02,977052.29,950959.05,26093.24,2.67,6,1,12,336,19511.0,14644.0,80313.0,0.00511,238.7,email_campaign,1875068.08,2155471.86
2018-12-03,1855981.25,1750191.91,105789.34,5.7,0,0,12,337,15506.0,11009.0,64657.0,0.00522,233.4,organic_search,1776785.26,2158167.45
2018-12-04,1606060.57,1508604.3,97456.27,6.07,1,0,12,338,17005.0,13022.0,74402.0,0.00571,290.5,organic_search,1667719.29,2125192.76
2018-12-05,1085024.44,1036671.25,48353.19,4.46,2,0,12,339,16108.0,12734.0,75172.0,0.00359,178.1,social_media,1575083.56,2072427.22
2018-12-06,942014.91,946159.68,-4144.77,-0.44,3,0,12,340,18794.0,13315.0,64401.0,0.00434,244.9,organic_search,1391591.53,2036516.05
2018-12-07,1200649.15,1205634.51,-4985.36,-0.42,4,0,12,341,16317.0,12500.0,53866.0,0.00397,315.4,paid_search,1268975.25,2005162.77
2018-12-08,1453175.2,1434521.0,18654.2,1.28,5,1,12,342,19012.0,14291.0,82685.0,0.00474,171.6,organic_search,1302851.12,1989820.27
2018-12-09,1834112.01,1791856.09,42255.92,2.3,6,1,12,343,20477.0,15247.0,109812.0,0.00334,114.6,social_media,1425288.22,1963653.03
2018-12-10,1719022.37,1695031.78,23990.59,1.4,0,0,12,344,20449.0,16320.0,78059.0,0.00368,244.2,paid_search,1405722.66,1940874.17
2018-12-11,1670763.83,1670771.64,-7.81,-0.0,1,0,12,345,16690.0,12758.0,71698.0,0.00555,227.9,email_campaign,1414965.99,1877620.02
2018-12-12,1416824.27,1409602.12,7222.15,0.51,2,0,12,346,19810.0,14513.0,106078.0,0.00327,167.2,organic_search,1462365.96,1840942.18
2018-12-13,1605917.55,1631146.11,-25228.56,-1.57,3,0,12,347,16278.0,12050.0,84818.0,0.00363,194.2,direct,1557209.2,1830299.31
2018-12-14,1986080.6,1901692.62,84387.98,4.25,4,0,12,348,17277.0,14024.0,71847.0,0.00478,118.1,organic_search,1669413.69,1840255.91
2018-12-15,1761139.67,1649696.47,111443.2,6.33,5,1,12,349,16953.0,12495.0,82434.0,0.00331,260.5,organic_search,1713408.61,1830437.89
2018-12-16,1956185.08,1973002.66,-16817.58,-0.86,6,1,12,350,17668.0,13728.0,81437.0,0.00521,127.6,organic_search,1730847.62,1827611.81
2018-12-17,1975625.37,2012021.47,-36396.1,-1.84,0,0,12,351,19993.0,14961.0,82231.0,0.00472,191.5,email_campaign,1767505.2,1825934.09
2018-12-18,1917848.83,1813056.96,104791.87,5.46,1,0,12,352,17386.0,14023.0,73775.0,0.00448,247.1,social_media,1802803.05,1768843.71
2018-12-19,1548668.19,1537872.76,10795.43,0.7,2,0,12,353,19880.0,14317.0,99436.0,0.00333,267.5,organic_search,1821637.9,1748073.09
2018-12-20,2111859.13,1955020.76,156838.37,7.43,3,0,12,354,16785.0,12570.0,86527.0,0.00512,170.3,email_campaign,1893915.27,1735271.74
2018-12-21,1795780.71,1747996.02,47784.69,2.66,4,0,12,355,17089.0,13989.0,75369.0,0.00508,129.2,social_media,1866729.57,1732764.63
2018-12-22,1497206.71,1451328.96,45877.75,3.06,5,1,12,356,19131.0,15097.0,92396.0,0.00334,287.5,direct,1829024.86,1726331.59
2018-12-23,1221387.72,1203158.82,18228.9,1.49,6,1,12,357,18677.0,14418.0,67357.0,0.0052,138.0,organic_search,1724053.81,1712143.35
2018-12-24,2110373.43,2051630.86,58742.57,2.78,0,0,12,358,18196.0,14167.0,81305.0,0.00328,221.9,organic_search,1743303.53,1716089.62
2018-12-25,1398293.31,1329598.03,68695.28,4.91,1,0,12,359,18220.0,13502.0,82734.0,0.0053,177.6,paid_search,1669081.31,1693182.36
2018-12-26,1989426.16,1906954.63,82471.53,4.15,2,0,12,360,16195.0,11429.0,85129.0,0.00506,167.4,email_campaign,1732046.74,1674697.87
2018-12-27,2379859.2,2336594.02,43265.18,1.82,3,0,12,361,20352.0,14676.0,96078.0,0.00359,136.4,organic_search,1770332.46,1675042.43
2018-12-28,4637468.16,4553417.55,84050.61,1.81,4,0,12,362,16913.0,12431.0,77764.0,0.00478,165.5,organic_search,2176287.81,1771842.22
2018-12-29,4597405.16,4592577.25,4827.91,0.11,5,1,12,363,18932.0,15491.0,81645.0,0.0041,307.7,organic_search,2619173.31,1850873.75
2018-12-30,3975279.59,3817470.28,157809.31,3.97,6,1,12,364,16773.0,12407.0,59562.0,0.00403,310.6,direct,3012586.43,1914750.97
2018-12-31,3827364.78,3811034.54,16330.24,0.43,0,0,12,365,17432.0,12802.0,79582.0,0.00562,300.5,social_media,3257870.91,2001794.99
2019-01-01,2430742.1,2422276.45,8465.65,0.35,1,0,1,1,13010.0,10036.0,51325.0,0.00495,219.9,paid_search,3405363.59,2050251.32
2019-01-02,857486.8,611460.51,246026.29,28.69,2,0,1,2,12737.0,9001.0,48341.0,0.00576,217.0,social_media,3243657.97,2016968.17
2019-01-03,1095516.84,931676.57,163840.27,14.96,3,0,1,3,13152.0,9372.0,68314.0,0.00433,319.8,direct,3060180.49,1999950.04
2019-01-04,1356732.44,1032253.29,324479.15,23.92,4,0,1,4,15690.0,11339.0,79556.0,0.00549,210.1,paid_search,2591503.96,2009006.98
2019-01-05,1752585.71,1344358.95,408226.76,23.29,5,1,1,5,14519.0,11859.0,75716.0,0.00358,152.5,email_campaign,2185101.18,2036026.0
2019-01-06,1660128.37,1324455.7,335672.67,20.22,6,1,1,6,14231.0,10763.0,49759.0,0.0046,180.6,paid_search,1854365.29,2051341.98
2019-01-07,1936096.71,1554210.1,381886.61,19.72,0,0,1,7,15866.0,12380.0,77357.0,0.00362,241.1,direct,1584184.14,2067439.36
2019-01-08,1715399.79,1347590.83,367808.96,21.44,1,0,1,8,15100.0,11084.0,66828.0,0.00569,118.8,paid_search,1481992.38,2063482.29
2019-01-09,1858318.85,1516237.67,342081.18,18.41,2,0,1,9,15325.0,11547.0,55452.0,0.00497,153.5,referral,1624968.39,2068125.5
2019-01-10,1259650.79,1032558.86,227091.93,18.03,3,0,1,10,16076.0,12915.0,67366.0,0.00463,201.7,organic_search,1648416.09,2054421.73
2019-01-11,2153841.45,1671962.72,481878.73,22.37,4,0,1,11,13433.0,9721.0,57341.0,0.00557,165.2,organic_search,1762288.81,2078988.97
2019-01-12,2073990.81,1674370.35,399620.46,19.27,5,1,1,12,14383.0,11480.0,57737.0,0.00466,170.6,email_campaign,1808203.82,2094591.42
2019-01-13,3354624.45,2671314.89,683309.56,20.37,6,1,1,13,16540.0,12051.0,79348.0,0.00569,179.2,organic_search,2050274.69,2140209.54
2019-01-14,2361690.18,1807957.6,553732.58,23.45,0,0,1,14,13279.0,10415.0,53209.0,0.00385,125.3,email_campaign,2111073.76,2160227.89
2019-01-15,1504083.3,1181548.42,322534.88,21.44,1,0,1,15,13831.0,10313.0,63195.0,0.0057,181.0,paid_search,2080885.69,2145157.83
2019-01-16,1724908.79,1349961.65,374947.14,21.74,2,0,1,16,15512.0,12091.0,66027.0,0.00503,267.2,paid_search,2061827.11,2136800.62
2019-01-17,2280332.07,1816414.62,463917.45,20.34,3,0,1,17,14437.0,11002.0,52900.0,0.00432,100.9,social_media,2207638.72,2148883.39
2019-01-18,1474326.17,1227149.16,247177.01,16.77,4,0,1,18,12024.0,8525.0,58167.0,0.00466,144.5,organic_search,2110565.11,2146405.32
2019-01-19,1754206.62,1335367.18,418839.44,23.88,5,1,1,19,14677.0,11769.0,67428.0,0.00531,283.3,organic_search,2064881.65,2134483.57
2019-01-20,3160071.59,2517012.51,643059.08,20.35,6,1,1,20,15110.0,11469.0,60771.0,0.0034,183.6,email_campaign,2037088.39,2179959.94
2019-01-21,2299476.91,1856585.16,442891.75,19.26,0,0,1,21,15061.0,11446.0,64174.0,0.00378,289.8,organic_search,2028200.78,2206702.28
2019-01-22,2108562.98,1708188.75,400374.23,18.99,1,0,1,22,12987.0,9617.0,49093.0,0.00474,308.7,organic_search,2114555.02,2236274.78
2019-01-23,1826741.5,1369479.14,457262.36,25.03,2,0,1,23,14097.0,10037.0,57611.0,0.00503,179.2,organic_search,2129102.55,2226820.39
2019-01-24,2523490.79,2014906.08,508584.71,20.15,3,0,1,24,13164.0,9414.0,42251.0,0.00526,104.6,email_campaign,2163839.51,2264326.97
2019-01-25,2014411.34,1674040.36,340370.98,16.9,4,0,1,25,12789.0,9244.0,55846.0,0.00431,307.5,organic_search,2240994.53,2265159.81
2019-01-26,2940618.52,2385985.7,554632.82,18.86,5,1,1,26,13361.0,10817.0,55817.0,0.0039,192.9,organic_search,2410481.95,2283851.79
2019-01-27,4391507.1,3459322.38,932184.72,21.23,6,1,1,27,12775.0,10329.0,44948.0,0.00478,292.4,paid_search,2586401.31,2275653.08
2019-01-28,4748349.69,3779471.66,968878.03,20.4,0,0,1,28,15400.0,11899.0,70499.0,0.00577,208.4,direct,2936240.27,2280684.57
2019-01-29,4822586.51,3839462.75,983123.76,20.39,1,0,1,29,14448.0,11220.0,68530.0,0.00336,169.9,organic_search,3323957.92,2308928.13
2019-01-30,3962494.16,3161585.88,800908.28,20.21,2,0,1,30,14923.0,12073.0,63324.0,0.00336,216.5,paid_search,3629065.44,2313432.44
2019-01-31,3557233.24,2914824.87,642408.37,18.06,3,0,1,31,14374.0,10316.0,64100.0,0.00544,316.0,organic_search,3776742.94,2350982.15
2019-02-01,2922884.32,2311260.65,611623.67,20.93,4,0,2,32,21456.0,16332.0,74218.0,0.00425,284.6,organic_search,3906524.79,2419828.73
2019-02-02,1988116.58,1648391.91,339724.67,17.09,5,1,2,33,26402.0,20797.0,84827.0,0.00511,147.9,referral,3770453.09,2449582.06
2019-02-03,2075616.33,1663159.13,412457.2,19.87,6,1,2,34,21455.0,15621.0,73729.0,0.00363,308.3,organic_search,3439611.55,2473544.85
2019-02-04,1690969.52,1412906.86,278062.66,16.44,0,0,2,35,21022.0,14913.0,102651.0,0.00543,242.9,organic_search,3002842.95,2471490.98
2019-02-05,1648913.11,1341931.74,306981.37,18.62,1,0,2,36,21983.0,15429.0,118103.0,0.00497,202.4,paid_search,2549461.04,2471117.14
2019-02-06,2019237.55,1620812.0,398425.55,19.73,2,0,2,37,17637.0,13730.0,89322.0,0.0042,123.9,referral,2271852.95,2473888.5
2019-02-07,1807804.86,1498934.77,308870.09,17.09,3,0,2,38,20404.0,16004.0,102948.0,0.00417,128.1,organic_search,2021934.61,2476968.67
2019-02-08,1887002.96,1514639.32,372363.64,19.73,4,0,2,39,18850.0,15216.0,78104.0,0.00499,201.0,paid_search,1873951.56,2477924.81
2019-02-09,2204244.85,1794590.32,409654.53,18.58,5,1,2,40,21447.0,17104.0,87018.0,0.00466,194.5,paid_search,1904827.03,2509411.28
2019-02-10,2992194.41,2405467.55,586726.86,19.61,6,1,2,41,22210.0,15951.0,97571.0,0.00322,162.1,direct,2035766.75,2537356.37
2019-02-11,3050258.51,2505704.13,544554.38,17.85,0,0,2,42,19672.0,14175.0,70067.0,0.00354,217.1,email_campaign,2229950.89,2569898.63
2019-02-12,2270445.76,1865294.51,405151.25,17.84,1,0,2,43,21591.0,17277.0,81267.0,0.00409,174.5,social_media,2318741.27,2533759.34
2019-02-13,2305149.57,1875958.77,429190.8,18.62,2,0,2,44,22905.0,16771.0,80895.0,0.00493,251.0,paid_search,2359585.85,2531874.65
2019-02-14,2959207.82,2441504.63,517703.19,17.49,3,0,2,45,20533.0,15357.0,68715.0,0.0041,119.4,organic_search,2524071.98,2580378.8
2019-02-15,2813189.48,2241015.21,572174.27,20.34,4,0,2,46,26260.0,19148.0,97929.0,0.00568,116.5,paid_search,2656384.34,2616654.83
2019-02-16,2890421.0,2337140.26,553280.74,19.14,5,1,2,47,18875.0,14265.0,67908.0,0.0041,229.5,referral,2754409.51,2636991.12
2019-02-17,3658575.54,2895275.54,763300.0,20.86,6,1,2,48,20194.0,15177.0,107514.0,0.00447,266.8,paid_search,2849606.81,2709799.44
2019-02-18,4680433.34,3760557.76,919875.58,19.65,0,0,2,49,21547.0,16824.0,87633.0,0.00321,310.1,email_campaign,3082488.93,2807340.33
2019-02-19,1783513.49,1498699.8,284813.69,15.97,1,0,2,50,21342.0,16787.0,100305.0,0.00499,286.3,paid_search,3012927.18,2761455.06
2019-02-20,3142305.74,2556936.4,585369.34,18.63,2,0,2,51,20880.0,16896.0,110379.0,0.00338,284.5,paid_search,3132520.92,2789549.35
2019-02-21,3225995.91,2685076.1,540919.81,16.77,3,0,2,52,21342.0,16968.0,99918.0,0.00357,123.2,social_media,3170633.5,2826797.12
2019-02-22,2981029.98,2400898.37,580131.61,19.46,4,0,2,53,22545.0,16491.0,102964.0,0.0054,213.9,paid_search,3194610.71,2865273.4
2019-02-23,3243671.03,2744035.42,499635.61,15.4,5,1,2,54,21323.0,16835.0,101099.0,0.00521,227.8,referral,3245075.0,2889279.41
2019-02-24,4659488.7,3774721.6,884767.1,18.99,6,1,2,55,19867.0,16186.0,90727.0,0.00491,193.4,email_campaign,3388062.6,2977448.65
2019-02-25,6710330.49,5461991.46,1248339.03,18.6,0,0,2,56,25657.0,20787.0,98848.0,0.00516,268.4,organic_search,3678047.91,3103105.72
2019-02-26,5143906.53,4181682.12,962224.41,18.71,1,0,2,57,20019.0,14720.0,95647.0,0.00463,274.2,organic_search,4158104.05,3128185.7
2019-02-27,4911504.39,3881267.76,1030236.63,20.98,2,0,2,58,24095.0,17580.0,87711.0,0.00483,165.3,email_campaign,4410846.72,3133624.19
2019-02-28,3391644.13,2722597.05,669047.08,19.73,3,0,2,59,19085.0,15002.0,93981.0,0.00528,133.4,social_media,4434510.75,3085926.11
2019-03-01,2228532.66,1861831.11,366701.55,16.45,4,0,3,60,29754.0,24115.0,108657.0,0.00579,140.5,organic_search,4327011.13,3028127.39
2019-03-02,662215.74,563992.66,98223.08,14.83,5,1,3,61,29578.0,23227.0,102551.0,0.00438,244.1,organic_search,3958231.81,2931626.81
2019-03-03,925441.51,757846.4,167595.11,18.11,6,1,3,62,29633.0,23779.0,153733.0,0.00432,167.6,referral,3424796.49,2865045.38
2019-03-04,1915592.53,1559541.64,356050.89,18.59,0,0,3,63,32652.0,23117.0,116494.0,0.00549,309.6,organic_search,2739833.93,2862627.91
2019-03-05,2386338.6,1912200.04,474138.56,19.87,1,0,3,64,30840.0,24990.0,162661.0,0.00573,225.1,email_campaign,2345895.65,2872985.32
2019-03-06,3341337.75,2745260.51,596077.24,17.84,2,0,3,65,32515.0,26584.0,134079.0,0.00382,318.9,social_media,2121586.13,2927997.6
2019-03-07,2432557.33,1818192.91,614364.42,25.26,3,0,3,66,27794.0,20646.0,127956.0,0.00483,200.2,organic_search,1984573.73,2954119.07
2019-03-08,2666858.91,2181539.6,485319.31,18.2,4,0,3,67,29339.0,23224.0,159152.0,0.00324,108.1,email_campaign,2047191.77,2975706.45
2019-03-09,3019892.33,2454977.33,564915.0,18.71,5,1,3,68,30100.0,22854.0,150323.0,0.0057,134.0,organic_search,2384002.71,3016109.37
2019-03-10,2681616.97,2134676.6,546940.37,20.4,6,1,3,69,26432.0,19667.0,92021.0,0.00333,104.4,social_media,2634884.92,3042596.5
2019-03-11,2420084.85,1983304.37,436780.48,18.05,0,0,3,70,29213.0,21897.0,131049.0,0.00577,218.3,organic_search,2706955.25,3049791.17
2019-03-12,3925730.26,3314125.8,611604.46,15.58,1,0,3,71,29197.0,22060.0,129430.0,0.00469,206.2,organic_search,2926868.34,3080909.03
2019-03-13,5148543.25,4034220.49,1114322.76,21.64,2,0,3,72,27971.0,19772.0,93737.0,0.00368,170.8,social_media,3185040.56,3150851.85
2019-03-14,4367141.68,3458729.41,908412.27,20.8,3,0,3,73,30018.0,23278.0,124240.0,0.00399,232.6,organic_search,3461409.75,3220741.72
2019-03-15,3296671.21,2596766.78,699904.43,21.23,4,0,3,74,30390.0,22699.0,156640.0,0.00502,135.8,direct,3551382.94,3253792.44
2019-03-16,2593942.24,2020686.01,573256.23,22.1,5,1,3,75,29509.0,22694.0,122642.0,0.00434,221.7,social_media,3490532.92,3241616.92
2019-03-17,3647905.41,2976722.37,671183.04,18.4,6,1,3,76,30650.0,21468.0,106652.0,0.00414,139.7,email_campaign,3628574.13,3269440.78
2019-03-18,4462652.85,3659897.03,802755.82,17.99,0,0,3,77,28762.0,21021.0,140215.0,0.00432,269.6,referral,3920369.56,3321848.51
2019-03-19,4580736.76,3861332.4,719404.36,15.7,1,0,3,78,29335.0,21958.0,149400.0,0.00556,261.6,organic_search,4013941.91,3352587.22
2019-03-20,5766530.12,4960357.22,806172.9,13.98,2,0,3,79,27405.0,20656.0,138092.0,0.00342,185.6,paid_search,4102225.75,3388790.44
2019-03-21,4408617.11,3962414.33,446202.78,10.12,3,0,3,80,29272.0,23169.0,143683.0,0.0041,104.4,organic_search,4108150.81,3476293.9
2019-03-22,3610928.89,3304221.4,306707.49,8.49,4,0,3,81,27607.0,20415.0,98682.0,0.00555,253.5,email_campaign,4153044.77,3491914.67
2019-03-23,3582976.25,3279702.06,303274.19,8.46,5,1,3,82,31744.0,22838.0,143568.0,0.00501,200.2,paid_search,4294335.34,3503814.02
2019-03-24,4240123.5,3766823.0,473300.5,11.16,6,1,3,83,28415.0,23292.0,140934.0,0.00365,273.6,paid_search,4378937.93,3545783.8
2019-03-25,4446564.37,4012232.01,434332.36,9.77,0,0,3,84,30897.0,22658.0,150146.0,0.00481,211.5,social_media,4376639.57,3585880.24
2019-03-26,5345042.2,4766707.57,578334.63,10.82,1,0,3,85,31738.0,25563.0,104496.0,0.00477,169.4,organic_search,4485826.06,3608732.03
2019-03-27,6535411.89,5978075.49,557336.4,8.53,2,0,3,86,29291.0,22963.0,143666.0,0.00376,268.8,email_campaign,4595666.32,3602901.41
2019-03-28,5315964.12,4667097.61,648866.51,12.21,3,0,3,87,27780.0,22281.0,106871.0,0.00404,191.4,email_campaign,4725287.32,3608636.66
2019-03-29,4309156.23,3848197.98,460958.25,10.7,4,0,3,88,32668.0,24576.0,161268.0,0.00417,290.3,email_campaign,4825034.08,3588558.39
2019-03-30,9442671.99,8583254.53,859417.46,9.1,5,1,3,89,25372.0,18591.0,115629.0,0.00386,251.0,organic_search,5662133.47,3790259.32
2019-03-31,7501232.88,6774268.33,726964.55,9.69,6,1,3,90,29648.0,21628.0,136636.0,0.00542,169.2,referral,6128006.24,3966015.99
2019-04-01,7842271.08,7122821.67,719449.41,9.17,0,0,4,91,44576.0,34666.0,212249.0,0.00561,299.7,social_media,6613107.2,4205351.17
2019-04-02,6799630.38,6231069.37,568561.01,8.36,1,0,4,92,38298.0,28561.0,174559.0,0.00495,148.8,paid_search,6820905.51,4401157.46
2019-04-03,6787287.3,6224164.42,563122.88,8.3,2,0,4,93,37654.0,27054.0,206297.0,0.00476,205.1,social_media,6856887.71,4563547.29
2019-04-04,2048272.63,1722283.77,325988.86,15.92,3,0,4,94,40892.0,31638.0,200895.0,0.00329,234.6,paid_search,6390074.64,4552278.42
2019-04-05,1919484.59,1795248.81,124235.78,6.47,4,0,4,95,35912.0,27354.0,180193.0,0.00359,298.1,organic_search,6048692.98,4504883.32
2019-04-06,2259659.48,2043470.72,216188.76,9.57,5,1,4,96,37338.0,29048.0,187574.0,0.00473,300.4,organic_search,5022548.33,4499120.06
2019-04-07,2241076.34,2042622.76,198453.58,8.86,6,1,4,97,36099.0,28975.0,138367.0,0.00491,171.8,referral,4271097.4,4484927.31
2019-04-08,3104721.28,2774939.49,329781.79,10.62,0,0,4,98,46874.0,35394.0,212734.0,0.00416,174.8,paid_search,3594304.57,4487754.94
2019-04-09,3989319.25,3630481.23,358838.02,8.99,1,0,4,99,41659.0,29802.0,224000.0,0.00507,185.3,email_campaign,3192831.55,4531345.01
2019-04-10,3426420.13,3160123.01,266297.12,7.77,2,0,4,100,43127.0,35165.0,161086.0,0.00378,316.7,social_media,2712707.67,4564889.52
2019-04-11,3579994.96,3276911.01,303083.95,8.47,3,0,4,101,38911.0,29838.0,167168.0,0.00498,151.6,organic_search,2931525.15,4553365.01
2019-04-12,3059845.93,2753429.2,306416.73,10.01,4,0,4,102,40148.0,28212.0,213820.0,0.00478,229.2,email_campaign,3094433.91,4483741.77
2019-04-13,3248777.0,3006192.84,242584.16,7.47,5,1,4,103,44228.0,31397.0,187646.0,0.00322,197.8,organic_search,3235736.41,4446462.95
2019-04-14,4002434.76,3635296.53,367138.23,9.17,6,1,4,104,40040.0,32744.0,184887.0,0.0052,232.4,email_campaign,3487359.04,4469988.4
2019-04-15,3468600.1,3009772.87,458827.23,13.23,0,0,4,105,44505.0,33791.0,196936.0,0.00464,141.4,organic_search,3539341.73,4499143.66
2019-04-16,5005921.07,4277532.29,728388.78,14.55,1,0,4,106,41567.0,33382.0,161203.0,0.00578,160.7,paid_search,3684570.56,4544410.85
2019-04-17,4866105.58,3844447.57,1021658.01,21.0,2,0,4,107,43808.0,31816.0,223025.0,0.00533,312.6,social_media,3890239.91,4557859.27
2019-04-18,3458407.78,2689432.07,768975.71,22.23,3,0,4,108,42723.0,34260.0,201707.0,0.0042,114.4,referral,3872870.32,4520448.31
2019-04-19,3282803.64,2507866.68,774936.96,23.61,4,0,4,109,38066.0,27093.0,156489.0,0.00324,292.8,organic_search,3904721.42,4437657.42
2019-04-20,3583833.11,2817340.98,766492.13,21.39,5,1,4,110,46440.0,36613.0,170991.0,0.00339,217.7,referral,3952586.58,4410164.62
2019-04-21,4280648.65,3400564.11,880084.54,20.56,6,1,4,111,38052.0,27648.0,145134.0,0.00353,161.2,organic_search,3992331.42,4432488.62
2019-04-22,5111723.35,4071500.83,1040222.52,20.35,0,0,4,112,41414.0,31022.0,171318.0,0.00343,115.1,paid_search,4227063.31,4483446.85
2019-04-23,6076381.37,4899064.86,1177316.51,19.38,1,0,4,113,40730.0,29395.0,153580.0,0.00488,257.6,organic_search,4379986.21,4544655.45
2019-04-24,6020945.99,4856675.57,1164270.42,19.34,2,0,4,114,43102.0,30805.0,204218.0,0.00533,109.8,email_campaign,4544963.41,4597134.84
2019-04-25,4244369.27,3305396.09,938973.18,22.12,3,0,4,115,38511.0,27906.0,132039.0,0.00513,272.0,organic_search,4657243.63,4560445.74
2019-04-26,3983588.88,3067018.69,916570.19,23.01,4,0,4,116,42329.0,30400.0,142532.0,0.00365,259.1,direct,4757355.8,4475384.97
2019-04-27,4765470.57,3742260.25,1023210.32,21.47,5,1,4,117,38950.0,30294.0,186718.0,0.00534,145.9,direct,4926161.15,4457035.19
2019-04-28,5579108.13,4391470.92,1187637.21,21.29,6,1,4,118,40314.0,31509.0,150802.0,0.0052,205.2,paid_search,5111655.37,4499366.92
2019-04-29,9634257.78,7639657.66,1994600.12,20.7,0,0,4,119,38891.0,28675.0,130645.0,0.00342,121.1,paid_search,5757731.71,4505753.11
2019-04-30,8059929.99,6487250.52,1572679.47,19.51,1,0,4,120,37656.0,29583.0,124370.0,0.00357,272.0,organic_search,6041095.8,4524376.35
2019-05-01,8442603.96,6897673.92,1544930.04,18.3,2,0,5,121,38270.0,31120.0,163918.0,0.00421,232.6,email_campaign,6387046.94,4544387.44
2019-05-02,7808399.68,6038961.99,1769437.69,22.66,3,0,5,122,40890.0,32732.0,174072.0,0.00556,310.2,email_campaign,6896194.14,4578013.08
2019-05-03,4022286.5,3234443.01,787843.49,19.59,4,0,5,123,33869.0,24127.0,159855.0,0.00568,229.6,social_media,6901722.37,4485846.39
2019-05-04,2045383.76,1603260.81,442122.95,21.62,5,1,5,124,40801.0,32941.0,153355.0,0.00497,178.5,paid_search,6513138.54,4485750.1
2019-05-05,2460393.45,1889099.54,571293.91,23.22,6,1,5,125,43470.0,31878.0,145614.0,0.00369,128.4,paid_search,6067607.87,4503780.39
2019-05-06,3089088.99,2546015.45,543073.54,17.58,0,0,5,126,38954.0,29248.0,128267.0,0.00407,291.6,direct,5132583.76,4531428.04
2019-05-07,3216799.62,2460959.9,755839.72,23.5,1,0,5,127,38311.0,27298.0,156221.0,0.00422,144.3,email_campaign,4440707.99,4563952.15
2019-05-08,3179618.97,2549583.11,630035.86,19.81,2,0,5,128,36951.0,26620.0,161456.0,0.00516,172.0,paid_search,3688853.0,4566448.74
2019-05-09,3478743.01,2820877.92,657865.09,18.91,3,0,5,129,31426.0,25738.0,101030.0,0.00338,167.1,paid_search,3070330.61,4549429.53
2019-05-10,3379956.2,2669556.82,710399.38,21.02,4,0,5,130,35218.0,28849.0,175528.0,0.00393,101.3,organic_search,2978569.14,4547880.74
2019-05-11,3223254.17,2537597.46,685656.71,21.27,5,1,5,131,42448.0,32625.0,208628.0,0.00409,309.2,organic_search,3146836.34,4535989.38
2019-05-12,3692378.28,2866716.95,825661.33,22.36,6,1,5,132,33210.0,25645.0,133895.0,0.0052,294.7,email_campaign,3322834.18,4557073.79
2019-05-13,4792349.11,3788342.27,1004006.84,20.95,0,0,5,133,35644.0,29007.0,191085.0,0.00568,285.4,referral,3566157.05,4608526.19
2019-05-14,4862166.63,3833993.27,1028173.36,21.15,1,0,5,134,35531.0,27439.0,133228.0,0.00397,203.1,direct,3801209.48,4637183.92
2019-05-15,5013097.75,3959824.14,1053273.61,21.01,2,0,5,135,39361.0,30634.0,144469.0,0.00373,122.7,organic_search,4063135.02,4688667.17
2019-05-16,4763396.54,3739102.59,1024293.95,21.5,3,0,5,136,34486.0,27697.0,187184.0,0.0053,122.9,email_campaign,4246656.95,4680583.02
2019-05-17,4890006.38,3947766.75,942239.63,19.27,4,0,5,137,37582.0,29636.0,185076.0,0.00544,306.9,organic_search,4462378.41,4681379.72
2019-05-18,4212074.41,3390993.32,821081.09,19.49,5,1,5,138,42600.0,31147.0,183594.0,0.00352,187.8,email_campaign,4603638.44,4706501.94
2019-05-19,3110577.15,2404869.12,705708.03,22.69,6,1,5,139,36971.0,27994.0,139333.0,0.00554,118.2,social_media,4520524.0,4700761.06
2019-05-20,4833855.83,3883813.76,950042.07,19.65,0,0,5,140,33598.0,24840.0,175466.0,0.00475,185.5,paid_search,4526453.53,4742428.48
2019-05-21,4376980.41,3545197.6,831782.81,19.0,1,0,5,141,40671.0,32416.0,170943.0,0.00335,211.4,paid_search,4457141.21,4745639.54
2019-05-22,5873623.7,4676076.56,1197547.14,20.39,2,0,5,142,38160.0,28709.0,122146.0,0.00575,104.6,paid_search,4580073.49,4771036.22
2019-05-23,5059289.39,4065945.82,993343.57,19.63,3,0,5,143,37448.0,29299.0,136767.0,0.00579,137.7,email_campaign,4622343.9,4737133.15
2019-05-24,4257574.66,3427856.53,829718.13,19.49,4,0,5,144,39257.0,29905.0,132206.0,0.00478,309.8,referral,4531996.51,4678354.11
2019-05-25,2703860.17,2041659.91,662200.26,24.49,5,1,5,145,42312.0,31516.0,205258.0,0.00387,206.6,paid_search,4316537.33,4627003.8
2019-05-26,3290638.14,2614660.18,675977.96,20.54,6,1,5,146,37448.0,29153.0,134959.0,0.00378,310.3,paid_search,4342260.33,4603905.44
2019-05-27,3692587.25,3103910.35,588676.9,15.94,0,0,5,147,34961.0,24499.0,177796.0,0.00479,215.3,referral,4179221.96,4568142.67
2019-05-28,4649913.83,3737938.55,911975.28,19.61,1,0,5,148,37280.0,27314.0,163509.0,0.00372,212.8,direct,4218212.45,4537169.52
2019-05-29,6694197.08,5100391.64,1593805.44,23.81,2,0,5,149,34893.0,24699.0,113956.0,0.00523,301.4,organic_search,4335437.22,4439167.5
2019-05-30,10560540.55,8440357.87,2120182.68,20.08,3,0,5,150,35571.0,27779.0,145299.0,0.0051,276.5,email_campaign,5121330.24,4522521.19
2019-05-31,8767512.49,6975728.64,1791783.85,20.44,4,0,5,151,36407.0,28343.0,128081.0,0.00367,251.4,organic_search,5765607.07,4533351.47
2019-06-01,8443797.15,6772402.64,1671394.51,19.79,5,1,6,152,35963.0,25401.0,152872.0,0.00354,235.7,organic_search,6585598.07,4554531.39
2019-06-02,7455195.67,6102711.18,1352484.49,18.14,6,1,6,153,36512.0,28207.0,156568.0,0.0044,233.9,email_campaign,7180534.86,4668961.69
2019-06-03,6200836.36,4928192.22,1272644.14,20.52,0,0,6,154,41523.0,30131.0,182954.0,0.00375,120.5,paid_search,7538856.16,4807476.78
2019-06-04,3657388.71,2889750.29,767638.42,20.99,1,0,6,155,40229.0,32190.0,185194.0,0.00521,130.0,organic_search,7397066.86,4847376.62
2019-06-05,3116184.22,2354873.53,761310.69,24.43,2,0,6,156,46601.0,35608.0,188669.0,0.00411,176.7,paid_search,6885922.16,4848279.79
2019-06-06,3413543.4,2707745.48,705797.92,20.68,3,0,6,157,41559.0,29193.0,188443.0,0.00505,262.8,organic_search,5864922.57,4854837.92
2019-06-07,2810118.57,2267280.87,542837.7,19.32,4,0,6,158,37857.0,27285.0,143379.0,0.00376,219.3,organic_search,5013866.3,4842521.24
2019-06-08,3253725.42,2576270.0,677455.42,20.82,5,1,6,159,38349.0,27319.0,172622.0,0.00561,213.2,email_campaign,4272427.48,4835020.65
2019-06-09,4254903.93,3456557.9,798346.03,18.76,6,1,6,160,36665.0,26939.0,146871.0,0.00484,246.3,organic_search,3815242.94,4864185.58
2019-06-10,4783133.64,3750235.77,1032897.87,21.59,0,0,6,161,38109.0,30915.0,139539.0,0.00434,105.6,paid_search,3612713.98,4916181.56
2019-06-11,4164146.71,3288307.35,875839.36,21.03,1,0,6,162,38309.0,29446.0,138808.0,0.00479,261.9,social_media,3685107.98,4931907.18
2019-06-12,4780123.09,3862755.17,917367.92,19.19,2,0,6,163,39967.0,28872.0,162871.0,0.0035,163.6,organic_search,3922813.54,4931499.64
2019-06-13,3141446.63,2434324.12,707122.51,22.51,3,0,6,164,40245.0,31843.0,155119.0,0.00512,170.5,social_media,3883942.57,4874142.31
2019-06-14,3321275.31,2699480.09,621795.22,18.72,4,0,6,165,44684.0,32193.0,214740.0,0.00443,248.5,paid_search,3956964.96,4817748.23
2019-06-15,4401658.94,3526274.43,875384.51,19.89,5,1,6,166,43528.0,34973.0,164124.0,0.00404,141.0,organic_search,4120955.46,4805690.31
2019-06-16,3952891.26,3206561.32,746329.94,18.88,6,1,6,167,38327.0,30471.0,137920.0,0.00531,206.7,referral,4077810.8,4774453.14
2019-06-17,4164327.54,3246799.45,917528.09,22.03,0,0,6,168,41752.0,33966.0,199738.0,0.00429,232.5,organic_search,3989409.93,4772861.57
2019-06-18,5036738.58,4114695.79,922042.79,18.31,1,0,6,169,35478.0,25009.0,127409.0,0.00574,208.8,social_media,4114065.91,4837066.95
2019-06-19,5640058.49,4485935.07,1154123.42,20.46,2,0,6,170,35784.0,26499.0,126141.0,0.00493,304.7,organic_search,4236913.82,4863940.38
2019-06-20,4189605.48,3314789.57,874815.91,20.88,3,0,6,171,40522.0,30027.0,211063.0,0.00454,288.1,email_campaign,4386650.8,4857694.55
2019-06-21,3812450.83,3058079.55,754371.28,19.79,4,0,6,172,40287.0,30805.0,164957.0,0.00341,196.7,social_media,4456818.73,4788988.78
2019-06-22,4550924.39,3531072.86,1019851.53,22.41,5,1,6,173,41557.0,33705.0,158285.0,0.00419,232.6,paid_search,4478142.37,4772043.28
2019-06-23,3568419.01,3068943.59,499475.42,14.0,6,1,6,174,40377.0,29710.0,160716.0,0.00392,100.1,organic_search,4423217.76,4749071.43
2019-06-24,3996277.5,3433419.57,562857.93,14.08,0,0,6,175,42129.0,32514.0,163901.0,0.00478,180.4,organic_search,4399210.61,4792152.01
2019-06-25,5688790.13,5142260.13,546530.0,9.61,1,0,6,176,37671.0,27919.0,129819.0,0.00503,253.6,social_media,4492360.83,4872090.41
2019-06-26,5662278.62,5280030.26,382248.36,6.75,2,0,6,177,38408.0,28743.0,163129.0,0.00331,279.3,organic_search,4495535.14,4937746.78
2019-06-27,3630711.11,3603596.44,27114.67,0.75,3,0,6,178,39168.0,27618.0,169449.0,0.00385,193.5,email_campaign,4415693.08,4903773.36
2019-06-28,4670111.28,4617792.03,52319.25,1.12,4,0,6,179,38207.0,28841.0,177868.0,0.00415,150.6,social_media,4538216.01,4836303.83
2019-06-29,7024746.69,6925205.4,99541.29,1.42,5,1,6,180,36838.0,26350.0,181925.0,0.00471,258.0,referral,4891619.19,4718444.04
2019-06-30,4945041.75,4627222.46,317819.29,6.43,6,1,6,181,33931.0,27510.0,166764.0,0.00496,156.0,organic_search,5088279.58,4591028.35
2019-07-01,4925285.45,4871863.28,53422.17,1.08,0,0,7,182,30649.0,22435.0,108659.0,0.00517,213.0,paid_search,5220995.0,4473744.62
2019-07-02,4873332.05,4786134.47,87197.58,1.79,1,0,7,183,31146.0,23463.0,121588.0,0.00451,258.5,social_media,5104500.99,4387682.5
2019-07-03,4886424.07,4756249.61,130174.46,2.66,2,0,7,184,30229.0,24504.0,151719.0,0.00504,159.1,organic_search,4993664.63,4343868.76
2019-07-04,1489388.03,1415805.18,73582.85,4.94,3,0,7,185,33700.0,24759.0,149794.0,0.00544,260.3,organic_search,4687761.33,4271602.07
2019-07-05,1841931.9,1789551.81,52380.09,2.84,4,0,7,186,28053.0,20725.0,142813.0,0.00394,253.5,social_media,4283735.71,4229126.99
2019-07-06,1673667.75,1672504.8,1162.95,0.07,5,1,7,187,30267.0,24108.0,98786.0,0.0049,198.2,email_campaign,3519295.86,4171131.14
2019-07-07,2108446.49,2118852.35,-10405.86,-0.49,6,1,7,188,26042.0,18496.0,95916.0,0.004,284.6,email_campaign,3114067.96,4147742.07
2019-07-08,2671803.54,2584413.1,87390.44,3.27,0,0,7,189,28853.0,21400.0,123844.0,0.00322,240.6,paid_search,2792141.98,4128344.67
2019-07-09,2568480.24,2386535.86,181944.38,7.08,1,0,7,190,32447.0,26102.0,174380.0,0.00412,274.5,organic_search,2462877.43,4072130.55
2019-07-10,2970737.48,2920183.57,50553.91,1.7,2,0,7,191,34463.0,25057.0,159621.0,0.00446,140.1,paid_search,2189207.92,4011717.34
2019-07-11,3613434.66,3602172.41,11262.25,0.31,3,0,7,192,36925.0,28683.0,119806.0,0.00547,278.9,referral,2492643.15,3993360.28
2019-07-12,2385921.03,2226726.44,159194.59,6.67,4,0,7,193,31992.0,23290.0,134627.0,0.00555,130.9,organic_search,2570355.88,3913553.54
2019-07-13,2098969.4,1932133.96,166835.44,7.95,5,1,7,194,31461.0,23123.0,109485.0,0.00378,193.0,referral,2631113.26,3878804.3
2019-07-14,2644124.5,2456787.05,187337.45,7.09,6,1,7,195,30689.0,23107.0,126201.0,0.00339,249.1,referral,2707638.69,3856232.61
2019-07-15,2978181.99,2929468.55,48713.44,1.64,0,0,7,196,33584.0,24679.0,123317.0,0.00382,135.9,social_media,2751407.04,3808783.37
2019-07-16,3187013.74,3153087.05,33926.69,1.06,1,0,7,197,32949.0,25163.0,106127.0,0.00578,181.5,social_media,2839768.97,3783254.12
2019-07-17,3959202.82,3896487.16,62715.66,1.58,2,0,7,198,27662.0,22207.0,118197.0,0.00453,200.0,organic_search,2980978.31,3776416.63
2019-07-18,3615222.41,3550288.82,64933.59,1.8,3,0,7,199,33180.0,24421.0,175720.0,0.00393,114.6,social_media,2981233.7,3729032.76
2019-07-19,2386618.42,2254762.11,131856.31,5.52,4,0,7,200,33359.0,24768.0,162683.0,0.00416,220.2,paid_search,2981333.33,3620584.76
2019-07-20,3483966.92,3119293.47,364673.45,10.47,5,1,7,201,31303.0,25386.0,126631.0,0.00542,174.3,organic_search,3179190.11,3597063.47
2019-07-21,2833440.98,2457034.76,376406.22,13.28,6,1,7,202,27249.0,20931.0,129731.0,0.00382,106.9,organic_search,3206235.33,3564429.81
2019-07-22,3439033.06,2731287.61,707745.45,20.58,0,0,7,203,35006.0,27980.0,166673.0,0.00456,105.8,organic_search,3272071.19,3527366.77
2019-07-23,3417186.56,2643724.49,773462.07,22.63,1,0,7,204,30275.0,23514.0,121949.0,0.00476,254.2,referral,3304953.02,3522325.69
2019-07-24,4684554.37,3722991.01,961563.36,20.53,2,0,7,205,34123.0,25043.0,132316.0,0.00564,172.2,paid_search,3408574.67,3545268.25
2019-07-25,4181297.47,3389253.8,792043.67,18.94,3,0,7,206,25491.0,18121.0,120516.0,0.00359,141.1,direct,3489442.54,3495018.49
2019-07-26,2974387.4,2282672.9,691714.5,23.26,4,0,7,207,28454.0,23032.0,106488.0,0.00478,124.1,direct,3573409.54,3405422.12
2019-07-27,2400455.83,1937294.99,463160.84,19.29,5,1,7,208,25171.0,20184.0,93475.0,0.00482,315.1,paid_search,3418622.24,3364413.61
2019-07-28,3130479.33,2444819.96,685659.37,21.9,6,1,7,209,29673.0,22489.0,125620.0,0.00461,253.1,organic_search,3461056.29,3313092.54
2019-07-29,3105749.62,2493332.47,612417.15,19.72,0,0,7,210,29279.0,21774.0,139901.0,0.00432,237.0,paid_search,3413444.37,3182459.31
2019-07-30,3330499.22,3199104.79,131394.43,3.95,1,0,7,211,34258.0,24978.0,140557.0,0.00572,138.4,referral,3401060.46,3128641.22
2019-07-31,5525632.29,6089074.09,-563441.8,-10.2,2,0,7,212,32965.0,24945.0,136757.0,0.00495,297.8,email_campaign,3521214.45,3148652.79
2019-08-01,4455488.15,5321254.35,-865766.2,-19.43,3,0,8,213,37760.0,28566.0,205970.0,0.00427,310.3,social_media,3560384.55,3134724.66
2019-08-02,3938923.04,4562144.93,-623221.89,-15.82,4,0,8,214,36313.0,26157.0,152843.0,0.00495,136.5,organic_search,3698175.35,3103141.29
2019-08-03,2470651.33,3392027.67,-921376.34,-37.29,5,1,8,215,37071.0,26418.0,194543.0,0.00329,120.4,email_campaign,3708203.28,3135850.06
2019-08-04,2494912.22,3600849.09,-1105936.87,-44.33,6,1,8,216,29902.0,22329.0,136233.0,0.00503,239.3,paid_search,3617407.98,3157616.08
2019-08-05,1043419.2,1459268.06,-415848.86,-39.85,0,0,8,217,44223.0,32371.0,155964.0,0.00363,292.5,email_campaign,3322789.35,3136607.79
2019-08-06,1858125.18,2640605.83,-782480.65,-42.11,1,0,8,218,33817.0,26222.0,161936.0,0.00428,164.0,organic_search,3112450.2,3128263.75
2019-08-07,2612652.22,3641188.5,-1028536.28,-39.37,2,0,8,219,34145.0,25373.0,182511.0,0.00353,260.8,organic_search,2696310.19,3126292.04
2019-08-08,2075506.82,2794288.53,-718781.71,-34.63,3,0,8,220,37036.0,29698.0,127464.0,0.00411,296.9,social_media,2356312.86,3109859.59
2019-08-09,1373112.09,1937571.87,-564459.78,-41.11,4,0,8,221,32288.0,26460.0,173586.0,0.00564,101.3,direct,1989768.44,3056605.41
2019-08-10,1564845.37,2196994.14,-632148.77,-40.4,5,1,8,222,34327.0,26840.0,138077.0,0.00452,188.5,referral,1860367.59,2988319.1
2019-08-11,2346475.31,3292514.02,-946038.71,-40.32,6,1,8,223,36705.0,26339.0,188312.0,0.00571,109.4,organic_search,1839162.31,2987004.24
2019-08-12,1668045.94,2290560.15,-622514.21,-37.32,0,0,8,224,34577.0,26641.0,160627.0,0.00447,155.7,direct,1928394.7,2972640.13
2019-08-13,1490813.69,2171947.13,-681133.44,-45.69,1,0,8,225,31269.0,23166.0,141471.0,0.00542,280.0,organic_search,1875921.63,2934196.43
2019-08-14,3101196.53,4169515.66,-1068319.13,-34.45,2,0,8,226,30200.0,23338.0,143432.0,0.00325,292.4,paid_search,1945713.68,2938296.92
2019-08-15,2478038.89,3512738.3,-1034699.41,-41.75,3,0,8,227,30521.0,22191.0,121686.0,0.00337,310.4,social_media,2003218.26,2914664.42
2019-08-16,1829640.99,2493094.05,-663453.06,-36.26,4,0,8,228,37711.0,26507.0,123132.0,0.00405,245.5,paid_search,2068436.67,2843679.03
2019-08-17,2003878.36,2733913.19,-730034.83,-36.43,5,1,8,229,33680.0,27542.0,183308.0,0.00476,198.4,direct,2131155.67,2789967.56
2019-08-18,1947390.84,2839386.72,-891995.88,-45.8,6,1,8,230,32176.0,23289.0,152259.0,0.00347,151.5,social_media,2074143.61,2775326.64
2019-08-19,2333967.14,3290384.64,-956417.5,-40.98,0,0,8,231,31023.0,23243.0,119218.0,0.00409,187.5,social_media,2169275.21,2736993.31
2019-08-20,2278154.51,3059344.57,-781190.06,-34.29,1,0,8,232,38795.0,29098.0,167871.0,0.00411,188.5,email_campaign,2281752.47,2718483.77
2019-08-21,2902500.19,3975109.52,-1072609.33,-36.95,2,0,8,233,32523.0,24417.0,117226.0,0.00459,204.2,email_campaign,2253367.27,2700599.34
2019-08-22,3279690.88,4303594.26,-1023903.38,-31.22,3,0,8,234,32699.0,25763.0,139482.0,0.00393,249.6,organic_search,2367888.99,2696016.15
2019-08-23,1923531.37,2481146.96,-557615.59,-28.99,4,0,8,235,34981.0,26845.0,172585.0,0.00474,199.0,email_campaign,2381301.9,2603982.05
2019-08-24,1741999.11,2380723.06,-638723.95,-36.67,5,1,8,236,31736.0,23983.0,163423.0,0.00326,154.9,referral,2343890.58,2522672.1
2019-08-25,2343821.96,2973037.78,-629215.82,-26.85,6,1,8,237,32083.0,23744.0,103964.0,0.00461,301.3,social_media,2400523.59,2501653.25
2019-08-26,1566162.85,2092259.75,-526096.9,-33.59,0,0,8,238,33250.0,25753.0,150733.0,0.0038,134.7,paid_search,2290837.27,2473843.49
2019-08-27,2452198.24,3395896.49,-943698.25,-38.48,1,0,8,239,32833.0,26446.0,117571.0,0.0045,234.3,social_media,2315700.66,2451234.12
2019-08-28,5201709.9,7205663.14,-2003953.24,-38.52,2,0,8,240,31563.0,25463.0,159479.0,0.00577,108.1,referral,2644159.19,2521099.46
2019-08-29,4504012.62,6055206.11,-1551193.49,-34.44,3,0,8,241,35811.0,26356.0,156979.0,0.00472,260.4,social_media,2819062.29,2560216.57
2019-08-30,5157053.02,6765323.43,-1608270.41,-31.19,4,0,8,242,35419.0,28771.0,178660.0,0.00361,215.3,email_campaign,3280993.96,2547930.6
2019-08-31,5057671.9,6368386.98,-1310715.08,-25.92,5,1,8,243,32891.0,23627.0,144581.0,0.004,108.8,paid_search,3754661.5,2568003.39
2019-09-01,4505538.06,5575548.49,-1070010.43,-23.75,6,1,9,244,26185.0,18902.0,87206.0,0.0038,295.5,organic_search,4063478.08,2586890.56
2019-09-02,1524133.27,1524323.94,-190.67,-0.01,0,0,9,245,29060.0,21406.0,104211.0,0.00352,104.5,social_media,4057473.86,2555339.96
2019-09-03,1594821.11,1372800.55,222020.56,13.92,1,0,9,246,25072.0,17728.0,119670.0,0.00543,177.2,email_campaign,3934991.41,2525336.92
2019-09-04,870213.71,795474.98,74738.73,8.59,2,0,9,247,25524.0,18515.0,100727.0,0.00346,270.1,email_campaign,3316206.24,2519563.4
2019-09-05,1849227.68,1737296.3,111931.38,6.05,3,0,9,248,23170.0,16840.0,117129.0,0.00495,226.1,direct,2936951.25,2519266.82
2019-09-06,2055566.63,1816545.14,239021.49,11.63,4,0,9,249,26547.0,20170.0,89760.0,0.00577,187.6,paid_search,2493881.77,2500697.3
2019-09-07,2056135.02,1821442.12,234692.9,11.41,5,1,9,250,23733.0,16764.0,98671.0,0.00363,139.7,referral,2065090.78,2500051.57
2019-09-08,2799308.76,2590587.34,208721.42,7.46,6,1,9,251,23398.0,17237.0,92683.0,0.00412,178.8,email_campaign,1821343.74,2547591.46
2019-09-09,3586421.12,3025750.34,560670.78,15.63,0,0,9,252,24789.0,19384.0,116234.0,0.00542,271.7,social_media,2115956.29,2614977.32
2019-09-10,2327550.31,2102928.06,224622.25,9.65,1,0,9,253,22230.0,17279.0,115152.0,0.00479,297.0,paid_search,2220631.89,2614346.49
2019-09-11,2579418.47,2224939.94,354478.53,13.74,2,0,9,254,21840.0,17146.0,95983.0,0.00513,108.3,paid_search,2464804.0,2644725.57
2019-09-12,2239528.24,2055638.17,183890.07,8.21,3,0,9,255,22702.0,16686.0,104922.0,0.00345,204.4,social_media,2520561.22,2669682.72
2019-09-13,2602979.12,2360984.02,241995.1,9.3,4,0,9,256,23488.0,17017.0,100424.0,0.00525,218.0,social_media,2598763.01,2653075.48
2019-09-14,2471379.44,2104170.27,367209.17,14.86,5,1,9,257,26005.0,18611.0,114445.0,0.00449,310.6,organic_search,2658083.64,2652853.49
2019-09-15,2704686.82,2355376.75,349310.07,12.91,6,1,9,258,25814.0,19980.0,100825.0,0.00414,115.6,paid_search,2644566.22,2682021.69
2019-09-16,3377677.52,3056070.46,321607.06,9.52,0,0,9,259,20819.0,16137.0,98569.0,0.00458,195.3,social_media,2614745.7,2727814.99
2019-09-17,2208634.91,1901278.99,307355.92,13.92,1,0,9,260,24520.0,18925.0,93825.0,0.0037,131.4,organic_search,2597757.79,2736523.13
2019-09-18,2218355.01,1872520.36,345834.65,15.59,2,0,9,261,24614.0,18392.0,108688.0,0.00326,268.0,social_media,2546177.29,2732669.39
2019-09-19,2750834.47,2383301.79,367532.68,13.36,3,0,9,262,24003.0,18510.0,124057.0,0.00366,208.1,paid_search,2619221.04,2748425.39
2019-09-20,1849923.37,1616131.82,233791.55,12.64,4,0,9,263,24393.0,19784.0,99499.0,0.00487,136.8,referral,2511641.65,2713339.5
2019-09-21,3723308.64,3312576.87,410731.77,11.03,5,1,9,264,26707.0,19063.0,124922.0,0.00437,119.2,direct,2690488.68,2728126.76
2019-09-22,3164897.45,2715456.74,449440.71,14.2,6,1,9,265,25255.0,19571.0,98526.0,0.00342,210.3,social_media,2756233.05,2769505.62
2019-09-23,3099449.09,2787237.94,312211.15,10.07,0,0,9,266,23138.0,16246.0,115705.0,0.0056,315.1,paid_search,2716486.13,2814753.96
2019-09-24,2947408.34,2515101.0,432307.34,14.67,1,0,9,267,24793.0,18883.0,113116.0,0.00453,247.7,social_media,2822025.2,2834873.5
2019-09-25,2898334.29,2483117.25,415217.04,14.33,2,0,9,268,24933.0,18860.0,97407.0,0.00372,126.8,social_media,2919165.09,2879279.22
2019-09-26,2908501.91,2610054.46,298447.45,10.26,3,0,9,269,24782.0,20223.0,113023.0,0.0043,107.0,organic_search,2941689.01,2894489.34
2019-09-27,3950186.78,3564014.93,386171.85,9.78,4,0,9,270,24131.0,18595.0,129342.0,0.0052,308.8,referral,3241726.64,2852771.9
2019-09-28,3814692.18,3453282.93,361409.25,9.47,5,1,9,271,23264.0,18976.0,118938.0,0.00471,225.9,organic_search,3254781.43,2829794.55
2019-09-29,4292493.62,3763429.08,529064.54,12.33,6,1,9,272,22213.0,16984.0,98269.0,0.00526,233.5,social_media,3415866.6,2800975.91
2019-09-30,4319120.35,3566624.12,752496.23,17.42,0,0,9,273,24111.0,17588.0,128187.0,0.00573,115.0,organic_search,3590105.35,2776357.52
2019-10-01,3461580.0,2846842.32,614737.68,17.76,1,0,10,274,20710.0,16324.0,82106.0,0.00356,319.4,direct,3663558.45,2741558.92
2019-10-02,1385364.76,1073130.28,312234.48,22.54,2,0,10,275,17131.0,13716.0,78304.0,0.00477,194.4,referral,3447419.94,2736933.3
2019-10-03,1326788.68,1033086.86,293701.82,22.14,3,0,10,276,20821.0,17046.0,86216.0,0.00484,121.8,organic_search,3221460.91,2727998.89
2019-10-04,1866207.62,1478185.6,388022.02,20.79,4,0,10,277,20576.0,16713.0,81640.0,0.00335,227.1,referral,2923749.6,2761198.69
2019-10-05,1911023.55,1500730.35,410293.2,21.47,5,1,10,278,18690.0,13716.0,68234.0,0.00341,122.0,email_campaign,2651796.94,2763258.55
2019-10-06,2387439.44,1819262.68,568176.76,23.8,6,1,10,279,16470.0,12583.0,57553.0,0.00505,308.0,paid_search,2379646.34,2774320.98
2019-10-07,1999285.69,1511800.84,487484.85,24.38,0,0,10,280,21559.0,15495.0,70372.0,0.00544,194.6,email_campaign,2048241.39,2772426.0
2019-10-08,1470915.7,1203719.05,267196.65,18.17,1,0,10,281,18757.0,13854.0,77286.0,0.00413,263.0,organic_search,1763860.78,2728146.23
2019-10-09,1397689.65,1162543.67,235145.98,16.82,2,0,10,282,21553.0,16339.0,77208.0,0.00462,206.5,referral,1765621.48,2655188.51
2019-10-10,1458507.56,1177103.47,281404.09,19.29,3,0,10,283,18506.0,14673.0,94049.0,0.0043,263.8,email_campaign,1784438.46,2626220.42
2019-10-11,2040409.76,1602691.87,437717.89,21.45,4,0,10,284,20156.0,14880.0,88486.0,0.00363,279.4,social_media,1809324.48,2608253.47
2019-10-12,1557560.26,1243446.67,314113.59,20.17,5,1,10,285,18926.0,14454.0,76157.0,0.00563,294.0,social_media,1758829.72,2585521.2
2019-10-13,2002257.12,1582043.04,420214.08,20.99,6,1,10,286,18905.0,14766.0,75139.0,0.00432,208.8,social_media,1703803.68,2565497.13
2019-10-14,1775994.7,1462978.37,313016.33,17.62,0,0,10,287,19857.0,15369.0,108752.0,0.00565,233.8,paid_search,1671904.96,2542317.64
2019-10-15,2018887.59,1548517.17,470370.42,23.3,1,0,10,288,20545.0,15329.0,80622.0,0.00321,177.1,paid_search,1750186.66,2519457.67
2019-10-16,1464108.41,1141541.16,322567.25,22.03,2,0,10,289,22893.0,16393.0,74138.0,0.00465,203.9,referral,1759675.06,2455672.03
2019-10-17,1372058.65,1046890.17,325168.48,23.7,3,0,10,290,21970.0,16687.0,119810.0,0.00545,152.5,organic_search,1747325.21,2427786.15
2019-10-18,1653633.26,1278811.6,374821.66,22.67,4,0,10,291,19452.0,14179.0,93419.0,0.00389,317.4,social_media,1692071.43,2408962.1
2019-10-19,2811323.63,2269521.38,541802.25,19.27,5,1,10,292,21807.0,16138.0,82880.0,0.00468,184.2,referral,1871180.48,2410978.4
2019-10-20,2844841.01,2392660.05,452180.96,15.89,6,1,10,293,19580.0,14473.0,80338.0,0.00465,140.3,social_media,1991549.61,2444142.32
2019-10-21,2711153.32,2148763.37,562389.95,20.74,0,0,10,294,21522.0,15193.0,110079.0,0.0045,108.8,social_media,2125143.7,2410403.81
2019-10-22,2214683.33,1838977.01,375706.32,16.96,1,0,10,295,20491.0,16450.0,107786.0,0.00404,242.1,direct,2153114.52,2378730.01
2019-10-23,1759141.45,1358481.77,400659.68,22.78,2,0,10,296,21124.0,15901.0,77921.0,0.00533,148.2,organic_search,2195262.09,2334053.09
2019-10-24,2022900.04,1666320.71,356579.33,17.63,3,0,10,297,20281.0,16545.0,105059.0,0.00539,228.9,email_campaign,2288239.43,2303236.14
2019-10-25,3187144.16,2421364.94,765779.22,24.03,4,0,10,298,18601.0,13821.0,86414.0,0.00433,217.6,organic_search,2507312.42,2312863.14
2019-10-26,2566324.34,2091249.47,475074.87,18.51,5,1,10,299,19825.0,15837.0,101548.0,0.00469,174.7,paid_search,2472312.52,2301457.22
2019-10-27,2753908.73,2215124.51,538784.22,19.56,6,1,10,300,19575.0,13980.0,72485.0,0.00441,209.3,direct,2459322.2,2261581.29
2019-10-28,4549329.18,3685783.91,863545.27,18.98,0,0,10,301,20661.0,15063.0,76738.0,0.00564,131.9,email_campaign,2721918.75,2286069.19
2019-10-29,4173624.95,3482498.58,691126.37,16.56,1,0,10,302,21438.0,15871.0,83688.0,0.00407,272.7,direct,3001767.55,2282106.9
2019-10-30,4011152.34,3303293.41,707858.93,17.65,2,0,10,303,22429.0,17198.0,103431.0,0.00465,224.5,paid_search,3323483.39,2271841.3
2019-10-31,3902622.14,3200919.46,701702.68,17.98,3,0,10,304,20678.0,15942.0,89297.0,0.00343,177.7,social_media,3592015.12,2286542.7
2019-11-01,2457372.77,1859550.39,597822.38,24.33,4,0,11,305,16216.0,12680.0,70987.0,0.00529,157.5,organic_search,3487762.06,2322276.3
2019-11-02,1251673.78,1011108.33,240565.45,19.22,5,1,11,306,15412.0,12610.0,61693.0,0.00506,273.3,referral,3299954.84,2319772.47
2019-11-03,1429798.26,1038587.83,391210.43,27.36,6,1,11,307,16872.0,12686.0,57144.0,0.00561,191.2,organic_search,3110796.2,2305225.49
2019-11-04,1262571.36,995581.04,266990.32,21.15,0,0,11,308,16316.0,12784.0,53263.0,0.00391,236.3,paid_search,2641259.37,2283610.42
2019-11-05,1612667.27,1321321.71,291345.56,18.07,1,0,11,309,18603.0,13193.0,87384.0,0.00356,106.2,paid_search,2275408.27,2257784.68
2019-11-06,1293265.9,977612.75,315653.15,24.41,2,0,11,310,16846.0,12017.0,54649.0,0.00336,146.9,social_media,1887138.78,2234250.69
2019-11-07,1946539.7,1520179.67,426360.03,21.9,3,0,11,311,17897.0,13725.0,62005.0,0.00564,247.4,organic_search,1607698.43,2250104.82
2019-11-08,1109713.24,903061.67,206651.57,18.62,4,0,11,312,15016.0,11357.0,81893.0,0.0034,287.6,social_media,1415175.64,2240505.61
2019-11-09,2311380.72,1875909.56,435471.16,18.84,5,1,11,313,17759.0,13193.0,58639.0,0.00569,212.1,organic_search,1566562.35,2268934.71
2019-11-10,3011648.48,2352435.67,659212.81,21.89,6,1,11,314,16198.0,11722.0,76482.0,0.00341,181.3,paid_search,1792540.95,2301309.34
2019-11-11,2092297.23,1711092.76,381204.47,18.22,0,0,11,315,15632.0,11764.0,78188.0,0.00549,222.8,organic_search,1911073.22,2319133.9
2019-11-12,2105090.82,1720904.41,384186.41,18.25,1,0,11,316,17758.0,12899.0,85445.0,0.00568,181.3,organic_search,1981419.44,2322561.69
2019-11-13,2427345.64,1997625.77,429719.87,17.7,2,0,11,317,16622.0,12057.0,76134.0,0.00515,125.5,email_campaign,2143430.83,2344273.39
2019-11-14,2269908.4,1766713.41,503194.99,22.17,3,0,11,318,18465.0,13954.0,82870.0,0.00492,245.0,social_media,2189626.36,2352640.75
2019-11-15,2141001.63,1662947.41,478054.22,22.33,4,0,11,319,16484.0,11680.0,66649.0,0.00576,198.1,organic_search,2336953.27,2375203.86
2019-11-16,1941582.58,1536690.27,404892.31,20.85,5,1,11,320,14701.0,10502.0,69673.0,0.00541,148.2,paid_search,2284124.97,2394187.99
2019-11-17,2590750.35,2104287.3,486463.05,18.78,6,1,11,321,17634.0,14336.0,90795.0,0.00374,291.5,organic_search,2223996.66,2425425.22
2019-11-18,2099691.1,1835944.86,263746.24,12.56,0,0,11,322,17442.0,13837.0,71670.0,0.00414,313.0,organic_search,2225052.93,2401704.14
2019-11-19,1303736.25,1077699.56,226036.69,17.34,1,0,11,323,14815.0,11638.0,74691.0,0.00494,173.8,referral,2110573.71,2350333.98
2019-11-20,1211508.93,1056017.89,155491.04,12.83,2,0,11,324,18980.0,13952.0,102357.0,0.00408,143.1,referral,1936882.75,2300345.84
2019-11-21,1758120.57,1675422.59,82697.98,4.7,3,0,11,325,15257.0,12502.0,55603.0,0.00518,147.9,direct,1863770.2,2285127.08
2019-11-22,1717259.82,1683212.87,34046.95,1.98,4,0,11,326,17609.0,12533.0,74838.0,0.00473,139.6,email_campaign,1803235.66,2283731.02
2019-11-23,1275541.97,1314745.82,-39203.85,-3.07,5,1,11,327,14811.0,11576.0,65070.0,0.00556,185.5,paid_search,1708087.0,2258819.09
2019-11-24,1513582.11,1601636.32,-88054.21,-5.82,6,1,11,328,17751.0,13674.0,69044.0,0.00548,277.4,organic_search,1554205.82,2203033.69
2019-11-25,1823713.36,1796200.75,27512.61,1.51,0,0,11,329,17758.0,14100.0,57719.0,0.00505,169.9,direct,1514780.43,2178279.99
2019-11-26,1658805.72,1632988.64,25817.08,1.56,1,0,11,330,16661.0,12533.0,78488.0,0.00459,225.3,organic_search,1565504.64,2141776.55
2019-11-27,1673862.79,1730384.96,-56522.17,-3.38,2,0,11,331,17350.0,13306.0,74658.0,0.00332,221.2,referral,1631555.19,2045927.67
2019-11-28,2283224.58,2385990.97,-102766.39,-4.5,3,0,11,332,17918.0,13179.0,94176.0,0.00456,257.7,organic_search,1706570.05,1982914.33
2019-11-29,1727675.92,1763358.52,-35682.6,-2.07,4,0,11,333,17362.0,12161.0,57698.0,0.00441,120.9,social_media,1708058.06,1906798.45
2019-11-30,1706944.78,1590980.52,115964.26,6.79,5,1,11,334,15642.0,11420.0,64710.0,0.00365,295.8,direct,1769687.04,1833609.2
2019-12-01,1570052.1,1541270.84,28781.26,1.83,6,1,12,335,19995.0,16006.0,99403.0,0.00416,206.4,organic_search,1777754.18,1804031.85
2019-12-02,939051.09,913949.28,25101.81,2.67,0,0,12,336,17602.0,13704.0,91031.0,0.00513,191.4,paid_search,1651373.85,1793611.09
2019-12-03,1049432.49,1050128.15,-695.66,-0.07,1,0,12,337,19623.0,15744.0,98361.0,0.00331,273.2,social_media,1564320.54,1780932.23
2019-12-04,808148.29,776278.66,31869.63,3.94,2,0,12,338,15760.0,12799.0,83900.0,0.00537,134.6,organic_search,1440647.04,1765784.79
2019-12-05,584316.21,549261.88,35054.33,6.0,3,0,12,339,17788.0,13672.0,91763.0,0.00385,172.1,referral,1197945.84,1731506.43
2019-12-06,1028672.61,965955.9,62716.71,6.1,4,0,12,340,17654.0,13969.0,66287.0,0.00529,202.3,social_media,1098088.22,1722686.65
2019-12-07,1004670.88,991134.01,13536.87,1.35,5,1,12,341,19994.0,14532.0,85994.0,0.00579,102.6,paid_search,997763.38,1691291.02
2019-12-08,992442.58,1015934.13,-23491.55,-2.37,6,1,12,342,17943.0,13548.0,58328.0,0.00458,275.4,email_campaign,915247.74,1687382.0
2019-12-09,1419175.87,1414450.62,4725.25,0.33,0,0,12,343,18695.0,13953.0,93438.0,0.00573,143.5,referral,983836.99,1657641.84
2019-12-10,902926.09,843652.61,59273.48,6.56,1,0,12,344,21835.0,15963.0,75243.0,0.00533,165.3,paid_search,962907.5,1587351.09
2019-12-11,1013400.28,984737.87,28662.41,2.83,2,0,12,345,17449.0,14297.0,63628.0,0.00337,300.3,paid_search,992229.22,1551387.86
2019-12-12,928048.97,925066.67,2982.3,0.32,3,0,12,346,16323.0,13286.0,67289.0,0.00341,265.9,paid_search,1041333.9,1512153.13
2019-12-13,1377941.74,1350365.69,27576.05,2.0,4,0,12,347,18670.0,13126.0,92613.0,0.0034,274.7,organic_search,1091229.49,1477173.0
2019-12-14,1133983.1,1100467.71,33515.39,2.96,5,1,12,348,18848.0,13682.0,82793.0,0.00395,195.1,social_media,1109702.66,1439308.83
2019-12-15,1178357.1,1177403.13,953.97,0.08,6,1,12,349,19212.0,14987.0,93259.0,0.00573,136.2,social_media,1136261.88,1407220.67
2019-12-16,2441615.29,2435335.9,6279.39,0.26,0,0,12,350,20895.0,15311.0,91106.0,0.00565,219.3,organic_search,1282324.65,1423888.43
2019-12-17,1509802.09,1466889.03,42913.06,2.84,1,0,12,351,18457.0,14943.0,93219.0,0.00561,257.3,organic_search,1369021.22,1387856.82
2019-12-18,1081751.46,1118946.01,-37194.55,-3.44,2,0,12,352,17942.0,12982.0,91808.0,0.00422,216.5,direct,1378785.68,1353925.5
2019-12-19,1755344.65,1729566.17,25778.48,1.47,3,0,12,353,19761.0,14933.0,97788.0,0.00496,302.1,paid_search,1496970.78,1368979.11
2019-12-20,1591897.49,1519651.21,72246.28,4.54,4,0,12,354,18225.0,14257.0,97011.0,0.0034,109.2,direct,1527535.88,1381658.73
2019-12-21,1604411.0,1557139.8,47271.2,2.95,5,1,12,355,19198.0,13494.0,68642.0,0.00337,191.1,social_media,1594739.87,1376535.08
2019-12-22,1998393.15,2053342.91,-54949.76,-2.75,6,1,12,356,19601.0,15485.0,107238.0,0.00525,124.4,referral,1711887.88,1385906.19
2019-12-23,1553261.7,1489890.38,63371.32,4.08,0,0,12,357,20796.0,16515.0,81832.0,0.00455,196.2,organic_search,1584980.22,1395163.52
2019-12-24,1516895.67,1497007.31,19888.36,1.31,1,0,12,358,20496.0,15631.0,78628.0,0.00465,140.7,social_media,1585993.59,1395273.97
2019-12-25,1299670.93,1288364.93,11306.0,0.87,2,0,12,359,18623.0,13537.0,68299.0,0.00545,311.1,paid_search,1617124.94,1377805.89
2019-12-26,962186.25,831064.78,131121.47,13.63,3,0,12,360,18490.0,13914.0,68585.0,0.00458,264.5,organic_search,1503816.6,1354585.24
2019-12-27,2014300.3,2077708.75,-63408.45,-3.15,4,0,12,361,17267.0,14116.0,56100.0,0.00528,294.0,referral,1564159.86,1365933.16
2019-12-28,3502828.06,3565984.26,-63156.2,-1.8,5,1,12,362,20807.0,16864.0,71257.0,0.00506,113.9,paid_search,1835362.29,1406586.6
2019-12-29,3313547.73,3269447.73,44100.0,1.33,6,1,12,363,18470.0,13891.0,87451.0,0.0056,232.7,organic_search,2023241.52,1459449.0
2019-12-30,3576704.95,3493583.35,83121.6,2.32,0,0,12,364,19587.0,15615.0,77129.0,0.00579,313.2,paid_search,2312304.84,1521774.34
2019-12-31,2778326.07,2777906.18,419.89,0.02,1,0,12,365,17631.0,12430.0,69915.0,0.00361,262.6,referral,2492509.18,1562050.14
2020-01-01,1871817.88,1823332.03,48485.85,2.59,2,0,1,1,14183.0,10830.0,59821.0,0.0049,262.0,organic_search,2574244.46,1593142.36
2020-01-02,306693.87,273455.38,33238.49,10.84,3,0,1,2,16808.0,13069.0,56038.0,0.00495,183.7,direct,2480602.69,1568384.41
2020-01-03,766406.86,609099.87,157306.99,20.53,4,0,1,3,14810.0,10936.0,74913.0,0.00564,147.4,organic_search,2302332.2,1566993.03
2020-01-04,888245.03,704147.35,184097.68,20.73,5,1,1,4,16059.0,12341.0,62293.0,0.00466,104.2,paid_search,1928820.34,1577123.99
2020-01-05,1285208.07,1020467.61,264740.46,20.6,6,1,1,5,15361.0,10835.0,53135.0,0.00431,157.2,social_media,1639057.53,1585675.17
2020-01-06,970782.47,779316.08,191466.39,19.72,0,0,1,6,14973.0,10599.0,80579.0,0.00331,237.2,paid_search,1266782.89,1584545.56
2020-01-07,764267.46,602605.56,161661.9,21.15,1,0,1,7,16117.0,11670.0,54952.0,0.00563,157.9,organic_search,979060.23,1576939.72
2020-01-08,1107287.26,894624.14,212663.12,19.21,2,0,1,8,15280.0,11720.0,61929.0,0.00454,273.7,direct,869841.57,1566543.43
2020-01-09,1056334.6,871321.63,185012.97,17.51,3,0,1,9,16062.0,12523.0,52322.0,0.00523,206.7,paid_search,976933.11,1571657.05
2020-01-10,1052535.45,809623.15,242912.3,23.08,4,0,1,10,16265.0,12991.0,82186.0,0.00407,234.0,organic_search,1017808.62,1572961.56
2020-01-11,1482481.4,1217653.88,264827.52,17.86,5,1,1,11,14483.0,10776.0,65105.0,0.00383,198.0,organic_search,1102699.53,1591442.64
2020-01-12,1377373.92,1076992.76,300381.16,21.81,6,1,1,12,14569.0,10490.0,63747.0,0.00545,293.5,email_campaign,1115866.08,1591423.71
2020-01-13,1823598.04,1448101.5,375496.54,20.59,0,0,1,13,15740.0,11719.0,60162.0,0.00378,316.1,paid_search,1237696.88,1614410.87
2020-01-14,1243925.22,978766.56,265158.66,21.32,1,0,1,14,15663.0,12749.0,79142.0,0.00484,173.3,social_media,1306219.41,1616596.48
2020-01-15,1380005.06,1018100.72,361904.34,26.22,2,0,1,15,18706.0,15192.0,99480.0,0.00514,151.2,organic_search,1345179.1,1581209.47
2020-01-16,1030944.9,795470.95,235473.95,22.84,3,0,1,16,15738.0,12305.0,85999.0,0.00463,165.8,organic_search,1341552.0,1565247.56
2020-01-17,1830660.94,1431085.31,399575.63,21.83,4,0,1,17,15987.0,11481.0,62173.0,0.00433,283.6,email_campaign,1452712.78,1590211.21
2020-01-18,1766837.19,1324243.87,442593.32,25.05,5,1,1,18,15401.0,11821.0,49765.0,0.00331,235.1,organic_search,1493335.04,1590594.3
2020-01-19,1524971.65,1235381.65,289590.0,18.99,6,1,1,19,16878.0,13764.0,60169.0,0.00389,297.2,referral,1514420.43,1588363.44
2020-01-20,1754063.39,1357099.14,396964.25,22.63,0,0,1,20,13852.0,11183.0,58603.0,0.00382,158.9,organic_search,1504486.91,1593351.85
2020-01-21,1339757.99,1058996.46,280761.53,20.96,1,0,1,21,17442.0,13197.0,56199.0,0.00463,229.4,social_media,1518177.3,1571397.34
2020-01-22,1519425.6,1259362.61,260062.99,17.12,2,0,1,22,16279.0,12193.0,73513.0,0.0044,183.9,social_media,1538094.52,1570269.47
2020-01-23,1004242.27,765471.69,238770.58,23.78,3,0,1,23,13978.0,10732.0,60429.0,0.00445,146.8,organic_search,1534279.86,1553181.03
2020-01-24,1704378.2,1375285.81,329092.39,19.31,4,0,1,24,13647.0,11168.0,70273.0,0.00432,225.5,organic_search,1516239.47,1566671.27
2020-01-25,1822074.98,1406914.83,415160.15,22.79,5,1,1,25,12842.0,9859.0,55792.0,0.00565,162.2,email_campaign,1524130.58,1595334.23
2020-01-26,2456410.62,1973809.59,482601.03,19.65,6,1,1,26,16293.0,12595.0,71297.0,0.00414,296.9,referral,1657193.29,1610071.24
2020-01-27,3063079.4,2398030.81,665048.59,21.71,0,0,1,27,15354.0,12334.0,70501.0,0.00517,195.5,paid_search,1844195.58,1595412.95
2020-01-28,2756106.46,2116903.62,639202.84,23.19,1,0,1,28,15279.0,12244.0,72585.0,0.00408,226.2,referral,2046531.08,1576831.57
2020-01-29,2649423.01,2056424.25,592998.76,22.38,2,0,1,29,15896.0,12685.0,64117.0,0.00423,161.4,direct,2207959.28,1545922.18
2020-01-30,2487204.75,2078176.85,409027.9,16.45,3,0,1,30,15257.0,12504.0,53575.0,0.00519,298.7,email_campaign,2419811.06,1536218.13
2020-01-31,1641713.06,1229647.19,412065.87,25.1,4,0,1,31,16198.0,13199.0,53495.0,0.00531,190.2,referral,2410858.9,1528547.97
2020-02-01,1463943.76,1142123.1,321820.66,21.98,5,1,2,32,22962.0,16893.0,99895.0,0.00515,167.3,organic_search,2359697.29,1567122.97
2020-02-02,1093114.88,845764.23,247350.65,22.63,6,1,2,33,20865.0,14896.0,68465.0,0.00572,106.7,paid_search,2164940.76,1578013.23
2020-02-03,1316072.4,1043180.49,272891.91,20.74,0,0,2,34,23887.0,18397.0,121862.0,0.00526,288.3,organic_search,1915368.33,1592274.15
2020-02-04,1029616.88,806175.81,223441.07,21.7,1,0,2,35,24648.0,18028.0,94634.0,0.00437,296.5,paid_search,1668726.96,1583754.44
2020-02-05,1584431.42,1282491.8,301939.62,19.06,2,0,2,36,22633.0,17914.0,73734.0,0.0049,184.8,organic_search,1516585.31,1604209.41
2020-02-06,1426441.72,1176781.21,249660.51,17.5,3,0,2,37,20899.0,16979.0,103321.0,0.00423,164.3,paid_search,1365047.73,1626281.88
2020-02-07,1459386.86,1149577.39,309809.47,21.23,4,0,2,38,22577.0,16793.0,76631.0,0.00394,267.7,direct,1339001.13,1638018.53
2020-02-08,2184212.09,1826022.53,358189.56,16.4,5,1,2,39,19524.0,15196.0,101952.0,0.00394,184.6,paid_search,1441896.61,1675614.45
2020-02-09,2055783.58,1523755.95,532027.63,25.88,6,1,2,40,23566.0,16662.0,79695.0,0.00513,248.9,organic_search,1579420.71,1709056.05
2020-02-10,2291998.17,1847054.74,444943.43,19.41,0,0,2,41,23762.0,16895.0,88113.0,0.0038,186.0,organic_search,1718838.67,1736039.95
2020-02-11,1213349.37,971610.69,241738.68,19.92,1,0,2,42,21057.0,15893.0,70561.0,0.00469,150.4,organic_search,1745086.17,1730572.46
2020-02-12,1321005.73,1096334.73,224671.0,17.01,2,0,2,43,22053.0,17470.0,91247.0,0.00495,313.3,organic_search,1707453.93,1713819.39
2020-02-13,1581431.75,1352362.12,229069.63,14.48,3,0,2,44,23540.0,16928.0,95846.0,0.00402,212.9,referral,1729595.36,1725069.6
2020-02-14,2037539.68,1651978.34,385561.34,18.92,4,0,2,45,19576.0,14700.0,71906.0,0.00557,225.6,paid_search,1812188.62,1746987.42
2020-02-15,2021731.66,1579252.08,442479.58,21.89,5,1,2,46,23915.0,18996.0,123972.0,0.00335,177.7,email_campaign,1788977.13,1780013.65
2020-02-16,2850540.94,2254151.72,596389.22,20.92,6,1,2,47,23340.0,16388.0,118409.0,0.00555,204.3,direct,1902513.9,1814009.65
2020-02-17,3027388.85,2358428.94,668959.91,22.1,0,0,2,48,19557.0,13818.0,95153.0,0.00406,305.9,referral,2007569.71,1856028.04
2020-02-18,1906269.53,1488503.07,417766.46,21.92,1,0,2,49,23688.0,19373.0,121108.0,0.00558,202.3,paid_search,2106558.31,1868737.97
2020-02-19,2587869.93,2040282.29,547587.64,21.16,2,0,2,50,21506.0,15170.0,105681.0,0.0055,185.1,paid_search,2287538.91,1896531.52
2020-02-20,2179252.94,1655887.69,523365.25,24.02,3,0,2,51,22647.0,16715.0,120782.0,0.00445,316.8,social_media,2372941.93,1924514.68
2020-02-21,1875282.27,1484938.15,390344.12,20.82,4,0,2,52,21432.0,16694.0,88624.0,0.00532,130.6,email_campaign,2349762.3,1936376.57
2020-02-22,2816611.42,2298912.93,517698.49,18.38,5,1,2,53,24980.0,18996.0,110375.0,0.00486,222.0,social_media,2463316.55,1996788.88
2020-02-23,3660447.62,2943311.48,717136.14,19.59,6,1,2,54,21963.0,16277.0,115618.0,0.00544,255.5,social_media,2579017.51,2061991.19
2020-02-24,4913668.98,3894010.08,1019658.9,20.75,0,0,2,55,24177.0,18165.0,91019.0,0.00532,233.1,paid_search,2848486.1,2165044.32
2020-02-25,3883383.17,3094926.07,788457.1,20.3,1,0,2,56,20953.0,16499.0,105764.0,0.00351,185.8,email_campaign,3130930.9,2212610.08
2020-02-26,3776016.2,3155920.72,620095.48,16.42,2,0,2,57,22835.0,18087.0,77810.0,0.00496,285.3,social_media,3300666.09,2236374.64
2020-02-27,2799802.2,2267130.6,532671.6,19.03,3,0,2,58,21063.0,16238.0,67946.0,0.00521,313.2,social_media,3389315.98,2237831.16
2020-02-28,1651589.28,1198881.14,452708.14,27.41,4,0,2,59,20116.0,15109.0,93423.0,0.00541,197.2,direct,3357359.84,2204570.04
2020-02-29,440505.08,389641.44,50863.64,11.55,5,1,2,60,20524.0,15914.0,100329.0,0.00451,264.0,email_campaign,3017916.08,2136346.71
2020-03-01,574193.42,436323.03,137870.39,24.01,6,1,3,61,36014.0,29488.0,146247.0,0.00375,132.7,email_campaign,2577022.62,2100762.73
2020-03-02,723891.53,597321.16,126570.37,17.48,0,0,3,62,30765.0,24633.0,99703.0,0.00512,278.5,social_media,1978482.98,2076094.32
2020-03-03,943222.71,762767.07,180455.64,19.13,1,0,3,63,34111.0,24045.0,136681.0,0.00469,192.6,email_campaign,1558460.06,2071097.91
2020-03-04,1909614.63,1505586.81,404027.82,21.16,2,0,3,64,30135.0,23498.0,131222.0,0.00349,229.6,organic_search,1291831.26,2090882.65
2020-03-05,2333220.72,1843371.65,489849.07,20.99,3,0,3,65,31540.0,24232.0,142833.0,0.0048,292.1,direct,1225176.77,2134336.12
2020-03-06,1511362.89,1171921.71,339441.18,22.46,4,0,3,66,30909.0,23375.0,129691.0,0.00423,149.7,email_campaign,1205144.43,2131900.5
2020-03-07,1871812.61,1532326.46,339486.15,18.14,5,1,3,67,29059.0,20692.0,159126.0,0.00535,125.3,referral,1409616.93,2146746.19
2020-03-08,2407053.63,1849597.49,557456.14,23.16,6,1,3,68,35044.0,24718.0,166817.0,0.00561,183.1,paid_search,1671454.1,2178335.09
2020-03-09,2614688.4,2090705.98,523982.42,20.04,0,0,3,69,29433.0,22867.0,103715.0,0.00395,268.6,organic_search,1941567.94,2192684.3
2020-03-10,2160515.74,1668007.68,492508.06,22.8,1,0,3,70,27971.0,20293.0,135928.0,0.00525,133.6,direct,2115466.95,2196175.37
2020-03-11,3433278.78,2692451.6,740827.18,21.58,2,0,3,71,35255.0,24851.0,118816.0,0.00555,168.1,paid_search,2333133.25,2234218.06
2020-03-12,4588363.52,3791750.44,796613.08,17.36,3,0,3,72,35504.0,25961.0,146780.0,0.00526,136.1,organic_search,2655296.51,2346718.53
2020-03-13,3021810.51,2369481.88,652328.63,21.59,4,0,3,73,29460.0,21021.0,136446.0,0.00563,273.6,organic_search,2871074.74,2403412.02
2020-03-14,2973651.06,2401421.48,572229.58,19.24,5,1,3,74,35810.0,29278.0,172678.0,0.00469,248.5,organic_search,3028480.23,2449819.33
2020-03-15,3221293.98,2639677.91,581616.07,18.06,6,1,3,75,33227.0,25808.0,175710.0,0.00545,166.9,paid_search,3144800.28,2489277.81
2020-03-16,3825962.41,3158330.02,667632.39,17.45,0,0,3,76,30813.0,23661.0,127284.0,0.00375,102.6,email_campaign,3317839.43,2549418.83
2020-03-17,3337087.52,2593918.94,743168.58,22.27,1,0,3,77,27849.0,19600.0,141749.0,0.00535,210.9,organic_search,3485921.11,2565637.05
2020-03-18,4361415.01,3636509.4,724905.61,16.62,2,0,3,78,36760.0,29877.0,197335.0,0.00432,111.0,referral,3618512.0,2610104.59
2020-03-19,4192556.63,3408251.62,784305.01,18.71,3,0,3,79,28411.0,21646.0,120110.0,0.00386,317.6,referral,3561968.16,2686314.16
2020-03-20,4714923.6,4026187.52,688736.08,14.61,4,0,3,80,31181.0,23354.0,159941.0,0.00477,285.3,direct,3803841.46,2757215.95
2020-03-21,3786624.27,3364585.08,422039.19,11.15,5,1,3,81,36509.0,28725.0,155361.0,0.00546,253.3,organic_search,3919980.49,2810794.99
2020-03-22,3660217.49,3308325.46,351892.03,9.61,6,1,3,82,30641.0,24575.0,107852.0,0.00387,298.8,organic_search,3982683.85,2870292.83
2020-03-23,4599846.79,4217636.5,382210.29,8.31,0,0,3,83,30524.0,24293.0,144878.0,0.00515,142.6,referral,4093238.76,2929734.01
2020-03-24,3777061.29,3491500.34,285560.95,7.56,1,0,3,84,37460.0,28572.0,181911.0,0.00384,184.5,paid_search,4156092.15,2933621.14
2020-03-25,5473119.8,4913905.47,559214.33,10.22,2,0,3,85,30774.0,23044.0,99989.0,0.00419,165.9,email_campaign,4314907.12,2952269.5
2020-03-26,4976074.87,4486016.71,490058.16,9.85,3,0,3,86,32870.0,23721.0,177471.0,0.00399,271.3,paid_search,4426838.3,2988692.55
2020-03-27,5292649.55,4770553.08,522096.47,9.86,4,0,3,87,31899.0,23483.0,172870.0,0.00329,178.3,organic_search,4509370.58,3039247.0
2020-03-28,4107108.15,3626441.43,480666.72,11.7,5,1,3,88,35000.0,26800.0,161378.0,0.00491,167.7,organic_search,4555153.99,3082823.86
2020-03-29,4853424.1,4204693.19,648730.91,13.37,6,1,3,89,29090.0,21411.0,93775.0,0.00381,187.4,social_media,4725612.08,3189551.69
2020-03-30,8661154.35,7724558.44,936595.91,10.81,0,0,3,90,33713.0,25286.0,117283.0,0.00379,307.1,social_media,5305798.87,3463573.33
2020-03-31,7897174.25,7105527.86,791646.39,10.02,1,0,3,91,28802.0,21651.0,93574.0,0.00534,166.1,organic_search,5894386.44,3707672.69
2020-04-01,8755809.46,7957568.75,798240.71,9.12,2,0,4,92,49172.0,39353.0,197352.0,0.00334,268.0,paid_search,6363342.1,3975403.29
2020-04-02,7577709.18,6681340.51,896368.67,11.83,3,0,4,93,45580.0,37275.0,190144.0,0.0037,271.2,social_media,6735004.15,4196552.84
2020-04-03,6784809.88,6004344.42,780465.46,11.5,4,0,4,94,43034.0,32921.0,186089.0,0.0039,195.7,social_media,6948169.91,4359059.35
2020-04-04,2596249.84,2421613.19,174636.65,6.73,5,1,4,95,44615.0,33264.0,158048.0,0.00514,109.0,paid_search,6732333.01,4367826.99
2020-04-05,2270549.35,2115323.24,155226.11,6.84,6,1,4,96,45794.0,33390.0,205475.0,0.00525,192.7,email_campaign,6363350.9,4393133.2
2020-04-06,2174513.69,1986210.77,188302.92,8.66,0,0,4,97,48680.0,39248.0,247194.0,0.00334,136.5,organic_search,5436687.95,4403223.24
2020-04-07,2970609.75,2686271.15,284338.6,9.57,1,0,4,98,40824.0,30012.0,205218.0,0.00348,161.2,referral,4732893.02,4422008.44
2020-04-08,4245321.13,3850661.27,394659.86,9.3,2,0,4,99,45660.0,37027.0,183509.0,0.00526,155.7,direct,4088537.55,4476362.86
2020-04-09,3887991.65,3427172.36,460819.29,11.85,3,0,4,100,40459.0,31759.0,204289.0,0.00377,116.8,organic_search,3561435.04,4533945.4
2020-04-10,3023393.36,2760209.97,263183.39,8.7,4,0,4,101,38738.0,30010.0,136534.0,0.00412,281.7,social_media,3024089.82,4520282.55
2020-04-11,3732689.24,3332780.74,399908.5,10.71,5,1,4,102,43287.0,34063.0,143745.0,0.00482,109.7,paid_search,3186438.31,4491760.07
2020-04-12,2907846.49,2591717.12,316129.37,10.87,6,1,4,103,37270.0,28399.0,139570.0,0.00387,293.6,paid_search,3277480.76,4487961.27
2020-04-13,3947462.22,3605060.08,342402.14,8.67,0,0,4,104,46241.0,37526.0,154891.0,0.00575,269.9,referral,3530759.12,4520421.64
2020-04-14,3808658.46,3373247.72,435410.74,11.43,1,0,4,105,45655.0,32667.0,202854.0,0.00451,193.0,referral,3650480.36,4540000.46
2020-04-15,4628778.3,3891917.12,736861.18,15.92,2,0,4,106,46469.0,34882.0,219857.0,0.00484,173.5,social_media,3705259.96,4566760.99
2020-04-16,4375989.59,3596667.75,779321.84,17.81,3,0,4,107,42897.0,30686.0,223797.0,0.00522,168.1,paid_search,3774973.95,4601391.06
2020-04-17,4558971.27,3709799.59,849171.68,18.63,4,0,4,108,41040.0,30521.0,161118.0,0.00491,194.1,organic_search,3994342.22,4607976.27
2020-04-18,3884483.75,3074401.15,810082.6,20.85,5,1,4,109,48136.0,34468.0,216916.0,0.00376,129.1,direct,4016027.15,4597707.17
2020-04-19,5420905.61,4354985.3,1065920.31,19.66,6,1,4,110,36756.0,27931.0,187408.0,0.00488,112.3,organic_search,4375035.6,4621239.9
2020-04-20,3709374.1,2922517.52,786856.58,21.21,0,0,4,111,46424.0,35176.0,187668.0,0.00564,245.8,referral,4341023.01,4618664.9
2020-04-21,3772726.0,2994859.61,777866.39,20.62,1,0,4,112,38518.0,30134.0,142168.0,0.0057,159.3,social_media,4335889.8,4622415.18
2020-04-22,5657450.97,4439369.34,1218081.63,21.53,2,0,4,113,41307.0,32775.0,200929.0,0.00517,138.4,paid_search,4482843.04,4657668.66
2020-04-23,5173024.12,4119922.93,1053101.19,20.36,3,0,4,114,44106.0,34167.0,170615.0,0.00544,157.7,direct,4596705.12,4704200.75
2020-04-24,3753095.45,2970279.3,782816.15,20.86,4,0,4,115,37916.0,27243.0,145799.0,0.00365,107.6,referral,4481580.0,4646866.6
2020-04-25,3664845.35,2858437.84,806407.51,22.0,5,1,4,116,45937.0,32490.0,245372.0,0.00576,137.1,referral,4450203.09,4603158.95
2020-04-26,4605371.55,3664887.11,940484.44,20.42,6,1,4,117,38854.0,30987.0,129370.0,0.00427,144.5,referral,4333698.22,4580249.69
2020-04-27,5455531.12,4305091.4,1150439.72,21.09,0,0,4,118,48189.0,38503.0,216284.0,0.00445,281.2,organic_search,4583149.22,4625197.12
2020-04-28,5014129.21,3953650.56,1060478.65,21.15,1,0,4,119,41682.0,30068.0,227421.0,0.0038,283.1,paid_search,4760492.54,4630553.96
2020-04-29,10020939.03,8067774.24,1953164.79,19.49,2,0,4,120,39749.0,32484.0,210714.0,0.00519,195.3,email_campaign,5383847.98,4675880.11
2020-04-30,7581421.63,6073119.3,1508302.33,19.89,3,0,4,121,43195.0,33699.0,226414.0,0.00444,296.5,referral,5727904.76,4665355.03
2020-05-01,6232298.35,4980016.59,1252281.76,20.09,4,0,5,122,37248.0,29202.0,154828.0,0.00477,181.5,social_media,6082076.61,4581237.99
2020-05-02,4883269.9,3978529.52,904740.38,18.53,5,1,5,123,44006.0,34850.0,232584.0,0.00386,294.9,social_media,6256137.26,4491423.35
2020-05-03,4614868.43,3622251.36,992617.07,21.51,6,1,5,124,33774.0,27599.0,156949.0,0.00519,303.2,email_campaign,6257493.95,4419091.96
2020-05-04,1696650.37,1285985.68,410664.69,24.2,0,0,5,125,34999.0,25988.0,162964.0,0.00538,233.7,paid_search,5720510.99,4389105.31
2020-05-05,2127409.75,1664266.24,463143.51,21.77,1,0,5,126,46233.0,36589.0,201181.0,0.00392,129.7,social_media,5308122.49,4384333.99
2020-05-06,2719040.36,2101438.95,617601.41,22.71,2,0,5,127,39877.0,32361.0,201329.0,0.00572,257.4,email_campaign,4264994.11,4402484.88
2020-05-07,3735794.57,3081283.21,654511.36,17.52,3,0,5,128,40887.0,31237.0,206054.0,0.00578,203.2,social_media,3715618.82,4427991.04
2020-05-08,3885246.63,3057670.15,827576.48,21.3,4,0,5,129,40215.0,30642.0,151119.0,0.00573,144.6,organic_search,3380325.72,4415988.56
2020-05-09,2045722.89,1564919.31,480803.58,23.5,5,1,5,130,34391.0,26650.0,180223.0,0.00365,281.4,paid_search,2974961.86,4354579.6
2020-05-10,3584812.06,2817308.7,767503.36,21.41,6,1,5,131,34872.0,25181.0,142645.0,0.00332,239.2,paid_search,2827810.95,4373293.56
2020-05-11,2782658.98,2126531.87,656127.11,23.58,0,0,5,132,45289.0,36515.0,227803.0,0.00415,217.3,organic_search,2982955.03,4341625.88
2020-05-12,3333481.33,2554876.05,778605.28,23.36,1,0,5,133,42203.0,32796.0,149231.0,0.00539,263.9,organic_search,3155250.97,4355813.71
2020-05-13,3150929.25,2367805.02,783124.23,24.85,2,0,5,134,42210.0,32669.0,194109.0,0.00331,213.7,organic_search,3216949.39,4329262.61
2020-05-14,4015255.86,3222738.56,792517.3,19.74,3,0,5,135,42689.0,33006.0,174672.0,0.00561,275.0,organic_search,3256872.43,4336149.19
2020-05-15,5094966.3,4205637.32,889328.98,17.46,4,0,5,136,40677.0,32433.0,199382.0,0.00547,105.8,paid_search,3429689.52,4351688.79
2020-05-16,3808061.0,3113947.78,694113.22,18.23,5,1,5,137,41763.0,33618.0,147559.0,0.00398,110.5,social_media,3681452.11,4332757.84
2020-05-17,3532524.59,2826498.79,706025.8,19.99,6,1,5,138,48316.0,36687.0,169311.0,0.0038,183.0,organic_search,3673982.47,4298542.95
2020-05-18,3000875.02,2429735.03,571139.99,19.03,0,0,5,139,39843.0,31462.0,175578.0,0.004,314.3,email_campaign,3705156.19,4269089.33
2020-05-19,3027466.21,2447172.14,580294.07,19.17,1,0,5,140,42163.0,32186.0,169388.0,0.00376,109.0,organic_search,3661439.75,4189308.01
2020-05-20,3689172.21,3019892.02,669280.19,18.14,2,0,5,141,35075.0,28365.0,157795.0,0.00336,122.3,email_campaign,3738331.6,4188634.62
2020-05-21,4498828.44,3647887.78,850940.66,18.91,3,0,5,142,37203.0,26829.0,195525.0,0.0033,195.7,paid_search,3807413.4,4212838.03
2020-05-22,5108046.04,3839020.41,1269025.63,24.84,4,0,5,143,45512.0,34966.0,170596.0,0.00535,196.7,paid_search,3809281.93,4194524.53
2020-05-23,4015420.66,3313265.28,702155.38,17.49,5,1,5,144,43072.0,32884.0,203926.0,0.00343,169.8,email_campaign,3838904.74,4155937.75
2020-05-24,4700650.04,3764671.03,935979.01,19.91,6,1,5,145,36563.0,29881.0,164483.0,0.00404,169.9,social_media,4005779.8,4187522.9
2020-05-25,4378883.27,3340216.53,1038666.74,23.72,0,0,5,146,45355.0,37154.0,224944.0,0.00537,247.7,direct,4202638.12,4211324.17
2020-05-26,3938416.11,3225312.26,713103.85,18.11,1,0,5,147,38796.0,29243.0,125978.0,0.00409,136.1,paid_search,4332773.82,4189092.32
2020-05-27,4400378.84,3586763.01,813615.83,18.49,2,0,5,148,37058.0,26964.0,160786.0,0.00567,106.1,organic_search,4434374.77,4153920.58
2020-05-28,7125254.26,5586999.34,1538254.92,21.59,3,0,5,149,36672.0,27937.0,151505.0,0.00381,140.5,email_campaign,4809578.46,4224291.41
2020-05-29,8058075.78,6156826.89,1901248.89,23.59,4,0,5,150,33780.0,27094.0,176373.0,0.00374,215.2,organic_search,5231011.28,4158862.64
2020-05-30,8571150.17,6917398.63,1653751.54,19.29,5,1,5,151,40115.0,28229.0,185694.0,0.0056,303.8,email_campaign,5881829.78,4191853.59
2020-05-31,7068160.11,5722407.19,1345752.92,19.04,6,1,5,152,42489.0,33872.0,155192.0,0.00469,199.1,referral,6220045.51,4219715.65
2020-06-01,7434640.87,6007912.51,1426728.36,19.19,0,0,6,153,43625.0,34300.0,175784.0,0.00338,282.6,social_media,6656582.31,4304761.35
2020-06-02,3295138.19,2630884.15,664254.04,20.16,1,0,6,154,38550.0,27223.0,207470.0,0.00435,281.9,direct,6564685.46,4260770.34
2020-06-03,3497127.32,2854677.4,642449.92,18.37,2,0,6,155,44126.0,33550.0,167992.0,0.00424,280.8,referral,6435649.53,4320786.24
2020-06-04,2962471.81,2212520.77,749951.04,25.32,3,0,6,156,43162.0,33001.0,179895.0,0.00577,203.5,direct,5840966.32,4348621.64
2020-06-05,2452274.28,2042840.96,409433.32,16.7,4,0,6,157,41289.0,30313.0,212140.0,0.00321,156.7,organic_search,5040137.54,4339729.44
2020-06-06,2258600.23,1840555.75,418044.48,18.51,5,1,6,158,37001.0,28500.0,129323.0,0.00404,306.3,email_campaign,4138344.69,4290489.62
2020-06-07,2693731.83,2065838.19,627893.64,23.31,6,1,6,159,43638.0,31329.0,148158.0,0.00555,139.1,organic_search,3513426.36,4250772.46
2020-06-08,3084455.23,2459766.38,624688.85,20.25,0,0,6,160,45005.0,32086.0,171951.0,0.00577,250.2,email_campaign,2891971.27,4285396.88
2020-06-09,3331413.85,2608681.96,722731.89,21.69,1,0,6,161,42655.0,31413.0,156535.0,0.00369,154.7,email_campaign,2897153.51,4276950.27
2020-06-10,3810023.86,3037801.06,772222.8,20.27,2,0,6,162,44003.0,34775.0,223530.0,0.00334,285.3,paid_search,2941853.01,4311195.77
2020-06-11,4027121.39,3106482.9,920638.49,22.86,3,0,6,163,42916.0,33063.0,167050.0,0.00432,137.9,referral,3093945.81,4334317.1
2020-06-12,2833219.35,2245340.12,587879.23,20.75,4,0,6,164,44428.0,32076.0,201234.0,0.00354,286.2,email_campaign,3148366.53,4323726.77
2020-06-13,2840132.87,2324352.25,515780.62,18.16,5,1,6,165,40898.0,29407.0,172585.0,0.00391,203.8,organic_search,3231442.63,4284556.0
2020-06-14,3797554.63,3078986.36,718568.27,18.92,6,1,6,166,43306.0,35000.0,211437.0,0.00446,258.0,email_campaign,3389131.6,4241308.95
2020-06-15,3921468.12,3112876.56,808591.56,20.62,0,0,6,167,42980.0,32920.0,138712.0,0.00517,310.1,organic_search,3508704.87,4245089.19
2020-06-16,3620819.64,2950472.85,670346.79,18.51,1,0,6,168,35345.0,28859.0,181042.0,0.00441,162.5,organic_search,3550048.55,4248032.35
2020-06-17,4864660.1,3741174.91,1123485.19,23.09,2,0,6,169,36067.0,26295.0,197255.0,0.00529,121.6,organic_search,3700710.87,4310158.52
2020-06-18,4188150.34,3329563.04,858587.3,20.5,3,0,6,170,41392.0,32075.0,180184.0,0.0042,267.4,paid_search,3723715.01,4348847.99
2020-06-19,2960897.79,2329260.25,631637.54,21.33,4,0,6,171,48502.0,38712.0,166918.0,0.00349,169.8,social_media,3741954.78,4324572.18
2020-06-20,2189006.74,1795056.75,393949.99,18.0,5,1,6,172,42409.0,33875.0,208518.0,0.00325,201.1,referral,3648936.77,4247578.12
2020-06-21,3477329.48,2740967.86,736361.62,21.18,6,1,6,173,44397.0,31865.0,205562.0,0.00406,142.0,social_media,3603190.32,4193220.91
2020-06-22,3068801.79,2472668.81,596132.98,19.43,0,0,6,174,43423.0,33381.0,183887.0,0.00452,266.1,direct,3481380.84,4161666.94
2020-06-23,3277142.11,2715748.0,561394.11,17.13,1,0,6,175,46640.0,36915.0,203779.0,0.00438,181.3,email_campaign,3432284.05,4114216.68
2020-06-24,4983800.13,4272479.54,711320.59,14.27,2,0,6,176,43528.0,30569.0,211079.0,0.00483,313.8,social_media,3449304.05,4134380.57
2020-06-25,4480875.32,3949301.47,531573.85,11.86,3,0,6,177,43580.0,34017.0,151493.0,0.00541,149.7,organic_search,3491121.91,4152462.55
2020-06-26,3538964.96,3128909.95,410055.01,11.59,4,0,6,178,40569.0,30872.0,186283.0,0.00556,267.0,organic_search,3573702.93,4123748.75
2020-06-27,2952009.99,2893474.01,58535.98,1.98,5,1,6,179,37310.0,30590.0,182508.0,0.00441,266.2,paid_search,3682703.4,3984640.61
2020-06-28,4033143.22,4037949.63,-4806.41,-0.12,6,1,6,180,39395.0,28416.0,150566.0,0.00483,147.1,social_media,3762105.36,3850476.19
2020-06-29,5223388.62,5021085.51,202303.11,3.87,0,0,6,181,40040.0,29410.0,185068.0,0.00497,247.5,paid_search,4069903.48,3738884.14
2020-06-30,5506677.04,5509880.9,-3203.86,-0.06,1,0,6,182,42180.0,29724.0,170415.0,0.00398,281.4,email_campaign,4388408.47,3686834.7
2020-07-01,4785799.65,4637675.06,148124.59,3.1,2,0,7,183,30595.0,24077.0,99837.0,0.00559,254.7,paid_search,4360122.69,3598540.0
2020-07-02,4866951.38,4707883.99,159067.39,3.27,3,0,7,184,27460.0,21481.0,146044.0,0.00574,269.2,email_campaign,4415276.41,3650933.77
2020-07-03,3696972.88,3771036.88,-74064.0,-2.0,4,0,7,185,30149.0,22578.0,101564.0,0.00454,182.7,paid_search,4437848.97,3657595.29
2020-07-04,706367.78,665027.87,41339.91,5.85,5,1,7,186,36231.0,25655.0,167563.0,0.00358,262.5,email_campaign,4117042.94,3582391.82
2020-07-05,1406074.5,1343687.36,62387.14,4.44,6,1,7,187,32159.0,23960.0,164511.0,0.00485,136.3,paid_search,3741747.41,3547518.49
2020-07-06,2077312.99,1986626.45,90686.54,4.37,0,0,7,188,31155.0,21955.0,120153.0,0.00414,252.2,direct,3292308.03,3541475.59
2020-07-07,2024009.16,2068227.77,-44218.61,-2.18,1,0,7,189,31719.0,22876.0,131244.0,0.00557,239.0,organic_search,2794784.05,3519151.5
2020-07-08,1848400.71,1796794.0,51606.71,2.79,2,0,7,190,34532.0,27716.0,127995.0,0.00355,172.7,email_campaign,2375155.63,3477949.68
2020-07-09,2881762.16,2884926.26,-3164.1,-0.11,3,0,7,191,31532.0,23016.0,144420.0,0.00393,262.3,direct,2091557.17,3462961.29
2020-07-10,2456330.77,2270775.74,185555.03,7.55,4,0,7,192,33515.0,26879.0,138606.0,0.00365,278.2,email_campaign,1914322.58,3417838.19
2020-07-11,2777782.43,2617463.18,160319.25,5.77,5,1,7,193,32050.0,26172.0,133615.0,0.00506,132.5,organic_search,2210238.96,3376193.56
2020-07-12,2353469.99,2352864.85,605.14,0.03,6,1,7,194,27495.0,20220.0,150199.0,0.00339,160.2,direct,2345581.17,3360201.91
2020-07-13,2674159.75,2528820.54,145339.21,5.43,0,0,7,195,35078.0,28181.0,148375.0,0.0047,292.3,email_campaign,2430845.0,3354669.47
2020-07-14,2241406.69,2199143.63,42263.06,1.89,1,0,7,196,32527.0,23555.0,137331.0,0.00323,240.8,paid_search,2461901.79,3302797.87
2020-07-15,2628917.79,2573366.47,55551.32,2.11,2,0,7,197,32171.0,25881.0,161809.0,0.0049,194.8,organic_search,2573404.23,3259712.86
2020-07-16,3496916.1,3417273.9,79642.2,2.28,3,0,7,198,30941.0,22516.0,125983.0,0.00388,237.1,organic_search,2661283.36,3255582.75
2020-07-17,2963494.21,2910103.21,53391.0,1.8,4,0,7,199,33050.0,25526.0,151997.0,0.00457,218.8,organic_search,2733735.28,3192210.55
2020-07-18,2167217.41,2102740.45,64476.96,2.98,5,1,7,200,27761.0,21602.0,151543.0,0.00531,312.3,organic_search,2646511.71,3124846.12
2020-07-19,2598183.41,2439859.2,158324.21,6.09,6,1,7,201,34393.0,26947.0,145541.0,0.00441,180.0,social_media,2681470.77,3112755.64
2020-07-20,2378509.49,2153084.64,225424.85,9.48,0,0,7,202,37632.0,29503.0,155007.0,0.00431,171.8,social_media,2639235.01,3119072.4
2020-07-21,3060145.15,2555988.41,504156.74,16.47,1,0,7,203,35054.0,27530.0,126216.0,0.00451,203.5,organic_search,2756197.65,3105166.25
2020-07-22,3102912.51,2421357.03,681555.48,21.97,2,0,7,204,29644.0,22426.0,125613.0,0.00394,174.0,organic_search,2823911.18,3106303.28
2020-07-23,3882974.91,3066175.92,816798.99,21.04,3,0,7,205,31569.0,25229.0,159907.0,0.00453,290.0,email_campaign,2879062.44,3126497.7
2020-07-24,3897982.79,3118044.81,779937.98,20.01,4,0,7,206,27412.0,21601.0,122794.0,0.00484,281.8,paid_search,3012560.81,3090303.79
2020-07-25,2726776.18,2185291.86,541484.32,19.86,5,1,7,207,31945.0,23339.0,162927.0,0.00578,213.3,direct,3092497.78,3031833.82
2020-07-26,2852671.37,2228931.73,623739.64,21.87,6,1,7,208,34829.0,25520.0,177075.0,0.00422,318.3,referral,3128853.2,3008957.37
2020-07-27,2831486.13,2289596.5,541889.63,19.14,0,0,7,209,35833.0,27052.0,192786.0,0.0032,154.3,email_campaign,3193564.15,3004939.91
2020-07-28,2395619.59,1857411.18,538208.41,22.47,1,0,7,210,34319.0,24787.0,128819.0,0.00412,248.6,email_campaign,3098631.93,2950355.78
2020-07-29,3158908.2,2317187.54,841720.66,26.65,2,0,7,211,26016.0,18447.0,110402.0,0.00555,176.0,organic_search,3106631.31,2881539.77
2020-07-30,4151632.35,3350026.58,801605.77,19.31,3,0,7,212,31271.0,24555.0,159400.0,0.00496,294.7,email_campaign,3145010.94,2836371.61
2020-07-31,5610491.95,4496247.74,1114244.21,19.86,4,0,7,213,31816.0,23266.0,112511.0,0.00494,240.3,email_campaign,3389655.11,2863861.36
2020-08-01,6132541.37,4909626.33,1222915.04,19.94,5,1,8,214,37813.0,28331.0,199410.0,0.00353,197.1,email_campaign,3876192.99,2906047.69
2020-08-02,5345584.67,4186394.94,1159189.73,21.68,6,1,8,215,35863.0,28452.0,153799.0,0.00428,192.4,direct,4232323.47,2961001.42
2020-08-03,4397713.48,3443554.44,954159.04,21.7,0,0,8,216,38720.0,29089.0,177199.0,0.00561,191.2,organic_search,4456070.23,3084046.27
2020-08-04,3298352.62,2591360.98,706991.64,21.43,1,0,8,217,34620.0,26378.0,139818.0,0.00369,307.3,organic_search,4585032.09,3147122.21
2020-08-05,2223462.81,1734678.05,488784.76,21.98,2,0,8,218,36418.0,26253.0,187350.0,0.00364,153.2,email_campaign,4451397.04,3151993.87
2020-08-06,2991469.99,2308279.85,683190.14,22.84,3,0,8,219,35171.0,25902.0,161966.0,0.00395,244.1,organic_search,4285659.56,3184242.57
2020-08-07,3277756.91,2547914.06,729842.85,22.27,4,0,8,220,41155.0,32438.0,133104.0,0.00493,302.0,organic_search,3952411.69,3231887.77
2020-08-08,2449651.51,2088845.7,360805.81,14.73,5,1,8,221,35669.0,27251.0,145029.0,0.00387,172.7,referral,3426284.57,3217484.08
2020-08-09,2935305.67,2352528.07,582777.6,19.85,6,1,8,222,37676.0,26741.0,164147.0,0.00423,122.5,email_campaign,3081959.0,3233449.91
2020-08-10,2914723.92,2318822.04,595901.88,20.44,0,0,8,223,35228.0,25251.0,153470.0,0.00437,241.6,organic_search,2870103.35,3238014.63
2020-08-11,2533038.45,2110648.66,422389.79,16.68,1,0,8,224,37719.0,27782.0,200458.0,0.00395,107.6,paid_search,2760772.75,3244000.25
2020-08-12,4245177.97,3574622.62,670555.35,15.8,2,0,8,225,39180.0,28426.0,215466.0,0.00467,125.5,organic_search,3049589.2,3296367.52
2020-08-13,3438121.83,2662240.38,775881.45,22.57,3,0,8,226,40215.0,29520.0,205003.0,0.00577,279.0,organic_search,3113396.61,3336258.02
2020-08-14,3685522.51,2879232.79,806289.72,21.88,4,0,8,227,35760.0,26734.0,166236.0,0.00351,298.4,organic_search,3171648.84,3371478.18
2020-08-15,2556409.43,2072000.19,484409.24,18.95,5,1,8,228,33356.0,26180.0,178584.0,0.00497,243.4,referral,3186899.97,3340127.96
2020-08-16,2596444.46,2077063.06,519381.4,20.0,6,1,8,229,37006.0,29530.0,157212.0,0.00374,174.3,email_campaign,3138491.22,3327892.97
2020-08-17,3646382.12,2892437.08,753945.04,20.68,0,0,8,230,34854.0,28022.0,118396.0,0.00533,125.2,organic_search,3243013.82,3377198.46
2020-08-18,3240488.83,2493505.46,746983.37,23.05,1,0,8,231,37531.0,28605.0,203174.0,0.00488,187.9,organic_search,3344078.16,3398608.64
2020-08-19,3279887.27,2543910.75,735976.52,22.44,2,0,8,232,34147.0,27810.0,185856.0,0.00561,160.0,paid_search,3206179.49,3428654.56
2020-08-20,3569013.59,2909846.44,659167.15,18.47,3,0,8,233,36424.0,26616.0,182461.0,0.00343,187.4,organic_search,3224878.32,3445616.85
2020-08-21,3939388.46,3133654.06,805734.4,20.45,4,0,8,234,33606.0,25978.0,109747.0,0.00563,279.8,social_media,3261144.88,3473499.38
2020-08-22,2465099.71,2000862.66,464237.05,18.83,5,1,8,235,30963.0,23305.0,154853.0,0.0043,319.1,organic_search,3248100.63,3426236.87
2020-08-23,2832425.22,2280579.88,551845.34,19.48,6,1,8,236,39987.0,31388.0,209083.0,0.00468,164.1,organic_search,3281812.17,3390718.29
2020-08-24,3217603.07,2631929.43,585673.64,18.2,0,0,8,237,33539.0,26264.0,119660.0,0.00515,126.0,email_campaign,3220558.02,3407079.18
2020-08-25,2428315.18,1917538.84,510776.34,21.03,1,0,8,238,32268.0,26443.0,160031.0,0.00527,107.7,email_campaign,3104533.21,3392933.98
2020-08-26,3194953.82,2616197.98,578755.84,18.11,2,0,8,239,35762.0,25302.0,185700.0,0.00493,277.9,email_campaign,3092399.86,3405049.57
2020-08-27,4445347.68,3675387.97,769959.71,17.32,3,0,8,240,38266.0,28828.0,200768.0,0.00446,246.8,organic_search,3217590.45,3473373.84
2020-08-28,7296538.72,5928088.7,1368450.02,18.75,4,0,8,241,38993.0,30032.0,174686.0,0.00351,213.4,paid_search,3697183.34,3611294.85
2020-08-29,7517051.79,6089417.86,1427633.93,18.99,5,1,8,242,36212.0,26931.0,191116.0,0.00391,150.7,paid_search,4418890.78,3723475.5
2020-08-30,8480394.59,6775599.46,1704795.13,20.1,6,1,8,243,36313.0,27199.0,161767.0,0.00433,233.7,referral,5225743.55,3819138.92
2020-08-31,7490849.71,6294569.34,1196280.37,15.97,0,0,8,244,30899.0,23108.0,120249.0,0.00424,280.9,paid_search,5836207.36,3864415.87
2020-09-01,6047477.92,5072223.86,975254.06,16.13,1,0,9,245,25779.0,19525.0,82568.0,0.0035,234.7,referral,6353230.6,3887812.31
2020-09-02,1434923.77,1282633.72,152290.05,10.61,2,0,9,246,25740.0,20239.0,87892.0,0.00528,129.0,email_campaign,6101797.74,3789052.65
2020-09-03,1557705.54,1435356.63,122348.91,7.85,3,0,9,247,21880.0,16243.0,72566.0,0.00573,186.9,social_media,5689277.43,3731031.08
2020-09-04,1425115.38,1249060.77,176054.61,12.35,4,0,9,248,26341.0,18688.0,125151.0,0.0045,284.2,email_campaign,4850502.67,3704419.5
2020-09-05,1581867.47,1449235.72,132631.75,8.38,5,1,9,249,27061.0,21025.0,109833.0,0.00512,174.8,organic_search,4002619.2,3657432.75
2020-09-06,2654105.11,2377874.42,276230.69,10.41,6,1,9,250,27527.0,21630.0,108802.0,0.00365,208.6,email_campaign,3170292.13,3636644.36
2020-09-07,2479133.84,2159138.36,319995.48,12.91,0,0,9,251,24662.0,17883.0,108662.0,0.00407,235.7,organic_search,2454332.72,3637627.1
2020-09-08,2542645.13,2183405.0,359240.13,14.13,1,0,9,252,22647.0,18442.0,121854.0,0.00525,303.4,paid_search,1953642.32,3624538.42
2020-09-09,1979410.07,1799215.01,180195.06,9.1,2,0,9,253,23534.0,16840.0,84994.0,0.00448,196.9,paid_search,2031426.08,3593361.29
2020-09-10,3146008.14,2761931.92,384076.22,12.21,3,0,9,254,24599.0,17738.0,105977.0,0.00474,124.4,social_media,2258326.45,3613793.61
2020-09-11,1990335.39,1821328.74,169006.65,8.49,4,0,9,255,25825.0,19056.0,95585.0,0.00394,218.6,email_campaign,2339072.16,3538632.19
2020-09-12,2806228.3,2605429.08,200799.22,7.16,5,1,9,256,25785.0,19681.0,123384.0,0.00538,186.2,paid_search,2513980.85,3517569.07
2020-09-13,2240095.92,1957201.32,282894.6,12.63,6,1,9,257,21475.0,15123.0,95840.0,0.00365,146.1,referral,2454836.68,3469388.19
2020-09-14,2832905.03,2603630.98,229274.05,8.09,0,0,9,258,28528.0,21280.0,108347.0,0.00389,148.8,email_campaign,2505375.43,3478604.71
2020-09-15,2914536.51,2476205.19,438331.32,15.04,1,0,9,259,30267.0,22450.0,113275.0,0.00372,303.0,social_media,2558502.77,3489207.78
2020-09-16,1994638.41,1821831.75,172806.66,8.66,2,0,9,260,26144.0,19196.0,86584.0,0.00557,203.7,paid_search,2560678.24,3434149.65
2020-09-17,1827659.24,1626961.14,200698.1,10.98,3,0,9,261,27837.0,19900.0,114571.0,0.00454,135.7,referral,2372342.69,3387055.33
2020-09-18,2600220.08,2233677.06,366543.02,14.1,4,0,9,262,21105.0,15784.0,100383.0,0.00425,265.4,email_campaign,2459469.07,3364399.76
2020-09-19,1806587.98,1582702.76,223885.22,12.39,5,1,9,263,23948.0,17545.0,83188.0,0.00416,181.4,organic_search,2316663.31,3305652.24
2020-09-20,2334885.81,2132834.58,202051.23,8.65,6,1,9,264,29247.0,22547.0,115136.0,0.00377,152.3,social_media,2330204.72,3252168.82
2020-09-21,3082015.84,2723671.97,358343.87,11.63,0,0,9,265,29246.0,22025.0,136066.0,0.00353,242.2,paid_search,2365791.98,3272732.69
2020-09-22,2827707.7,2426080.5,401627.2,14.2,1,0,9,266,27835.0,20293.0,106244.0,0.00409,245.6,paid_search,2353387.87,3272575.44
2020-09-23,2254030.17,2095482.45,158547.72,7.03,2,0,9,267,28929.0,21337.0,145147.0,0.00541,308.1,organic_search,2390443.83,3240456.34
2020-09-24,2021614.99,1879290.21,142324.78,7.04,3,0,9,268,22265.0,17768.0,114577.0,0.00411,155.1,paid_search,2418151.8,3226899.67
2020-09-25,2587034.31,2341681.4,245352.91,9.48,4,0,9,269,30621.0,24702.0,109054.0,0.00553,302.6,paid_search,2416268.11,3206635.68
2020-09-26,2219447.23,2025784.18,193663.05,8.73,5,1,9,270,25054.0,18036.0,118576.0,0.00549,177.9,referral,2475248.01,3132439.0
2020-09-27,3907778.93,3495826.9,411952.03,10.54,6,1,9,271,29837.0,23097.0,142121.0,0.00533,315.7,organic_search,2699947.02,3019480.34
2020-09-28,4681424.38,4163962.01,517462.37,11.05,0,0,9,272,28965.0,22114.0,125634.0,0.00361,311.1,email_campaign,2928433.96,2924959.43
2020-09-29,3862957.51,3418321.41,444636.1,11.51,1,0,9,273,27997.0,19870.0,137528.0,0.0048,188.6,social_media,3076326.79,2771044.86
2020-09-30,3185317.6,2835582.57,349735.03,10.98,2,0,9,274,23089.0,16405.0,113390.0,0.00371,307.9,email_campaign,3209367.85,2627527.12
2020-10-01,2053948.94,1801442.13,252506.81,12.29,3,0,10,275,21266.0,16930.0,76549.0,0.0054,227.6,email_campaign,3213986.99,2494409.49
2020-10-02,844947.12,672777.16,172169.96,20.38,4,0,10,276,18119.0,14852.0,77416.0,0.00406,156.7,organic_search,2965117.39,2474743.6
2020-10-03,1819620.17,1400911.62,418708.55,23.01,5,1,10,277,20645.0,14636.0,67383.0,0.00513,214.8,paid_search,2907999.24,2483474.09
2020-10-04,1305849.84,1031248.84,274601.0,21.03,6,1,10,278,19416.0,14262.0,73170.0,0.00533,195.8,organic_search,2536295.08,2479498.57
2020-10-05,1476045.28,1106750.78,369294.5,25.02,0,0,10,279,24911.0,19722.0,131231.0,0.00403,246.0,email_campaign,2078383.78,2475971.17
2020-10-06,2225510.95,1785750.97,439759.98,19.76,1,0,10,280,23347.0,19051.0,99243.0,0.00576,213.7,paid_search,1844462.84,2461684.69
2020-10-07,2084609.48,1633404.7,451204.78,21.64,2,0,10,281,21132.0,15554.0,84375.0,0.00367,284.1,organic_search,1687218.83,2448533.88
2020-10-08,1798621.9,1415449.28,383172.62,21.3,3,0,10,282,20037.0,16325.0,64298.0,0.00432,287.7,email_campaign,1650743.53,2423733.11
2020-10-09,1682037.65,1404182.57,277855.08,16.52,4,0,10,283,22199.0,17432.0,101056.0,0.00555,316.3,paid_search,1770327.9,2413820.69
2020-10-10,2023437.43,1582185.76,441251.67,21.81,5,1,10,284,20615.0,15266.0,103142.0,0.00534,101.8,organic_search,1799444.65,2376401.67
2020-10-11,1446988.51,1177371.98,269616.53,18.63,6,1,10,285,20115.0,14199.0,93659.0,0.00448,275.5,paid_search,1819607.31,2358290.11
2020-10-12,1856496.7,1470316.91,386179.79,20.8,0,0,10,286,20896.0,16465.0,72670.0,0.00525,289.6,referral,1873957.52,2326632.39
2020-10-13,3071390.97,2435896.58,635494.39,20.69,1,0,10,287,20981.0,16932.0,82348.0,0.00361,302.7,organic_search,1994797.52,2354342.22
2020-10-14,2627129.58,2030216.9,596912.68,22.72,2,0,10,288,21476.0,16150.0,80061.0,0.0035,209.4,referral,2072300.39,2347483.04
2020-10-15,1826480.99,1499468.55,327012.44,17.9,3,0,10,289,20834.0,16576.0,105217.0,0.00326,201.8,organic_search,2076280.26,2311214.52
2020-10-16,2213689.11,1814772.4,398916.71,18.02,4,0,10,290,21601.0,16609.0,104505.0,0.00443,145.1,paid_search,2152230.47,2318516.21
2020-10-17,2024181.52,1623856.95,400324.57,19.78,5,1,10,291,21266.0,15812.0,71380.0,0.00514,149.1,paid_search,2152336.77,2325066.96
2020-10-18,2416150.55,2000897.4,415253.15,17.19,6,1,10,292,20371.0,16113.0,78229.0,0.00534,180.7,paid_search,2290788.49,2318931.3
2020-10-19,1798941.77,1455468.16,343473.61,19.09,0,0,10,293,19438.0,15597.0,66703.0,0.00516,152.5,organic_search,2282566.36,2318676.43
2020-10-20,2361849.87,1800189.76,561660.11,23.78,1,0,10,294,19028.0,15363.0,64480.0,0.00571,285.2,paid_search,2181203.34,2319575.23
2020-10-21,2168284.88,1762213.02,406071.86,18.73,2,0,10,295,23461.0,18428.0,125439.0,0.00371,185.7,referral,2115654.1,2289117.53
2020-10-22,2384359.77,1939167.59,445192.18,18.67,3,0,10,296,19036.0,14034.0,92719.0,0.00461,145.3,email_campaign,2195351.07,2274339.27
2020-10-23,1313373.58,984874.54,328499.04,25.01,4,0,10,297,22434.0,17640.0,111878.0,0.00441,180.6,paid_search,2066734.56,2242984.05
2020-10-24,2435210.66,1935814.16,499396.5,20.51,5,1,10,298,22947.0,18684.0,96280.0,0.00343,287.6,social_media,2125453.01,2256770.57
2020-10-25,2045855.5,1595051.09,450804.41,22.04,6,1,10,299,19591.0,14128.0,93877.0,0.00564,255.7,organic_search,2072553.72,2238731.28
2020-10-26,2383306.02,1881515.76,501790.26,21.05,0,0,10,300,21875.0,17852.0,75409.0,0.00374,251.9,social_media,2156034.33,2244193.24
2020-10-27,3242319.66,2668015.76,574303.9,17.71,1,0,10,301,22036.0,16781.0,78948.0,0.00509,181.9,paid_search,2281815.72,2222011.26
2020-10-28,4138715.4,3246854.44,891860.96,21.55,2,0,10,302,20859.0,15866.0,66974.0,0.00575,178.3,social_media,2563305.8,2203920.96
2020-10-29,3361148.04,2777298.73,583849.31,17.37,3,0,10,303,21829.0,16036.0,95302.0,0.00432,144.5,organic_search,2702846.98,2187193.98
2020-10-30,2606337.42,2045887.36,560450.06,21.5,4,0,10,304,22356.0,17201.0,94204.0,0.00408,182.9,email_campaign,2887556.1,2167894.64
2020-10-31,3099623.67,2419274.6,680349.07,21.95,5,1,10,305,23949.0,18930.0,111408.0,0.00482,300.9,paid_search,2982472.24,2202750.47
2020-11-01,2000351.9,1651707.88,348644.02,17.43,6,1,11,306,18245.0,12972.0,61204.0,0.00405,261.0,paid_search,2975971.73,2241263.96
2020-11-02,1609265.54,1276568.22,332697.32,20.67,0,0,11,307,19551.0,14750.0,64224.0,0.00324,183.2,social_media,2865394.52,2234252.14
2020-11-03,1148970.3,951051.1,197919.2,17.23,1,0,11,308,17361.0,12559.0,82603.0,0.00566,212.2,referral,2566344.61,2229022.82
2020-11-04,1475675.48,1140886.92,334788.56,22.69,2,0,11,309,16277.0,12255.0,56661.0,0.00418,293.4,email_campaign,2185910.34,2229010.49
2020-11-05,1340308.97,1063954.02,276354.95,20.62,3,0,11,310,15813.0,12731.0,64934.0,0.00566,108.1,organic_search,1897219.04,2199503.76
2020-11-06,717152.89,537123.9,180028.99,25.1,4,0,11,311,16918.0,12621.0,85878.0,0.00412,316.2,paid_search,1627335.54,2153921.87
2020-11-07,1261006.58,1012158.51,248848.07,19.73,5,1,11,312,17082.0,12711.0,79468.0,0.00569,233.5,referral,1364675.95,2136001.36
2020-11-08,1462906.75,1152752.12,310154.63,21.2,6,1,11,313,18445.0,13486.0,81091.0,0.00527,190.7,paid_search,1287898.07,2128697.0
2020-11-09,1841341.67,1500031.86,341309.81,18.54,0,0,11,314,17701.0,12953.0,76286.0,0.00418,118.0,paid_search,1321051.81,2122627.14
2020-11-10,1423817.05,1131446.53,292370.52,20.53,1,0,11,315,19293.0,13687.0,77336.0,0.00477,315.5,paid_search,1360315.63,2121854.76
2020-11-11,1850484.56,1510899.02,339585.54,18.35,2,0,11,316,18790.0,14166.0,76190.0,0.00338,296.6,email_campaign,1413859.78,2121654.36
2020-11-12,1742209.81,1490266.12,251943.69,14.46,3,0,11,317,17856.0,12841.0,86498.0,0.00527,174.6,referral,1471274.19,2077348.32
2020-11-13,1874908.56,1475799.13,399109.43,21.29,4,0,11,318,17396.0,12776.0,77474.0,0.00556,279.4,email_campaign,1636667.85,2052274.28
2020-11-14,1505407.33,1170919.18,334488.15,22.22,5,1,11,319,17694.0,12793.0,72612.0,0.00576,243.0,direct,1671582.25,2041571.83
2020-11-15,1822943.34,1452200.16,370743.18,20.34,6,1,11,320,14260.0,10406.0,61122.0,0.00412,188.5,organic_search,1723016.05,2028546.97
2020-11-16,1677772.33,1289405.39,388366.94,23.15,0,0,11,321,18092.0,14243.0,97390.0,0.00504,296.1,email_campaign,1699649.0,2017000.0
2020-11-17,1698265.63,1375791.27,322474.36,18.99,1,0,11,322,16039.0,12068.0,67477.0,0.00563,128.4,organic_search,1738855.94,1993070.5
2020-11-18,1708292.62,1460231.18,248061.44,14.52,2,0,11,323,16491.0,11715.0,73039.0,0.00524,213.6,organic_search,1718542.8,1990048.86
2020-11-19,1389140.38,1147069.41,242070.97,17.43,3,0,11,324,16250.0,13117.0,59654.0,0.00577,283.0,paid_search,1668104.31,1957625.21
2020-11-20,1761075.99,1653768.63,107307.36,6.09,4,0,11,325,17855.0,13458.0,79186.0,0.0043,176.8,organic_search,1651842.52,1944051.58
2020-11-21,1277317.49,1191035.2,86282.29,6.75,5,1,11,326,17079.0,12036.0,83706.0,0.00347,295.2,social_media,1619258.25,1907150.17
2020-11-22,1402812.95,1422457.39,-19644.44,-1.4,6,1,11,327,16764.0,12087.0,75792.0,0.00542,254.4,paid_search,1559239.63,1910131.48
2020-11-23,1254495.47,1331674.56,-77179.09,-6.15,0,0,11,328,15370.0,11896.0,81227.0,0.00418,126.5,organic_search,1498771.5,1870774.31
2020-11-24,1234768.03,1251831.61,-17063.58,-1.38,1,0,11,329,18796.0,13402.0,84515.0,0.00393,141.6,paid_search,1432557.56,1843738.06
2020-11-25,1016787.85,1011073.66,5714.19,0.56,2,0,11,330,15420.0,10841.0,54787.0,0.00336,134.0,organic_search,1333771.17,1798187.46
2020-11-26,1003033.14,1066907.31,-63874.17,-6.37,3,0,11,331,16733.0,13329.0,79614.0,0.00552,213.0,organic_search,1278612.99,1723544.57
2020-11-27,2064673.72,2076697.24,-12023.52,-0.58,4,0,11,332,17323.0,13271.0,92052.0,0.00399,254.4,organic_search,1321984.09,1654409.85
2020-11-28,2102733.52,2118368.35,-15634.83,-0.74,5,1,11,333,18543.0,13712.0,71710.0,0.00329,285.2,organic_search,1439900.67,1612462.7
2020-11-29,1696662.48,1642786.66,53875.82,3.18,6,1,11,334,18159.0,14657.0,98612.0,0.00482,100.2,email_campaign,1481879.17,1582140.2
2020-11-30,1376299.12,1423882.94,-47583.82,-3.46,0,0,11,335,17824.0,13249.0,69923.0,0.00565,139.2,organic_search,1499279.69,1524696.05
2020-12-01,1160032.88,1083886.83,76146.05,6.56,1,0,12,336,19647.0,14036.0,101454.0,0.00425,101.6,organic_search,1488603.24,1496685.41
2020-12-02,370653.23,366277.85,4375.38,1.18,2,0,12,337,20023.0,16101.0,69321.0,0.00466,296.8,organic_search,1396298.3,1455398.34
2020-12-03,528608.48,509665.44,18943.04,3.58,3,0,12,338,20422.0,15573.0,85659.0,0.0054,254.5,paid_search,1328523.35,1434719.61
2020-12-04,645703.05,632473.93,13229.12,2.05,4,0,12,339,16123.0,12162.0,75877.0,0.00414,150.9,social_media,1125813.25,1407053.86
2020-12-05,653591.96,700683.81,-47091.85,-7.21,5,1,12,340,19449.0,13722.0,102800.0,0.00559,305.9,organic_search,918793.03,1384163.3
2020-12-06,755648.75,731905.7,23743.05,3.14,6,1,12,341,19233.0,15083.0,87799.0,0.00345,265.8,paid_search,784362.5,1385446.49
2020-12-07,832522.38,856716.78,-24194.4,-2.91,0,0,12,342,17942.0,14544.0,75482.0,0.00385,124.6,social_media,706680.1,1371163.68
2020-12-08,1297656.34,1226584.15,71072.19,5.48,1,0,12,343,18946.0,14954.0,83991.0,0.00348,139.4,email_campaign,726340.6,1365655.34
2020-12-09,1154833.63,1135523.17,19310.46,1.67,2,0,12,344,19732.0,14464.0,64921.0,0.00403,124.6,organic_search,838366.37,1342771.74
2020-12-10,696601.42,694712.49,1888.93,0.27,3,0,12,345,16485.0,13246.0,64712.0,0.00346,260.4,paid_search,862365.36,1318531.21
2020-12-11,708701.4,714731.83,-6030.43,-0.85,4,0,12,346,16188.0,11995.0,58965.0,0.00344,198.6,organic_search,871365.13,1280471.78
2020-12-12,1122552.93,1114505.97,8046.96,0.72,5,1,12,347,16777.0,13540.0,71386.0,0.00418,156.0,paid_search,938359.55,1259816.55
2020-12-13,937152.62,894184.44,42968.18,4.58,6,1,12,348,16467.0,12133.0,58632.0,0.0048,194.7,paid_search,964288.67,1228558.02
2020-12-14,1601200.69,1536265.51,64935.18,4.06,0,0,12,349,19160.0,14625.0,69801.0,0.00428,314.9,paid_search,1074099.86,1231751.13
2020-12-15,1355809.66,1345601.61,10208.05,0.75,1,0,12,350,20367.0,15824.0,98777.0,0.00494,315.9,organic_search,1082407.48,1216180.0
2020-12-16,1368150.26,1378715.06,-10564.8,-0.77,2,0,12,351,19278.0,15286.0,93923.0,0.00503,110.3,paid_search,1112881.28,1205859.27
2020-12-17,1104685.57,1105268.19,-582.62,-0.05,3,0,12,352,19854.0,14704.0,70559.0,0.00324,294.3,referral,1171179.02,1186073.27
2020-12-18,1251306.12,1173503.24,77802.88,6.22,4,0,12,353,20218.0,14273.0,75635.0,0.00519,307.7,organic_search,1248693.98,1170840.38
2020-12-19,1648432.09,1604918.15,43513.94,2.64,5,1,12,354,20038.0,15556.0,91258.0,0.00409,259.5,paid_search,1323819.57,1179483.44
2020-12-20,1777867.4,1748875.07,28992.33,1.63,6,1,12,355,20214.0,16185.0,71596.0,0.00474,258.1,paid_search,1443921.68,1180043.15
2020-12-21,2040125.86,2025685.77,14440.09,0.71,0,0,12,356,18862.0,15018.0,79432.0,0.0046,168.1,referral,1506625.28,1205470.1
2020-12-22,2050706.5,1957791.36,92915.14,4.53,1,0,12,357,18707.0,13230.0,83873.0,0.00368,292.1,social_media,1605896.26,1227066.55
2020-12-23,1964805.24,2036033.68,-71228.44,-3.63,2,0,12,358,19179.0,14954.0,95061.0,0.00569,292.5,email_campaign,1691132.68,1250743.54
2020-12-24,1223063.47,1196024.1,27039.37,2.21,3,0,12,359,20374.0,15600.0,88847.0,0.00486,159.9,paid_search,1708043.81,1250353.39
2020-12-25,1200258.49,1181002.97,19255.52,1.6,4,0,12,360,19207.0,14605.0,70159.0,0.00343,250.6,paid_search,1700751.29,1256469.08
2020-12-26,1099988.0,1121806.33,-21818.33,-1.98,5,1,12,361,19934.0,15114.0,93736.0,0.0053,170.4,email_campaign,1622402.14,1259700.91
2020-12-27,1517374.4,1548752.98,-31378.58,-2.07,6,1,12,362,22306.0,16526.0,92481.0,0.00346,281.6,organic_search,1585188.85,1241457.6
2020-12-28,3627797.75,3660309.96,-32512.21,-0.9,0,0,12,363,18063.0,14637.0,96451.0,0.00526,293.1,social_media,1811999.12,1292293.07
2020-12-29,2940732.69,2915164.04,25568.65,0.87,1,0,12,364,21080.0,15731.0,90633.0,0.0035,136.0,organic_search,1939145.72,1333762.08
2020-12-30,2881135.64,2881761.18,-625.54,-0.02,2,0,12,365,20533.0,16778.0,69320.0,0.00328,280.3,organic_search,2070050.06,1383923.3
2020-12-31,2153864.87,2157011.11,-3146.24,-0.15,3,0,12,366,17767.0,13361.0,93445.0,0.00519,109.3,email_campaign,2203021.69,1417051.03
2021-01-01,1553431.51,1547553.58,5877.93,0.38,4,0,1,1,14570.0,11040.0,49430.0,0.00361,132.6,referral,2253474.98,1456476.97
2021-01-02,378420.41,311258.46,67161.95,17.75,5,1,1,2,13267.0,10265.0,60079.0,0.00422,125.3,paid_search,2150393.9,1451470.7
2021-01-03,677894.56,516308.19,161586.37,23.84,6,1,1,3,14741.0,11620.0,73963.0,0.00578,179.8,paid_search,2030468.2,1452543.75
2021-01-04,819877.04,631242.67,188634.37,23.01,0,0,1,4,14929.0,10471.0,52523.0,0.00473,171.1,social_media,1629336.67,1458086.59
2021-01-05,1174326.91,961163.6,213163.31,18.15,1,0,1,5,16138.0,12708.0,53744.0,0.00485,306.4,email_campaign,1376992.99,1472042.53
2021-01-06,1114251.05,906466.26,207784.79,18.65,2,0,1,6,16334.0,12369.0,83419.0,0.00445,227.4,referral,1124580.91,1481433.48
2021-01-07,837846.02,690390.14,147455.88,17.6,3,0,1,7,16711.0,11962.0,91756.0,0.00402,210.0,paid_search,936578.21,1466106.47
2021-01-08,1023293.14,849565.94,173727.2,16.98,4,0,1,8,16364.0,13392.0,62434.0,0.00433,234.0,organic_search,860844.16,1461721.79
2021-01-09,853729.27,699954.28,153774.99,18.01,5,1,1,9,16343.0,11944.0,64540.0,0.00532,307.6,social_media,928745.43,1466959.39
2021-01-10,1180728.66,984866.85,195861.81,16.59,6,1,1,10,13484.0,9896.0,58053.0,0.00391,206.6,social_media,1000578.87,1482693.63
2021-01-11,1515387.6,1201417.37,313970.23,20.72,0,0,1,11,16493.0,11978.0,55382.0,0.00448,314.0,email_campaign,1099937.52,1495788.12
2021-01-12,1062807.64,869052.09,193755.55,18.23,1,0,1,12,15881.0,11461.0,69707.0,0.00466,319.8,paid_search,1084006.2,1499976.62
2021-01-13,1070756.5,856031.34,214725.16,20.05,2,0,1,13,15076.0,10739.0,53234.0,0.00479,182.6,referral,1077792.69,1482295.14
2021-01-14,764427.24,629061.31,135365.93,17.71,3,0,1,14,16537.0,11936.0,53246.0,0.00442,215.2,social_media,1067304.29,1462582.4
2021-01-15,977003.78,779003.57,198000.21,20.27,4,0,1,15,15763.0,11957.0,60315.0,0.0046,247.6,direct,1060691.53,1449544.18
2021-01-16,1185774.61,916210.38,269564.23,22.73,5,1,1,16,15667.0,11566.0,78596.0,0.00529,286.5,direct,1108126.58,1452247.15
2021-01-17,1224098.2,966990.57,257107.63,21.0,6,1,1,17,16227.0,13003.0,67057.0,0.00531,293.8,social_media,1114322.22,1451340.22
2021-01-18,2502006.18,1916159.06,585847.12,23.42,0,0,1,18,15948.0,11290.0,59449.0,0.0058,159.4,organic_search,1255267.74,1479792.69
2021-01-19,2011018.39,1652010.17,359008.22,17.85,1,0,1,19,16117.0,12572.0,68303.0,0.00439,228.1,referral,1390726.41,1487564.39
2021-01-20,1595354.2,1216527.62,378826.58,23.75,2,0,1,20,15543.0,11545.0,69867.0,0.0039,191.7,paid_search,1465668.94,1472738.67
2021-01-21,1698207.91,1250048.47,448159.44,26.39,3,0,1,21,15673.0,11090.0,61671.0,0.00406,236.5,social_media,1599066.18,1460988.71
2021-01-22,1620041.5,1267935.48,352106.02,21.73,4,0,1,22,16747.0,12024.0,55374.0,0.00472,303.9,organic_search,1690928.71,1449496.59
2021-01-23,1744298.27,1412867.08,331431.19,19.0,5,1,1,23,16160.0,12050.0,61099.0,0.00539,235.4,social_media,1770717.81,1466871.08
2021-01-24,1862707.42,1491339.57,371367.85,19.94,6,1,1,24,15728.0,11746.0,57187.0,0.00329,284.5,organic_search,1861947.7,1488952.71
2021-01-25,2346216.5,1913189.53,433026.97,18.46,0,0,1,25,17059.0,12064.0,85576.0,0.00542,317.7,organic_search,1839692.03,1530493.66
2021-01-26,2993616.58,2282478.29,711138.29,23.76,1,0,1,26,16118.0,12581.0,57820.0,0.00352,147.1,paid_search,1980063.2,1579701.73
2021-01-27,2258351.94,1690062.59,568289.35,25.16,2,0,1,27,17898.0,14011.0,68989.0,0.00544,249.6,organic_search,2074777.16,1534053.54
2021-01-28,2405871.45,1845885.39,559986.06,23.28,3,0,1,28,14112.0,9931.0,72021.0,0.00489,213.6,direct,2175871.95,1516224.83
2021-01-29,2246568.53,1778946.6,467621.93,20.81,4,0,1,29,15601.0,11768.0,66036.0,0.00469,239.3,referral,2265375.81,1495072.6
2021-01-30,2167603.39,1754979.72,412623.67,19.04,5,1,1,30,16213.0,12103.0,85859.0,0.00557,251.5,paid_search,2325847.97,1495530.55
2021-01-31,1607178.02,1317474.79,289703.23,18.03,6,1,1,31,14307.0,10979.0,54842.0,0.00343,126.3,paid_search,2289343.77,1497322.1
2021-02-01,1551374.11,1281321.59,270052.52,17.41,0,0,2,32,24811.0,19041.0,121401.0,0.00348,190.4,social_media,2175794.86,1536420.55
2021-02-02,958876.9,764858.08,194018.82,20.23,1,0,2,33,25619.0,18057.0,116068.0,0.00568,238.1,organic_search,1885117.76,1545786.63
2021-02-03,1095535.11,933310.92,162224.19,14.81,2,0,2,34,24601.0,19055.0,96562.0,0.00434,190.5,organic_search,1719001.07,1554975.23
2021-02-04,1345207.17,1009834.12,335373.05,24.93,3,0,2,35,24393.0,17316.0,85004.0,0.00511,305.8,organic_search,1567477.6,1560671.24
2021-02-05,1749418.05,1399602.15,349815.9,20.0,4,0,2,36,23162.0,16799.0,89702.0,0.00469,152.2,social_media,1496456.11,1581843.48
2021-02-06,1240787.91,940727.48,300060.43,24.18,5,1,2,37,28524.0,20728.0,141994.0,0.00441,302.9,organic_search,1364053.9,1595274.87
2021-02-07,1814367.53,1394396.68,419970.85,23.15,6,1,2,38,25884.0,19478.0,129366.0,0.00353,109.9,direct,1393652.4,1621644.02
2021-02-08,1325809.68,1131072.08,194737.6,14.69,0,0,2,39,22937.0,17347.0,83607.0,0.00412,302.6,referral,1361428.91,1637380.03
2021-02-09,1448124.96,1194857.77,253267.19,17.49,1,0,2,40,22393.0,18180.0,108739.0,0.00352,212.8,referral,1431321.49,1646293.24
2021-02-10,1851743.73,1575581.32,276162.41,14.91,2,0,2,41,21106.0,16559.0,98582.0,0.00484,191.8,organic_search,1539351.29,1657505.11
2021-02-11,1689417.95,1396084.38,293333.57,17.36,3,0,2,42,23164.0,18564.0,120219.0,0.00466,128.2,organic_search,1588524.26,1678392.12
2021-02-12,1983824.96,1679342.84,304482.12,15.35,4,0,2,43,20050.0,15090.0,103675.0,0.00458,242.3,referral,1622010.96,1708827.74
2021-02-13,1986462.63,1556559.62,429903.01,21.64,5,1,2,44,20675.0,16310.0,86780.0,0.00384,293.6,organic_search,1728535.92,1749562.25
2021-02-14,2942830.48,2472928.79,469901.69,15.97,6,1,2,45,19107.0,14102.0,97327.0,0.00506,260.8,paid_search,1889744.91,1815089.81
2021-02-15,3142099.08,2531323.24,610775.84,19.44,0,0,2,46,21007.0,16081.0,68470.0,0.0035,225.4,direct,2149214.83,1880300.62
2021-02-16,1874868.49,1645455.89,229412.6,12.24,1,0,2,47,24988.0,18787.0,98983.0,0.00456,306.7,social_media,2210178.19,1901992.97
2021-02-17,2468895.03,1948858.13,520036.9,21.06,2,0,2,48,27259.0,21684.0,107385.0,0.00556,115.0,social_media,2298342.66,1900889.26
2021-02-18,1729200.62,1374282.0,354918.62,20.53,3,0,2,49,23888.0,19308.0,121845.0,0.00517,298.3,email_campaign,2304025.9,1891495.34
2021-02-19,2485137.46,1894234.27,590903.19,23.78,4,0,2,50,20136.0,15365.0,97088.0,0.00359,223.4,organic_search,2375641.97,1921154.78
2021-02-20,2510521.11,1978226.96,532294.15,21.2,5,1,2,51,22514.0,16093.0,81093.0,0.00339,211.0,referral,2450507.47,1948231.89
2021-02-21,2673937.37,2158355.9,515581.47,19.28,6,1,2,52,24929.0,19918.0,113473.0,0.00542,236.0,email_campaign,2412094.17,1983361.75
2021-02-22,3295922.4,2680528.93,615393.47,18.67,0,0,2,53,21488.0,16743.0,88253.0,0.00469,240.4,social_media,2434068.93,2035082.55
2021-02-23,4952064.84,3886168.63,1065896.21,21.52,1,0,2,54,23227.0,17758.0,110633.0,0.00438,108.4,direct,2873668.4,2138061.13
2021-02-24,2880648.13,2377495.5,503152.63,17.47,2,0,2,55,24814.0,18311.0,109543.0,0.0052,314.6,email_campaign,2932490.28,2155875.52
2021-02-25,5675843.97,4598510.35,1077333.62,18.98,3,0,2,56,25641.0,19004.0,117903.0,0.00441,264.5,social_media,3496296.47,2245283.1
2021-02-26,3813868.44,3118356.14,695512.3,18.24,4,0,2,57,20529.0,16603.0,85164.0,0.00369,203.7,paid_search,3686115.18,2297133.65
2021-02-27,3241854.71,2733660.27,508194.44,15.68,5,1,2,58,22079.0,15987.0,117948.0,0.0057,317.3,paid_search,3790591.41,2324999.76
2021-02-28,2348995.75,1901704.24,447291.51,19.04,6,1,2,59,26771.0,19046.0,121825.0,0.00433,227.0,organic_search,3744171.18,2328414.0
2021-03-01,1942260.67,1595206.21,347054.46,17.87,0,0,3,60,30058.0,23636.0,139274.0,0.00377,126.6,email_campaign,3550790.93,2320902.58
2021-03-02,679248.37,536287.19,142961.18,21.05,1,0,3,61,34281.0,27865.0,150636.0,0.00511,194.1,organic_search,2940388.58,2289971.59
2021-03-03,1202803.22,982110.07,220693.15,18.35,2,0,3,62,37125.0,27617.0,174633.0,0.00415,299.1,organic_search,2700696.45,2278352.56
2021-03-04,2188811.67,1718125.54,470686.13,21.5,3,0,3,63,34850.0,24960.0,180481.0,0.00534,218.7,organic_search,2202548.98,2319350.38
2021-03-05,1350969.16,1101818.84,249150.32,18.44,4,0,3,64,34458.0,27269.0,136717.0,0.00504,316.3,organic_search,1850706.22,2327864.85
2021-03-06,1702498.76,1385168.73,317330.03,18.64,5,1,3,65,33670.0,27371.0,133076.0,0.00449,177.2,email_campaign,1630798.23,2339774.57
2021-03-07,2475099.15,2022240.35,452858.8,18.3,6,1,3,66,36948.0,28600.0,157069.0,0.00565,225.9,social_media,1648813.0,2363963.94
2021-03-08,2765984.78,2054703.58,711281.2,25.72,0,0,3,67,35780.0,27855.0,140464.0,0.00349,178.3,referral,1766487.87,2414803.84
2021-03-09,2910840.37,2318282.64,592557.73,20.36,1,0,3,68,31141.0,22131.0,156070.0,0.00526,294.3,social_media,2085286.73,2451352.93
2021-03-10,2793536.43,2183321.72,610214.71,21.84,2,0,3,69,37934.0,26752.0,195688.0,0.00398,276.9,social_media,2312534.33,2500277.16
2021-03-11,4291688.17,3434300.04,857388.13,19.98,3,0,3,70,34349.0,26011.0,168223.0,0.00457,186.7,direct,2612945.26,2595062.6
2021-03-12,4134860.06,3361961.81,772898.25,18.69,4,0,3,71,32364.0,23561.0,105747.0,0.00346,169.7,social_media,3010643.96,2671166.47
2021-03-13,2417371.88,1968099.73,449272.15,18.59,5,1,3,72,31175.0,24629.0,112065.0,0.00406,307.3,direct,3112768.69,2695431.61
2021-03-14,2889680.59,2334076.0,555604.59,19.23,6,1,3,73,30999.0,25273.0,114789.0,0.00547,116.3,paid_search,3171994.61,2725626.79
2021-03-15,3654509.31,2866925.36,787583.95,21.55,0,0,3,74,31562.0,23684.0,161584.0,0.00392,170.8,paid_search,3298926.69,2781228.35
2021-03-16,4008350.11,3320217.27,688132.84,17.17,1,0,3,75,30694.0,24351.0,159810.0,0.00459,213.6,social_media,3455713.79,2816745.67
2021-03-17,4400411.89,3480694.63,919717.26,20.9,2,0,3,76,31897.0,25392.0,170214.0,0.00481,318.6,organic_search,3685267.43,2858689.43
2021-03-18,5516765.31,4537155.51,979609.8,17.76,3,0,3,77,35408.0,28839.0,182242.0,0.00579,124.5,organic_search,3860278.45,2980085.99
2021-03-19,3614457.51,2975958.79,638498.72,17.67,4,0,3,78,34760.0,28067.0,120473.0,0.00385,261.3,email_campaign,3785935.23,3018271.41
2021-03-20,3232018.55,2766387.35,465631.2,14.41,5,1,3,79,31417.0,24295.0,126393.0,0.00464,310.7,email_campaign,3902313.32,3068365.34
2021-03-21,2822145.24,2475231.8,346913.44,12.29,6,1,3,80,34445.0,26647.0,124002.0,0.00406,269.6,social_media,3892665.42,3079598.93
2021-03-22,3923103.49,3698730.81,224372.68,5.72,0,0,3,81,33491.0,26683.0,121744.0,0.00439,103.1,direct,3931036.01,3126685.01
2021-03-23,4222620.69,3768846.71,453773.98,10.75,1,0,3,82,28368.0,20831.0,105036.0,0.00451,101.6,paid_search,3961646.1,3178307.79
2021-03-24,4003647.57,3639438.17,364209.4,9.1,2,0,3,83,28378.0,21514.0,109227.0,0.00399,278.7,organic_search,3904965.48,3201898.63
2021-03-25,4847687.37,4322456.49,525230.88,10.83,3,0,3,84,36949.0,28753.0,161932.0,0.0058,167.8,paid_search,3809382.92,3198419.38
2021-03-26,4034615.27,3623284.41,411330.86,10.2,4,0,3,85,31567.0,22349.0,122036.0,0.00566,302.5,referral,3869405.45,3236884.95
2021-03-27,3612774.77,3405524.2,207250.57,5.74,5,1,3,86,32631.0,23595.0,147924.0,0.00472,192.1,direct,3923799.2,3168115.98
2021-03-28,3528929.89,3193051.24,335878.65,9.52,6,1,3,87,30890.0,23435.0,161355.0,0.00435,310.2,organic_search,4024768.44,3158618.02
2021-03-29,4090090.6,3735223.94,354866.66,8.68,0,0,3,88,34658.0,26535.0,185511.0,0.00415,299.9,paid_search,4048623.74,3186892.55
2021-03-30,10795905.35,9875208.04,920697.31,8.53,1,0,3,89,27851.0,21589.0,134872.0,0.00472,193.7,organic_search,4987664.4,3468456.21
2021-03-31,9220320.43,8547874.84,672445.59,7.29,2,0,3,90,30899.0,22549.0,126799.0,0.00356,218.2,direct,5732903.38,3711058.2
2021-04-01,9027075.84,8225391.38,801684.46,8.88,3,0,4,91,41841.0,33400.0,158113.0,0.00403,102.2,direct,6329958.88,3989319.11
2021-04-02,7866035.23,7228630.89,637404.34,8.1,4,0,4,92,44123.0,31584.0,214010.0,0.00524,161.5,direct,6877304.59,4211426.85
2021-04-03,7594752.42,7064149.71,530602.71,6.99,5,1,4,93,41643.0,30558.0,161901.0,0.00477,166.6,organic_search,7446158.54,4391624.87
2021-04-04,1720555.46,1597615.49,122939.97,7.15,6,1,4,94,39805.0,28128.0,200899.0,0.00365,196.2,social_media,7187819.33,4403944.42
2021-04-05,2665962.66,2489752.36,176210.3,6.61,0,0,4,95,47943.0,35534.0,209958.0,0.00383,290.8,paid_search,6984372.48,4436059.88
2021-04-06,2627509.32,2395678.58,231830.74,8.82,1,0,4,96,44337.0,34814.0,229084.0,0.00406,121.4,referral,5817458.77,4441140.22
2021-04-07,3504391.02,3200078.0,304313.02,8.68,2,0,4,97,42648.0,32357.0,157589.0,0.00389,167.3,organic_search,5000897.42,4465753.76
2021-04-08,3026850.22,2768519.33,258330.89,8.53,3,0,4,98,46956.0,35299.0,239902.0,0.0052,298.8,email_campaign,4143722.33,4469620.76
2021-04-09,3110153.27,2714930.73,395222.54,12.71,4,0,4,99,45568.0,33443.0,193914.0,0.00416,223.0,social_media,3464310.62,4480174.65
2021-04-10,2505766.01,2142941.81,362824.2,14.48,5,1,4,100,42541.0,34382.0,205786.0,0.00336,124.6,organic_search,2737312.57,4420643.91
2021-04-11,2755337.37,2528446.54,226890.83,8.23,6,1,4,101,43154.0,32111.0,138797.0,0.00477,123.6,organic_search,2885138.55,4374659.82
2021-04-12,3206411.87,3006280.88,200130.99,6.24,0,0,4,102,47621.0,35359.0,182817.0,0.00406,136.3,paid_search,2962345.58,4400961.15
2021-04-13,3231903.43,2897501.76,334401.67,10.35,1,0,4,103,43787.0,33075.0,237704.0,0.00397,108.1,email_campaign,3048687.6,4412368.58
2021-04-14,5218947.03,4826353.96,392593.07,7.52,2,0,4,104,41868.0,33201.0,218893.0,0.00531,246.5,organic_search,3293624.17,4464516.51
2021-04-15,4270735.63,3783812.65,486922.98,11.4,3,0,4,105,46066.0,36105.0,162617.0,0.00469,310.4,organic_search,3471322.09,4473262.69
2021-04-16,3735241.12,3308841.35,426399.77,11.42,4,0,4,106,43728.0,33236.0,155174.0,0.00322,152.8,paid_search,3560620.35,4451090.33
2021-04-17,3800876.52,3259298.49,541578.03,14.25,5,1,4,107,47170.0,34731.0,171205.0,0.00534,115.7,paid_search,3745636.14,4393894.04
2021-04-18,4448113.81,3495208.68,952905.13,21.42,6,1,4,108,42920.0,32739.0,155375.0,0.00324,144.0,paid_search,3987461.34,4421682.58
2021-04-19,3468512.12,2925337.15,543174.97,15.66,0,0,4,109,48473.0,38183.0,183223.0,0.00336,259.3,organic_search,4024904.24,4429565.7
2021-04-20,4030055.78,3186833.6,843222.18,20.92,1,0,4,110,42582.0,31626.0,150485.0,0.0038,111.5,organic_search,4138926.0,4469829.39
2021-04-21,5244905.44,4141247.89,1103657.55,21.04,2,0,4,111,37415.0,28122.0,137412.0,0.00492,313.6,email_campaign,4142634.35,4513889.45
2021-04-22,4635126.49,3691630.05,943496.44,20.36,3,0,4,112,44828.0,33107.0,221933.0,0.00485,194.4,referral,4194690.18,4527639.64
2021-04-23,2503702.41,1966755.8,536946.61,21.45,4,0,4,113,41069.0,30398.0,194843.0,0.00376,281.1,organic_search,4018756.08,4477641.47
2021-04-24,3966260.92,3199689.13,766571.79,19.33,5,1,4,114,45034.0,36788.0,211215.0,0.00511,115.6,referral,4042382.42,4448260.59
2021-04-25,4545990.29,3630097.75,915892.54,20.15,6,1,4,115,50274.0,40430.0,254833.0,0.00382,185.6,paid_search,4056364.78,4465306.42
2021-04-26,4718077.11,3814996.18,903080.93,19.14,0,0,4,116,40077.0,31568.0,164581.0,0.0055,191.9,referral,4234874.06,4502149.84
2021-04-27,5303542.87,4355535.28,948007.59,17.87,1,0,4,117,43799.0,31642.0,206019.0,0.00544,289.7,email_campaign,4416800.79,4561303.6
2021-04-28,5606431.49,4335482.99,1270948.5,22.67,2,0,4,118,47571.0,33983.0,212630.0,0.00415,135.5,organic_search,4468447.37,4611848.3
2021-04-29,9535515.05,7714922.63,1820592.42,19.09,3,0,4,119,46907.0,33983.0,162107.0,0.00467,211.1,social_media,5168502.88,4569835.29
2021-04-30,6962149.33,5622679.65,1339469.68,19.24,4,0,4,120,50714.0,40411.0,194628.0,0.0044,296.5,organic_search,5805423.87,4494562.92
2021-05-01,6555221.49,5276005.92,1279215.57,19.51,5,1,5,121,38587.0,27949.0,180978.0,0.00444,209.5,organic_search,6175275.38,4412167.77
2021-05-02,5301495.07,4383106.98,918388.09,17.32,6,1,5,122,39941.0,31361.0,128241.0,0.00499,251.8,referral,6283204.63,4326683.1
2021-05-03,3778243.02,3051862.47,726380.55,19.23,0,0,5,123,47936.0,36124.0,207575.0,0.00339,204.0,organic_search,6148942.62,4199466.12
2021-05-04,1930133.97,1605646.92,324487.05,16.81,1,0,5,124,40128.0,32736.0,172741.0,0.00381,234.2,social_media,5667027.06,4206452.07
2021-05-05,2491751.76,1992920.65,498831.11,20.02,2,0,5,125,42121.0,33188.0,224669.0,0.00355,310.3,referral,5222072.81,4200645.04
2021-05-06,3090364.98,2462408.5,627956.48,20.32,3,0,5,126,38251.0,30338.0,146607.0,0.00576,271.6,direct,4301337.09,4216073.56
2021-05-07,3099539.75,2583097.98,516441.77,16.66,4,0,5,127,40597.0,32930.0,186760.0,0.00446,218.7,referral,3749535.72,4202578.52
2021-05-08,2448108.31,2024581.03,423527.28,17.3,5,1,5,128,42180.0,30797.0,202495.0,0.00353,127.5,organic_search,3162805.27,4183287.12
2021-05-09,3801718.87,3192875.3,608843.57,16.01,6,1,5,129,47574.0,36687.0,221606.0,0.00548,269.9,paid_search,2948551.52,4206339.31
2021-05-10,3546216.71,2807669.46,738547.25,20.83,0,0,5,130,40689.0,28723.0,146918.0,0.00462,297.6,referral,2915404.91,4241021.0
2021-05-11,3323078.36,2752138.51,570939.85,17.18,1,0,5,131,41632.0,30068.0,216979.0,0.0048,212.8,direct,3114396.96,4259945.7
2021-05-12,4782841.68,3847828.01,935013.67,19.55,2,0,5,132,40035.0,31679.0,173943.0,0.00577,209.6,social_media,3441695.52,4312493.36
2021-05-13,5666923.8,4709813.19,957110.61,16.89,3,0,5,133,44172.0,33131.0,145415.0,0.00399,314.8,direct,3809775.35,4393660.71
2021-05-14,5250104.11,4258778.21,991325.9,18.88,4,0,5,134,41669.0,29288.0,220903.0,0.00351,102.1,social_media,4116998.83,4394699.28
2021-05-15,3858160.76,3146686.62,711474.14,18.44,5,1,5,135,44877.0,32359.0,163408.0,0.00347,280.4,paid_search,4318434.9,4380946.78
2021-05-16,3981359.06,3199505.04,781854.02,19.64,6,1,5,136,46038.0,32930.0,178309.0,0.00408,182.2,direct,4344097.78,4389150.71
2021-05-17,4684806.7,3826508.17,858298.53,18.32,0,0,5,137,40445.0,29227.0,133550.0,0.00383,152.7,social_media,4506753.5,4418615.05
2021-05-18,3549112.31,2889339.05,659773.26,18.59,1,0,5,138,40506.0,32133.0,144075.0,0.00576,222.9,organic_search,4539044.06,4388648.33
2021-05-19,4795038.58,3840346.57,954692.01,19.91,2,0,5,139,40499.0,31915.0,191765.0,0.00425,142.8,organic_search,4540786.47,4432865.88
2021-05-20,5057797.75,4088691.43,969106.32,19.16,3,0,5,140,48008.0,34549.0,234218.0,0.00347,203.3,organic_search,4453768.47,4467123.95
2021-05-21,5434543.62,4271132.76,1163410.86,21.41,4,0,5,141,40494.0,30867.0,207787.0,0.00544,279.2,email_campaign,4480116.97,4473445.22
2021-05-22,4310539.38,3526722.84,783816.54,18.18,5,1,5,142,36963.0,28930.0,152131.0,0.0052,171.9,referral,4544742.49,4462625.65
2021-05-23,3846392.54,3086892.89,759499.65,19.75,6,1,5,143,45854.0,34982.0,172164.0,0.00495,239.7,referral,4525461.55,4507381.99
2021-05-24,3987573.28,3177252.48,810320.8,20.32,0,0,5,144,44500.0,33428.0,223584.0,0.00502,217.5,organic_search,4425856.78,4508092.4
2021-05-25,3822459.48,3142554.15,679905.33,17.79,1,0,5,145,40082.0,28264.0,149247.0,0.00543,127.9,referral,4464906.38,4483974.71
2021-05-26,4915453.17,4056932.97,858520.2,17.47,2,0,5,146,45774.0,37206.0,211861.0,0.00394,281.4,organic_search,4482108.46,4490553.91
2021-05-27,7320510.07,6048379.93,1272130.14,17.38,3,0,5,147,35745.0,28000.0,177423.0,0.00476,133.8,organic_search,4805353.08,4557786.15
2021-05-28,6925957.27,5561587.62,1364369.65,19.7,4,0,5,148,41259.0,31125.0,152716.0,0.00514,177.9,email_campaign,5018412.17,4601770.34
2021-05-29,4630943.52,3787091.31,843852.21,18.22,5,1,5,149,30460.0,22820.0,165532.0,0.00538,233.5,paid_search,5064184.19,4438284.62
2021-05-30,8887935.6,7274840.31,1613095.29,18.15,6,1,5,150,36841.0,26242.0,147220.0,0.00458,164.0,email_campaign,5784404.63,4502477.5
2021-05-31,7996369.9,6466327.4,1530042.5,19.13,0,0,5,151,44156.0,33751.0,169380.0,0.005,219.6,organic_search,6357089.86,4550515.78
2021-06-01,7479521.04,6141761.22,1337759.82,17.89,1,0,6,152,40847.0,32094.0,213982.0,0.00449,220.1,organic_search,6879527.22,4623116.64
2021-06-02,6960798.21,5572082.02,1388716.19,19.95,2,0,6,153,42831.0,31013.0,182212.0,0.00467,265.3,social_media,7171719.37,4729201.82
2021-06-03,6367799.03,5139667.32,1228131.71,19.29,3,0,6,154,48600.0,38637.0,184769.0,0.00478,317.2,organic_search,7035617.8,4877123.99
2021-06-04,2524112.16,2097669.41,426442.75,16.89,4,0,6,155,44701.0,32417.0,226819.0,0.00366,162.1,organic_search,6406782.78,4878202.67
2021-06-05,2884765.01,2262050.61,622714.4,21.59,5,1,6,156,46818.0,37746.0,238843.0,0.00404,162.2,email_campaign,6157328.71,4871349.33
2021-06-06,3795966.84,3084551.9,711414.94,18.74,6,1,6,157,40909.0,32161.0,150967.0,0.00449,169.9,social_media,5429904.6,4894563.57
2021-06-07,3757477.99,3136794.28,620683.71,16.52,0,0,6,158,46202.0,33516.0,198783.0,0.00562,166.2,social_media,4824348.61,4938209.23
2021-06-08,3948452.32,3177527.58,770924.74,19.52,1,0,6,159,45781.0,37084.0,219913.0,0.0048,130.8,organic_search,4319910.22,4943100.34
2021-06-09,3733884.76,3009506.21,724378.55,19.4,2,0,6,160,34088.0,27887.0,130269.0,0.00422,205.6,social_media,3858922.59,4949355.94
2021-06-10,3994102.54,3220973.51,773129.03,19.36,3,0,6,161,44249.0,32430.0,217077.0,0.00424,187.7,direct,3519823.09,4971723.42
2021-06-11,3221511.31,2622379.46,599131.85,18.6,4,0,6,162,44246.0,32772.0,164717.0,0.00473,208.8,organic_search,3619451.54,4919679.07
2021-06-12,3618435.07,2920008.48,698426.59,19.3,5,1,6,163,44378.0,35506.0,154157.0,0.00537,193.4,paid_search,3724261.55,4851396.11
2021-06-13,3349171.43,2778202.9,570968.53,17.05,6,1,6,164,42050.0,31300.0,215993.0,0.00388,213.2,social_media,3660433.63,4788031.69
2021-06-14,4007931.92,3159812.63,848119.29,21.16,0,0,6,165,46537.0,36237.0,246126.0,0.00571,180.9,organic_search,3696212.76,4793024.06
2021-06-15,4162142.95,3326425.2,835717.75,20.08,1,0,6,166,44310.0,31547.0,210222.0,0.00492,195.6,social_media,3726740.0,4799050.19
2021-06-16,4740156.23,3752544.13,987612.1,20.84,2,0,6,167,44337.0,35817.0,229232.0,0.00564,183.3,referral,3870493.06,4800895.18
2021-06-17,5807751.43,4698668.17,1109083.26,19.1,3,0,6,168,47460.0,37553.0,238402.0,0.00345,151.4,social_media,4129585.76,4876183.15
2021-06-18,4316861.14,3463681.18,853179.96,19.76,4,0,6,169,43011.0,34964.0,202414.0,0.00547,254.9,organic_search,4286064.31,4860243.9
2021-06-19,3596996.21,3016398.92,580597.29,16.14,5,1,6,170,43105.0,35045.0,148637.0,0.00338,136.3,organic_search,4283001.62,4811550.51
2021-06-20,3113780.62,2502341.31,611439.31,19.64,6,1,6,171,45601.0,33536.0,218671.0,0.00391,216.3,organic_search,4249374.36,4734191.75
2021-06-21,3454322.45,2831163.45,623159.0,18.04,0,0,6,172,50225.0,40208.0,255212.0,0.00545,177.1,paid_search,4170287.29,4705651.18
2021-06-22,3814525.81,3072656.32,741869.49,19.45,1,0,6,173,44414.0,35172.0,231173.0,0.00469,138.0,social_media,4120627.7,4704588.96
2021-06-23,5129834.24,4258385.56,871448.68,16.99,2,0,6,174,40031.0,31413.0,139944.0,0.0047,136.9,email_campaign,4176295.99,4742664.32
2021-06-24,5015283.26,4491924.42,523358.84,10.44,3,0,6,175,46126.0,36500.0,189683.0,0.00479,146.7,referral,4063086.25,4782425.12
2021-06-25,3255836.16,2807033.14,448803.02,13.78,4,0,6,176,38862.0,30258.0,150660.0,0.00423,229.1,referral,3911511.25,4727104.55
2021-06-26,3202321.56,2946230.91,256090.65,8.0,5,1,6,177,38286.0,28676.0,174622.0,0.00459,153.9,organic_search,3855129.16,4589831.6
2021-06-27,3938214.81,3832008.26,106206.55,2.7,6,1,6,178,49137.0,39354.0,260766.0,0.00541,308.4,social_media,3972905.47,4490240.18
2021-06-28,4255543.96,4082242.05,173301.91,4.07,0,0,6,179,46294.0,35882.0,202773.0,0.00329,285.4,direct,4087365.69,4477726.87
2021-06-29,5907160.01,5911751.11,-4591.1,-0.08,1,0,6,180,40996.0,30081.0,215178.0,0.00321,133.5,paid_search,4386313.43,4378367.68
2021-06-30,5094915.79,4949985.1,144930.69,2.84,2,0,6,181,45773.0,33294.0,233584.0,0.00399,152.9,paid_search,4381325.08,4281652.54
2021-07-01,4975867.15,5024857.74,-48990.59,-0.98,3,0,7,182,37571.0,29901.0,180410.0,0.00362,141.3,email_campaign,4375694.21,4198197.41
2021-07-02,4397949.68,4326458.07,71491.61,1.63,4,0,7,183,33233.0,27127.0,152049.0,0.00522,253.8,email_campaign,4538853.28,4112769.13
2021-07-03,3132513.38,3101143.37,31370.01,1.0,5,1,7,184,35152.0,24966.0,184088.0,0.00333,257.1,organic_search,4528880.68,4004926.27
2021-07-04,730601.15,647312.84,83288.31,11.4,6,1,7,185,32810.0,24267.0,170944.0,0.00448,297.0,referral,4070650.16,3945142.57
2021-07-05,1878817.85,1927429.12,-48611.27,-2.59,0,0,7,186,29990.0,21941.0,119299.0,0.00467,103.6,paid_search,3731117.86,3911611.0
2021-07-06,1616214.16,1626948.22,-10734.06,-0.66,1,0,7,187,31012.0,23158.0,156722.0,0.00358,154.2,organic_search,3118125.59,3838952.58
2021-07-07,1741509.6,1715092.93,26416.67,1.52,2,0,7,188,30311.0,24007.0,123602.0,0.00322,297.9,email_campaign,2639067.57,3771753.63
2021-07-08,2563149.38,2518109.42,45039.96,1.76,3,0,7,189,33426.0,25458.0,118185.0,0.00361,145.3,paid_search,2294393.6,3725576.87
2021-07-09,2685812.87,2706650.91,-20838.04,-0.78,4,0,7,190,34217.0,25366.0,174288.0,0.00546,162.7,organic_search,2049802.63,3690641.14
2021-07-10,2524108.8,2448068.41,76040.39,3.01,5,1,7,191,31779.0,22917.0,150809.0,0.00565,120.0,referral,1962887.69,3641641.35
2021-07-11,2592712.85,2553763.2,38949.65,1.5,6,1,7,192,30443.0,23946.0,142310.0,0.00553,163.7,organic_search,2228903.64,3620681.4
2021-07-12,3123873.5,3108780.0,15093.5,0.48,0,0,7,193,34467.0,27984.0,123706.0,0.00358,100.9,email_campaign,2406768.74,3604196.01
2021-07-13,2650746.43,2549076.58,101669.85,3.84,1,0,7,194,34885.0,25203.0,146821.0,0.00502,244.7,organic_search,2554559.06,3580915.18
2021-07-14,2970833.54,2785803.91,185029.63,6.23,2,0,7,195,38621.0,27441.0,155193.0,0.00534,304.3,organic_search,2730176.77,3546345.23
2021-07-15,3628282.86,3639556.87,-11274.01,-0.31,3,0,7,196,34804.0,27447.0,145288.0,0.00401,304.9,organic_search,2882338.69,3528549.9
2021-07-16,2768513.94,2780496.25,-11982.31,-0.43,4,0,7,197,33529.0,24745.0,133076.0,0.00399,300.8,email_campaign,2894153.13,3462828.49
2021-07-17,2453122.24,2399937.97,53184.27,2.17,5,1,7,198,34590.0,25085.0,138564.0,0.00435,153.7,email_campaign,2884012.19,3351007.51
2021-07-18,2827723.47,2930478.35,-102754.88,-3.63,6,1,7,199,38368.0,30559.0,130106.0,0.00372,134.7,email_campaign,2917585.14,3301369.59
2021-07-19,2859598.56,2696150.18,163448.38,5.72,0,0,7,200,34197.0,26768.0,167299.0,0.00495,178.7,social_media,2879831.58,3276789.67
2021-07-20,3389960.06,3045138.98,344821.08,10.17,1,0,7,201,30516.0,22658.0,113914.0,0.00324,117.5,organic_search,2985433.52,3285995.65
2021-07-21,3336465.66,2928248.05,408217.61,12.24,2,0,7,202,33646.0,23848.0,179592.0,0.00372,144.2,organic_search,3037666.68,3282067.09
2021-07-22,4388007.92,3796262.13,591745.79,13.49,3,0,7,203,32412.0,25523.0,158492.0,0.00341,131.8,organic_search,3146198.84,3301183.16
2021-07-23,4385215.41,3753800.99,631414.42,14.4,4,0,7,204,32445.0,26329.0,134930.0,0.00425,202.6,social_media,3377156.19,3276362.53
2021-07-24,2294305.45,1930929.33,363376.12,15.84,5,1,7,205,31592.0,25814.0,118083.0,0.00556,300.8,organic_search,3354468.08,3185663.27
2021-07-25,2549303.61,2173412.06,375891.55,14.74,6,1,7,206,35455.0,26715.0,120481.0,0.00497,179.7,referral,3314693.81,3162112.19
2021-07-26,3676952.36,2918564.14,758388.22,20.63,0,0,7,207,33451.0,23825.0,147504.0,0.00354,148.6,paid_search,3431458.64,3177933.22
2021-07-27,3460197.23,2857159.07,603038.16,17.43,1,0,7,208,33644.0,23932.0,164830.0,0.00456,191.4,organic_search,3441492.52,3161999.3
2021-07-28,4046860.27,3235448.81,811411.46,20.05,2,0,7,209,34683.0,25833.0,113756.0,0.00361,264.4,social_media,3542977.46,3155043.17
2021-07-29,5547857.68,4566302.38,981555.3,17.69,3,0,7,210,32982.0,24449.0,136497.0,0.00446,184.2,paid_search,3708670.29,3143066.43
2021-07-30,6548042.77,6322433.77,225609.0,3.45,4,0,7,211,36061.0,26735.0,140586.0,0.00362,296.0,organic_search,4017645.62,3191503.99
2021-07-31,5256382.47,5446793.9,-190411.43,-3.62,5,1,7,212,29917.0,22395.0,154337.0,0.00531,314.0,email_campaign,4440799.48,3200854.5
2021-08-01,3652376.75,4109973.08,-457596.33,-12.53,6,1,8,213,37105.0,27725.0,195190.0,0.0039,187.9,paid_search,4598381.36,3176002.07
2021-08-02,4399616.65,4886236.3,-486619.65,-11.06,0,0,8,214,42139.0,33273.0,143292.0,0.00425,264.2,direct,4701619.12,3218238.85
2021-08-03,2422462.49,3359505.36,-937042.87,-38.68,1,0,8,215,34871.0,28444.0,134855.0,0.00349,174.5,organic_search,4553371.3,3274634.23
2021-08-04,1157658.1,1697391.73,-539733.63,-46.62,2,0,8,216,42489.0,31819.0,211792.0,0.00371,183.6,social_media,4140628.13,3250595.57
2021-08-05,1482037.52,2026425.65,-544388.13,-36.73,3,0,8,217,37593.0,29342.0,166972.0,0.00505,278.1,paid_search,3559796.68,3246123.01
2021-08-06,1591502.8,2374360.64,-782857.84,-49.19,4,0,8,218,41901.0,33170.0,150778.0,0.00563,245.9,direct,2851719.54,3241122.79
2021-08-07,1632328.25,2336736.46,-704408.21,-43.15,5,1,8,219,36018.0,27276.0,115308.0,0.00436,168.8,organic_search,2333997.51,3210095.42
2021-08-08,1411882.22,1918090.72,-506208.5,-35.85,6,1,8,220,39567.0,31128.0,138739.0,0.0041,211.9,paid_search,2013926.86,3167631.06
2021-08-09,1376421.76,2167285.81,-790864.05,-57.46,0,0,8,221,39113.0,27660.0,163795.0,0.00488,116.1,paid_search,1582041.88,3129374.83
2021-08-10,1581357.61,2246981.07,-665623.46,-42.09,1,0,8,222,39302.0,29245.0,155199.0,0.0052,265.9,organic_search,1461884.04,3095662.99
2021-08-11,1740229.21,2604985.61,-864756.4,-49.69,2,0,8,223,30995.0,24667.0,159578.0,0.00536,156.9,direct,1545108.48,3049541.51
2021-08-12,2480973.68,3548924.53,-1067950.85,-43.05,3,0,8,224,38269.0,29771.0,208637.0,0.00442,210.7,paid_search,1687813.65,3043882.42
2021-08-13,2199306.57,3444159.74,-1244853.17,-56.6,4,0,8,225,37306.0,29688.0,123156.0,0.00537,316.2,organic_search,1774642.76,3018164.85
2021-08-14,1494099.71,1993428.41,-499328.7,-33.42,5,1,8,226,37592.0,29767.0,175016.0,0.00491,177.1,organic_search,1754895.82,2947025.41
2021-08-15,1862118.62,2645589.05,-783470.43,-42.07,6,1,8,227,39171.0,29071.0,146883.0,0.00444,256.6,email_campaign,1819215.31,2916812.24
2021-08-16,2220064.67,3319453.91,-1099389.24,-49.52,0,0,8,228,42739.0,32073.0,186199.0,0.00569,263.5,organic_search,1939735.72,2909043.65
2021-08-17,2263302.37,3320429.89,-1057127.52,-46.71,1,0,8,229,35832.0,25317.0,135797.0,0.00361,205.1,organic_search,2037156.4,2890229.61
2021-08-18,1875383.97,2630473.94,-755089.97,-40.26,2,0,8,230,33929.0,26293.0,149882.0,0.00376,162.6,paid_search,2056464.23,2857422.46
2021-08-19,2535597.13,3644326.12,-1108728.99,-43.73,3,0,8,231,34659.0,26539.0,156110.0,0.00488,240.4,referral,2064267.58,2828943.7
2021-08-20,2553183.49,3860236.79,-1307053.3,-51.19,4,0,8,232,36779.0,28824.0,123466.0,0.00367,297.9,paid_search,2114821.42,2802834.29
2021-08-21,1453356.23,2098001.94,-644645.71,-44.36,5,1,8,233,35239.0,27158.0,150437.0,0.00374,288.1,social_media,2109000.93,2705012.57
2021-08-22,1640268.07,2295711.5,-655443.43,-39.96,6,1,8,234,33822.0,26677.0,184931.0,0.00439,157.1,email_campaign,2077307.99,2613514.32
2021-08-23,1883869.71,2626041.33,-742171.62,-39.4,0,0,8,235,41170.0,32849.0,199026.0,0.00455,236.8,social_media,2029280.14,2599833.13
2021-08-24,1836322.27,2808012.6,-971690.33,-52.92,1,0,8,236,33874.0,25023.0,154508.0,0.00417,263.4,paid_search,1968282.98,2576067.09
2021-08-25,1939866.54,2821994.79,-882128.25,-45.47,2,0,8,237,42700.0,33671.0,212858.0,0.00335,130.8,organic_search,1977494.78,2518164.23
2021-08-26,1886569.08,2959216.09,-1072647.01,-56.86,3,0,8,238,44382.0,33320.0,172425.0,0.00358,212.0,referral,1884776.48,2465709.96
2021-08-27,1662732.77,2371412.62,-708679.85,-42.62,4,0,8,239,31425.0,25653.0,154963.0,0.00448,279.5,paid_search,1757569.24,2386239.04
2021-08-28,1664938.51,2453257.65,-788319.14,-47.35,5,1,8,240,40471.0,32901.0,163592.0,0.00478,301.7,paid_search,1787795.28,2256808.4
2021-08-29,4443078.33,6342118.62,-1899040.29,-42.74,6,1,8,241,38145.0,28063.0,192572.0,0.00445,157.5,organic_search,2188196.74,2186642.92
2021-08-30,3996164.3,5499176.03,-1503011.73,-37.61,0,0,8,242,41162.0,33329.0,194304.0,0.00332,284.6,email_campaign,2489953.11,2144635.65
2021-08-31,3940957.44,5240978.22,-1300020.78,-32.99,1,0,8,243,41421.0,33047.0,200812.0,0.00341,221.0,direct,2790615.28,2154255.0
2021-09-01,3579634.39,4583108.31,-1003473.92,-28.03,2,0,9,244,27326.0,19208.0,99898.0,0.0054,279.6,email_campaign,3024867.83,2126922.26
2021-09-02,3917618.96,4722341.9,-804722.94,-20.54,3,0,9,245,28236.0,21778.0,94116.0,0.0045,254.8,social_media,3315017.81,2176760.81
2021-09-03,1070973.42,1003268.02,67705.4,6.32,4,0,9,246,26551.0,19907.0,108115.0,0.00405,176.7,social_media,3230480.76,2173871.32
2021-09-04,1839742.83,1710231.68,129511.15,7.04,5,1,9,247,24298.0,18434.0,117729.0,0.00518,192.4,organic_search,3255452.81,2185794.83
2021-09-05,1682890.37,1626164.36,56726.01,3.37,6,1,9,248,28062.0,21856.0,117356.0,0.00381,238.5,direct,2861140.24,2188841.08
2021-09-06,2097434.58,1931198.13,166236.45,7.93,0,0,9,249,28771.0,21226.0,117131.0,0.00431,158.1,organic_search,2589893.14,2204344.63
2021-09-07,2244132.38,1986738.71,257393.67,11.47,1,0,9,250,23373.0,16735.0,88001.0,0.0044,241.4,organic_search,2347489.56,2232086.3
2021-09-08,3716975.63,3437593.72,279381.91,7.52,2,0,9,251,29427.0,23808.0,114276.0,0.00415,272.4,referral,2367109.74,2310104.76
2021-09-09,2187074.96,2082447.03,104627.93,4.78,3,0,9,252,25832.0,18779.0,102486.0,0.00325,100.5,organic_search,2119889.17,2330295.34
2021-09-10,1980857.12,1821707.08,159150.04,8.03,4,0,9,253,24570.0,18030.0,128972.0,0.00556,272.2,social_media,2249872.55,2338316.27
2021-09-11,1547495.48,1455524.4,91971.08,5.94,5,1,9,254,22915.0,16946.0,78615.0,0.00369,108.3,organic_search,2208122.93,2307200.33
2021-09-12,2102573.99,1909199.54,193374.45,9.2,6,1,9,255,24856.0,18243.0,109179.0,0.00375,121.6,referral,2268077.73,2303975.91
2021-09-13,2488502.06,2265837.09,222664.97,8.95,0,0,9,256,26951.0,20849.0,129532.0,0.00398,138.6,direct,2323944.52,2337122.66
2021-09-14,2715006.68,2532491.32,182515.36,6.72,1,0,9,257,26127.0,19448.0,125476.0,0.00452,161.8,paid_search,2391212.27,2365552.26
2021-09-15,3275643.47,3007258.03,268385.44,8.19,2,0,9,258,27170.0,22258.0,90013.0,0.00436,269.5,paid_search,2328164.82,2400738.22
2021-09-16,1853200.26,1657780.29,195419.97,10.55,3,0,9,259,24544.0,20042.0,109761.0,0.00538,250.7,paid_search,2280468.44,2387068.15
2021-09-17,2031900.2,1889074.28,142825.92,7.03,4,0,9,260,27224.0,19381.0,129910.0,0.00478,221.8,organic_search,2287760.31,2392285.35
2021-09-18,1910747.73,1785651.61,125096.12,6.55,5,1,9,261,25797.0,18347.0,105109.0,0.00336,239.0,email_campaign,2339653.48,2371457.04
2021-09-19,1952437.84,1794752.16,157685.68,8.08,6,1,9,262,26670.0,21014.0,95312.0,0.00348,285.3,organic_search,2318205.46,2351432.19
2021-09-20,2307149.39,2140377.91,166771.48,7.23,0,0,9,263,27194.0,19545.0,107817.0,0.00574,159.7,referral,2292297.94,2379891.96
2021-09-21,3210995.34,2839955.92,371039.42,11.56,1,0,9,264,28567.0,20425.0,111680.0,0.00534,279.9,referral,2363153.46,2432249.53
2021-09-22,2518917.94,2299264.05,219653.89,8.72,2,0,9,265,23720.0,19155.0,125345.0,0.00395,108.6,direct,2255049.81,2453417.81
2021-09-23,2220736.52,2001371.7,219364.82,9.88,3,0,9,266,28950.0,21182.0,140514.0,0.00327,249.3,referral,2307554.99,2466231.62
2021-09-24,2008968.22,1790130.16,218838.06,10.89,4,0,9,267,25544.0,19883.0,116993.0,0.00545,293.4,social_media,2304279.0,2468535.01
2021-09-25,2281967.32,2112780.84,169186.48,7.41,5,1,9,268,28614.0,21314.0,124020.0,0.00511,269.9,direct,2357310.37,2481714.95
2021-09-26,1602075.57,1461503.99,140571.58,8.77,6,1,9,269,26085.0,20400.0,95877.0,0.00494,318.7,organic_search,2307258.61,2479693.04
2021-09-27,3058684.14,2864098.57,194585.57,6.36,0,0,9,270,27562.0,22060.0,142951.0,0.0045,118.0,paid_search,2414620.72,2526151.23
2021-09-28,4749132.81,4287087.43,462045.38,9.73,1,0,9,271,28001.0,21001.0,103029.0,0.00444,184.6,organic_search,2634354.65,2536353.04
2021-09-29,3184253.74,2793067.38,391186.36,12.29,2,0,9,272,29661.0,23727.0,120596.0,0.00507,281.8,email_campaign,2729402.62,2509289.36
2021-09-30,3504126.92,3102295.47,401831.45,11.47,3,0,9,273,28475.0,21959.0,148954.0,0.00364,192.8,social_media,2912744.1,2494728.34
2021-10-01,2465559.4,2269641.63,195917.77,7.95,4,0,10,274,24386.0,17960.0,123393.0,0.0043,294.8,social_media,2977971.41,2457592.51
2021-10-02,2584886.96,2309451.71,275435.25,10.66,5,1,10,275,21410.0,15691.0,111539.0,0.00365,311.3,paid_search,3021245.65,2413168.11
2021-10-03,920334.15,789349.71,130984.44,14.23,6,1,10,276,22289.0,18269.0,72630.0,0.00336,163.3,organic_search,2923854.02,2408146.8
2021-10-04,1043382.83,864297.5,179085.33,17.16,0,0,10,277,21958.0,16903.0,103019.0,0.00375,116.6,organic_search,2635953.83,2381601.47
2021-10-05,1440909.2,1238586.01,202323.19,14.04,1,0,10,278,22060.0,17666.0,72399.0,0.00341,168.1,paid_search,2163350.46,2373535.43
2021-10-06,1793088.31,1465294.6,327793.71,18.28,2,0,10,279,20869.0,16523.0,75300.0,0.00556,128.6,paid_search,1964612.54,2363390.55
2021-10-07,1826196.69,1497790.82,328405.87,17.98,3,0,10,280,24821.0,18161.0,83730.0,0.00387,193.1,social_media,1724908.22,2349459.36
2021-10-08,1613264.94,1325310.58,287954.36,17.85,4,0,10,281,19762.0,13894.0,102451.0,0.00362,127.6,organic_search,1603151.87,2279335.67
2021-10-09,1794510.68,1447840.15,346670.53,19.32,5,1,10,282,18870.0,14640.0,73117.0,0.00416,254.6,paid_search,1490240.97,2266250.2
2021-10-10,1883117.98,1559914.53,323203.45,17.16,6,1,10,283,21359.0,15899.0,93665.0,0.00413,126.2,paid_search,1627781.52,2262992.23
2021-10-11,2300450.29,1848634.77,451815.52,19.64,0,0,10,284,23411.0,17978.0,128488.0,0.00437,101.3,direct,1807362.58,2288090.72
2021-10-12,1567144.44,1334199.42,232945.02,14.86,1,0,10,285,19294.0,15019.0,96700.0,0.00363,135.5,social_media,1825396.19,2270243.07
2021-10-13,1918678.27,1624278.45,294399.82,15.34,2,0,10,286,19477.0,15122.0,105026.0,0.00424,214.4,direct,1843337.61,2251248.94
2021-10-14,2148334.67,1733671.89,414662.78,19.3,3,0,10,287,21776.0,17637.0,87008.0,0.00336,178.5,paid_search,1889357.32,2232359.87
2021-10-15,1900056.41,1665667.16,234389.25,12.34,4,0,10,288,22446.0,16346.0,89558.0,0.0034,176.7,email_campaign,1930327.53,2186506.97
2021-10-16,2106301.79,1750771.11,355530.68,16.88,5,1,10,289,24812.0,18137.0,128060.0,0.00476,179.1,organic_search,1974869.12,2194943.69
2021-10-17,2495144.25,2124471.09,370673.16,14.86,6,1,10,290,20591.0,15415.0,74234.0,0.00368,201.4,organic_search,2062301.45,2210385.16
2021-10-18,2029589.44,1714394.15,315195.29,15.53,0,0,10,291,21604.0,16693.0,98358.0,0.0045,253.1,referral,2023607.04,2214346.55
2021-10-19,1794195.22,1443278.64,350916.58,19.56,1,0,10,292,22443.0,16563.0,96730.0,0.00337,182.6,organic_search,2056042.86,2209071.79
2021-10-20,2748359.42,2249708.28,498651.14,18.14,2,0,10,293,20905.0,16187.0,89875.0,0.0039,206.2,paid_search,2174568.74,2223778.8
2021-10-21,1715238.6,1425166.31,290072.29,16.91,3,0,10,294,22586.0,17775.0,77577.0,0.0054,228.0,organic_search,2112697.88,2173920.24
2021-10-22,2513749.87,2045877.61,467872.26,18.61,4,0,10,295,24218.0,19711.0,114397.0,0.00431,204.0,paid_search,2200368.37,2173747.97
2021-10-23,1853822.02,1521941.02,331881.0,17.9,5,1,10,296,21880.0,16024.0,73662.0,0.00371,227.3,paid_search,2164299.83,2161517.48
2021-10-24,2201542.06,1879343.83,322198.23,14.64,6,1,10,297,21229.0,17267.0,81196.0,0.00468,234.5,social_media,2122356.66,2167936.61
2021-10-25,2021989.32,1646748.37,375240.95,18.56,0,0,10,298,23224.0,16717.0,114672.0,0.00502,279.4,referral,2121270.93,2159270.68
2021-10-26,2162674.08,1776598.49,386075.59,17.85,1,0,10,299,24639.0,17733.0,80324.0,0.00532,142.3,organic_search,2173910.77,2177957.3
2021-10-27,2151921.73,1803290.61,348631.12,16.2,2,0,10,300,18866.0,13558.0,98028.0,0.00465,151.5,paid_search,2088705.38,2147731.88
2021-10-28,2489853.45,2036708.17,453145.28,18.2,3,0,10,301,20437.0,15921.0,98377.0,0.00538,242.7,social_media,2199364.65,2072422.57
2021-10-29,3746325.95,3090953.59,655372.36,17.49,4,0,10,302,23463.0,19019.0,128387.0,0.00341,173.8,organic_search,2375446.94,2091158.31
2021-10-30,3434826.63,2965454.49,469372.14,13.67,5,1,10,303,21242.0,16732.0,74585.0,0.00482,290.1,organic_search,2601304.75,2088848.3
2021-10-31,3026687.11,2545466.76,481220.35,15.9,6,1,10,304,19649.0,15891.0,86079.0,0.00425,215.9,social_media,2719182.61,2107552.56
2021-11-01,2926691.09,2398381.34,528309.75,18.05,0,0,11,305,20235.0,14266.0,81756.0,0.00525,197.9,organic_search,2848425.72,2118946.03
2021-11-02,3072730.67,2536221.43,536509.24,17.46,1,0,11,306,17580.0,13040.0,95858.0,0.00509,250.8,referral,2978433.8,2190692.58
2021-11-03,1262904.96,1055921.75,206983.21,16.39,2,0,11,307,19842.0,14973.0,105035.0,0.00469,105.2,email_campaign,2851431.41,2198009.98
2021-11-04,1344901.28,1136391.76,208509.52,15.5,3,0,11,308,17473.0,13578.0,83632.0,0.00552,284.3,referral,2687866.81,2194809.72
2021-11-05,1257605.18,1084704.98,172900.2,13.75,4,0,11,309,20400.0,15416.0,95780.0,0.00459,217.1,social_media,2332335.27,2176960.28
2021-11-06,2093872.9,1714441.6,379431.3,18.12,5,1,11,310,17302.0,12568.0,70438.0,0.00491,224.5,paid_search,2140770.46,2185882.82
2021-11-07,942802.49,782264.44,160538.05,17.03,6,1,11,311,18751.0,13247.0,74916.0,0.00471,241.0,social_media,1843072.65,2163534.08
2021-11-08,2064680.43,1687466.21,377214.22,18.27,0,0,11,312,19651.0,14673.0,90100.0,0.00328,161.4,organic_search,1719928.27,2172539.73
2021-11-09,2462296.67,2100076.52,362220.15,14.71,1,0,11,313,16554.0,11704.0,63719.0,0.0044,182.5,direct,1632723.42,2191845.69
2021-11-10,1774844.23,1518855.62,255988.61,14.42,2,0,11,314,16316.0,11438.0,69694.0,0.00534,209.8,organic_search,1705857.6,2174325.49
2021-11-11,1412638.65,1123822.69,288815.96,20.45,3,0,11,315,17054.0,12407.0,64947.0,0.00464,109.8,organic_search,1715534.36,2169175.29
2021-11-12,1777590.33,1460783.5,316806.83,17.82,4,0,11,316,17407.0,12320.0,64158.0,0.00383,318.9,organic_search,1789817.96,2164472.36
2021-11-13,1291079.97,1073274.92,217805.05,16.87,5,1,11,317,18928.0,13455.0,84772.0,0.00345,292.7,organic_search,1675133.25,2135897.21
2021-11-14,1228705.01,1065683.97,163021.04,13.27,6,1,11,318,18386.0,13522.0,80295.0,0.0048,318.0,organic_search,1715976.47,2113518.83
2021-11-15,1206377.91,983743.19,222634.72,18.45,0,0,11,319,19029.0,14409.0,87572.0,0.00336,191.2,email_campaign,1593361.82,2083521.36
2021-11-16,2106714.51,1725304.97,381409.54,18.1,1,0,11,320,16503.0,12928.0,78077.0,0.00448,314.5,referral,1542564.37,2070573.71
2021-11-17,1531889.09,1349321.43,182567.66,11.92,2,0,11,321,19729.0,16006.0,74286.0,0.00463,294.9,referral,1507856.5,2053983.69
2021-11-18,1661241.07,1433114.76,228126.31,13.73,3,0,11,322,18086.0,13283.0,95314.0,0.0051,250.2,referral,1543371.13,2049551.89
2021-11-19,1253389.32,1095039.04,158350.28,12.63,4,0,11,323,20121.0,16204.0,81355.0,0.00408,112.5,referral,1468485.27,1999719.55
2021-11-20,1071404.44,1040227.2,31177.24,2.91,5,1,11,324,18493.0,13334.0,98514.0,0.00541,292.8,organic_search,1437103.05,1978258.41
2021-11-21,1222908.7,1238315.19,-15406.49,-1.26,6,1,11,325,19555.0,14372.0,70710.0,0.00453,186.5,paid_search,1436275.01,1935230.38
2021-11-22,1558297.56,1613383.51,-55085.95,-3.54,0,0,11,326,20461.0,16499.0,82338.0,0.00355,163.2,email_campaign,1486549.24,1925379.56
2021-11-23,1613168.79,1629011.23,-15842.44,-0.98,1,0,11,327,18415.0,13258.0,73460.0,0.0043,278.4,paid_search,1416042.71,1905767.12
2021-11-24,1665269.85,1709718.17,-44448.32,-2.67,2,0,11,328,17455.0,13583.0,92249.0,0.00394,158.5,social_media,1435097.1,1893876.47
2021-11-25,1278003.36,1305823.05,-27819.69,-2.18,3,0,11,329,18638.0,14070.0,99028.0,0.00576,104.8,email_campaign,1380348.86,1864387.44
2021-11-26,970756.2,1019443.98,-48687.78,-5.02,4,0,11,330,17760.0,13626.0,72802.0,0.00572,205.8,email_campaign,1339972.7,1825015.26
2021-11-27,1407280.07,1519826.79,-112546.72,-8.0,5,1,11,331,16640.0,12984.0,56761.0,0.00358,142.2,social_media,1387954.93,1788929.48
2021-11-28,2359645.42,2324536.28,35109.14,1.49,6,1,11,332,19450.0,15869.0,85349.0,0.00494,310.0,organic_search,1550345.89,1742706.8
2021-11-29,1830856.99,1894919.03,-64062.04,-3.5,0,0,11,333,21295.0,15967.0,82166.0,0.00547,108.6,referral,1589282.95,1689241.14
2021-11-30,2987950.32,3045686.15,-57735.83,-1.93,1,0,11,334,15377.0,11989.0,55274.0,0.00477,221.3,referral,1785680.32,1687949.92
2021-12-01,1881588.13,1920538.46,-38950.33,-2.07,2,0,12,335,19054.0,13537.0,65331.0,0.00458,210.6,organic_search,1816582.93,1653113.15
2021-12-02,1911470.99,1996362.17,-84891.18,-4.44,3,0,12,336,17604.0,12796.0,62792.0,0.0042,160.4,email_campaign,1907078.3,1614404.49
2021-12-03,586748.17,626899.33,-40151.16,-6.84,4,0,12,337,21253.0,15423.0,81710.0,0.00532,117.8,organic_search,1852220.01,1591865.93
2021-12-04,819389.63,787101.35,32288.28,3.94,5,1,12,338,21716.0,16391.0,95580.0,0.00573,113.2,paid_search,1768235.66,1574348.88
2021-12-05,1101768.07,1082761.55,19006.52,1.73,6,1,12,339,18397.0,14224.0,70529.0,0.00471,251.3,email_campaign,1588538.9,1569154.31
2021-12-06,1167887.5,1132700.46,35187.04,3.01,0,0,12,340,20668.0,15918.0,67398.0,0.00472,150.0,organic_search,1493828.97,1538288.13
2021-12-07,708706.53,724333.47,-15626.94,-2.2,1,0,12,341,21840.0,15330.0,102200.0,0.00472,147.9,paid_search,1168222.72,1530484.93
2021-12-08,919265.14,968146.91,-48881.77,-5.32,2,0,12,342,23815.0,17342.0,90722.0,0.00504,100.1,paid_search,1030748.0,1492304.42
2021-12-09,999032.78,1047782.72,-48749.94,-4.88,3,0,12,343,20773.0,16717.0,100580.0,0.00439,300.4,paid_search,900399.69,1443528.96
2021-12-10,1214991.34,1243394.6,-28403.26,-2.34,4,0,12,344,22104.0,16530.0,117774.0,0.0036,253.2,email_campaign,990148.71,1424867.19
2021-12-11,948995.31,997983.77,-48988.46,-5.16,5,1,12,345,17639.0,12442.0,89865.0,0.00404,105.4,paid_search,1008663.81,1409412.42
2021-12-12,1285064.15,1307106.22,-22042.07,-1.72,6,1,12,346,21143.0,16020.0,112345.0,0.00407,277.3,referral,1034848.96,1392994.88
2021-12-13,1112918.62,1168775.11,-55856.49,-5.02,0,0,12,347,20511.0,15018.0,86240.0,0.00372,102.4,social_media,1026996.27,1387056.17
2021-12-14,1821860.68,1884666.84,-62806.16,-3.45,1,0,12,348,21633.0,16520.0,93442.0,0.00498,232.9,social_media,1186018.29,1406828.02
2021-12-15,1773908.51,1816537.46,-42628.95,-2.4,2,0,12,349,21102.0,16384.0,85848.0,0.0053,143.8,social_media,1308110.2,1425745.71
2021-12-16,1771984.63,1846296.05,-74311.42,-4.19,3,0,12,350,24232.0,18536.0,94060.0,0.00381,107.4,social_media,1418531.89,1414588.05
2021-12-17,1463605.82,1523555.95,-59950.13,-4.1,4,0,12,351,19112.0,13571.0,77118.0,0.00432,148.1,paid_search,1454048.25,1412311.94
2021-12-18,1214550.47,1217310.4,-2759.93,-0.23,5,1,12,352,18789.0,15217.0,75059.0,0.00385,230.4,organic_search,1491984.7,1397422.25
2021-12-19,1546435.59,1510053.63,36381.96,2.35,6,1,12,353,21312.0,17414.0,101787.0,0.00467,296.0,email_campaign,1529323.47,1407190.46
2021-12-20,1676753.39,1642291.41,34461.98,2.06,0,0,12,354,21881.0,15629.0,75775.0,0.00385,236.7,email_campaign,1609871.3,1427368.76
2021-12-21,2017237.85,2127476.27,-110238.42,-5.46,1,0,12,355,20173.0,15661.0,108494.0,0.00375,121.7,organic_search,1637782.32,1453846.4
2021-12-22,2327738.57,2283587.28,44151.29,1.9,2,0,12,356,19226.0,15198.0,63765.0,0.00409,141.9,organic_search,1716900.9,1479494.43
2021-12-23,2415914.18,2480623.5,-64709.32,-2.68,3,0,12,357,20108.0,15623.0,98925.0,0.00322,188.7,organic_search,1808890.84,1506252.61
2021-12-24,1448810.25,1505101.29,-56291.04,-3.89,4,0,12,358,17767.0,12442.0,57152.0,0.00517,259.6,referral,1806777.19,1499037.29
2021-12-25,1120986.7,1156338.1,-35351.4,-3.15,5,1,12,359,18380.0,13684.0,64150.0,0.00425,305.6,organic_search,1793410.93,1493803.4
2021-12-26,1317218.46,1338753.3,-21534.84,-1.63,6,1,12,360,20335.0,16537.0,76060.0,0.00418,182.2,paid_search,1760665.63,1505352.14
2021-12-27,1025037.51,986082.95,38954.56,3.8,0,0,12,361,22747.0,18004.0,95282.0,0.00552,219.7,direct,1667563.36,1492610.72
2021-12-28,1855064.19,1847193.9,7870.29,0.42,1,0,12,362,21237.0,16164.0,89295.0,0.00537,104.2,email_campaign,1644395.69,1475791.35
2021-12-29,4065184.9,4208667.7,-143482.8,-3.53,2,0,12,363,22058.0,17413.0,116727.0,0.00537,112.0,email_campaign,1892602.31,1550268.95
2021-12-30,3842586.5,3948015.94,-105429.44,-2.74,3,0,12,364,19928.0,14993.0,101498.0,0.00573,316.8,organic_search,2096412.64,1578756.82
2021-12-31,3041203.79,3121467.33,-80263.54,-2.64,4,0,12,365,18742.0,14095.0,84913.0,0.005,107.3,paid_search,2323897.44,1617410.67
2022-01-01,2932155.47,3019583.5,-87428.03,-2.98,5,1,1,1,17601.0,13989.0,78423.0,0.00453,100.8,organic_search,2582635.83,1651433.49
2022-01-02,2361965.0,2368851.11,-6886.11,-0.29,6,1,1,2,16288.0,12415.0,86736.0,0.00416,280.3,direct,2731885.34,1710607.38
2022-01-03,545563.72,476501.31,69062.41,12.66,0,0,1,3,15844.0,12119.0,86806.0,0.00435,155.0,social_media,2663389.08,1701479.85
2022-01-04,1242319.38,1057834.07,184485.31,14.85,1,0,1,4,16220.0,11438.0,86962.0,0.00428,223.4,paid_search,2575854.11,1706164.9
2022-01-05,809977.6,684605.3,125372.3,15.48,2,0,1,5,17043.0,13448.0,87391.0,0.00389,133.4,organic_search,2110824.49,1694234.57
2022-01-06,993048.62,827696.4,165352.22,16.65,3,0,1,6,16845.0,12989.0,54823.0,0.00338,269.9,email_campaign,1703747.65,1703712.64
2022-01-07,1294963.64,1109631.82,185331.82,14.31,4,0,1,7,16784.0,12436.0,86241.0,0.00406,186.3,direct,1454284.78,1716235.92
2022-01-08,1641747.05,1369252.03,272495.02,16.6,5,1,1,8,16180.0,11582.0,59841.0,0.00481,172.0,paid_search,1269940.72,1737659.73
2022-01-09,1706485.37,1491356.56,215128.81,12.61,6,1,1,9,17607.0,13065.0,83516.0,0.0046,283.9,paid_search,1176300.77,1754042.86
2022-01-10,2569113.21,2158709.88,410403.33,15.97,0,0,1,10,13466.0,10626.0,73474.0,0.00465,237.5,organic_search,1465379.27,1808046.79
2022-01-11,1640806.35,1336967.26,303839.09,18.52,1,0,1,11,17468.0,14056.0,82324.0,0.00524,241.3,paid_search,1522305.98,1819904.87
2022-01-12,1775526.5,1506945.6,268580.9,15.13,2,0,1,12,16161.0,11943.0,67735.0,0.00572,168.5,organic_search,1660241.53,1841991.8
2022-01-13,1173172.99,946254.56,226918.43,19.34,3,0,1,13,17441.0,13941.0,74021.0,0.00551,316.7,organic_search,1685973.59,1820368.87
2022-01-14,1548726.82,1300219.1,248507.72,16.05,4,0,1,14,18087.0,13318.0,91918.0,0.00524,151.3,organic_search,1722225.47,1812862.82
2022-01-15,1461990.71,1263054.33,198936.38,13.61,5,1,1,15,15371.0,11711.0,51050.0,0.00502,276.7,social_media,1696545.99,1802529.69
2022-01-16,2064339.13,1781850.02,282489.11,13.68,6,1,1,16,16172.0,12808.0,57584.0,0.00447,273.3,organic_search,1747667.96,1822554.13
2022-01-17,1621773.2,1340632.16,281141.04,17.34,0,0,1,17,17394.0,12263.0,82644.0,0.00376,216.6,email_campaign,1612333.67,1836128.22
2022-01-18,1861205.18,1606509.55,254695.63,13.68,1,0,1,18,16276.0,13141.0,70085.0,0.00371,164.3,direct,1643819.22,1846620.54
2022-01-19,2020862.53,1738187.82,282674.71,13.99,2,0,1,19,13271.0,9704.0,63114.0,0.00502,208.3,organic_search,1678867.22,1858090.85
2022-01-20,1249233.56,1043117.49,206116.07,16.5,3,0,1,20,16831.0,12226.0,89260.0,0.00519,285.9,paid_search,1689733.02,1832490.7
2022-01-21,1580948.85,1245282.02,335666.83,21.23,4,0,1,21,15120.0,11837.0,54701.0,0.00446,208.6,social_media,1694336.17,1807597.71
2022-01-22,1758593.8,1468639.94,289953.86,16.49,5,1,1,22,18072.0,12999.0,89823.0,0.00522,101.4,referral,1736708.04,1785687.03
2022-01-23,1785338.17,1512426.38,272911.79,15.29,6,1,1,23,14482.0,10941.0,54012.0,0.00407,106.2,social_media,1696850.76,1796904.63
2022-01-24,1915906.28,1601822.71,314083.57,16.39,0,0,1,24,16327.0,12551.0,58647.0,0.00522,237.6,referral,1738869.77,1823401.95
2022-01-25,2471179.3,1957064.07,514115.23,20.8,1,0,1,25,14769.0,11760.0,79210.0,0.00332,309.8,organic_search,1826008.93,1861867.31
2022-01-26,2278973.82,1903209.07,375764.75,16.49,2,0,1,26,16497.0,12386.0,87194.0,0.00345,177.8,social_media,1862881.97,1903665.19
2022-01-27,1604489.99,1290075.13,314414.86,19.6,3,0,1,27,20276.0,14709.0,110718.0,0.00533,157.3,organic_search,1913632.89,1895312.71
2022-01-28,2792317.48,2306948.5,485368.98,17.38,4,0,1,28,16752.0,13732.0,80272.0,0.00479,311.0,organic_search,2086685.55,1852883.8
2022-01-29,3897632.5,3247780.03,649852.47,16.67,5,1,1,29,14842.0,11909.0,69729.0,0.00522,251.0,direct,2392262.51,1854718.67
2022-01-30,3903300.55,3262713.48,640587.07,16.41,6,1,1,30,14890.0,11490.0,58640.0,0.00349,116.9,organic_search,2694828.56,1883455.23
2022-01-31,3159829.55,2627738.4,532091.15,16.84,0,0,1,31,14632.0,10842.0,65353.0,0.00556,155.0,email_campaign,2872531.88,1891044.36
2022-02-01,3672475.88,3092119.13,580356.75,15.8,1,0,2,32,21868.0,17710.0,117258.0,0.00398,186.9,paid_search,3044145.68,1934728.06
2022-02-02,3072419.17,2457270.01,615149.16,20.02,2,0,2,33,27306.0,21266.0,126792.0,0.0035,162.0,organic_search,3157495.02,2018956.57
2022-02-03,1056919.3,915391.24,141528.06,13.39,3,0,2,34,26597.0,21388.0,107155.0,0.00478,315.2,referral,3079270.63,2012776.57
2022-02-04,1135262.35,959597.02,175665.33,15.47,4,0,2,35,23796.0,18040.0,83295.0,0.00358,198.1,email_campaign,2842548.47,2023619.4
2022-02-05,1325806.77,1094262.79,231543.98,17.46,5,1,2,36,23738.0,17660.0,98963.0,0.00496,251.6,social_media,2475144.8,2034711.33
2022-02-06,1360544.32,1086414.25,274130.07,20.15,6,1,2,37,23675.0,18804.0,80717.0,0.00409,193.8,direct,2111893.91,2036897.36
2022-02-07,1777072.87,1505671.69,271401.18,15.27,0,0,2,38,21436.0,16245.0,79683.0,0.00347,174.9,social_media,1914357.24,2041408.22
2022-02-08,2324022.32,1858719.97,465302.35,20.02,1,0,2,39,26112.0,20992.0,122104.0,0.00463,251.2,organic_search,1721721.01,2061992.78
2022-02-09,2087968.13,1716217.3,371750.83,17.8,2,0,2,40,26252.0,21176.0,93470.0,0.00486,144.7,organic_search,1581085.15,2045954.61
2022-02-10,1681958.09,1377183.24,304774.85,18.12,3,0,2,41,23043.0,16686.0,100004.0,0.00454,216.1,organic_search,1670376.41,2047326.34
2022-02-11,1868277.55,1450465.3,417812.25,22.36,4,0,2,42,20118.0,16255.0,87360.0,0.00457,284.0,paid_search,1775092.86,2050418.04
2022-02-12,2483675.48,2002526.57,481148.91,19.37,5,1,2,43,24012.0,19085.0,104955.0,0.00475,128.7,referral,1940502.68,2094101.45
2022-02-13,2471088.82,2037847.39,433241.43,17.53,6,1,2,44,23278.0,16982.0,88382.0,0.00427,153.9,organic_search,2099151.89,2124846.86
2022-02-14,2477651.08,2066561.36,411089.72,16.59,0,0,2,45,23850.0,17502.0,94646.0,0.00347,184.0,email_campaign,2199234.5,2158702.2
2022-02-15,2911470.49,2304155.38,607315.11,20.86,1,0,2,46,25068.0,19127.0,136790.0,0.00429,100.5,social_media,2283155.66,2186939.91
2022-02-16,3189077.73,2624063.44,565014.29,17.72,2,0,2,47,21370.0,15872.0,88752.0,0.00386,116.3,paid_search,2440457.03,2239183.4
2022-02-17,2365001.98,1930644.21,434357.77,18.37,3,0,2,48,25737.0,20825.0,136570.0,0.00526,283.0,paid_search,2538034.73,2255976.62
2022-02-18,2218074.92,1902787.38,315287.54,14.21,4,0,2,49,21990.0,15713.0,88203.0,0.00475,241.4,paid_search,2588005.79,2262550.37
2022-02-19,2497284.24,2073056.25,424227.99,16.99,5,1,2,50,21404.0,15530.0,87024.0,0.00442,312.5,referral,2589949.89,2304152.06
2022-02-20,3274514.0,2808978.4,465535.6,14.22,6,1,2,51,21183.0,16425.0,109932.0,0.00374,173.2,organic_search,2704724.92,2360604.23
2022-02-21,3231879.49,2662096.96,569782.53,17.63,0,0,2,52,23903.0,19258.0,77844.0,0.00548,191.8,email_campaign,2812471.84,2409713.75
2022-02-22,3646117.64,3080342.28,565775.36,15.52,1,0,2,53,21137.0,16301.0,109650.0,0.00362,185.5,paid_search,2917421.43,2471739.74
2022-02-23,3297595.34,2768284.27,529311.07,16.05,2,0,2,54,23622.0,18720.0,116720.0,0.00408,136.6,organic_search,2932923.94,2517796.04
2022-02-24,2768850.97,2337359.85,431491.12,15.58,3,0,2,55,27069.0,19148.0,131958.0,0.00379,157.7,direct,2990616.66,2527718.43
2022-02-25,2943786.98,2445090.2,498696.78,16.94,4,0,2,56,22660.0,18520.0,110666.0,0.00501,170.3,social_media,3094289.81,2549878.87
2022-02-26,6304749.98,4896174.07,1408575.91,22.34,5,1,2,57,25347.0,17823.0,84668.0,0.00374,268.1,organic_search,3638213.49,2706554.2
2022-02-27,5652340.75,4889448.26,762892.49,13.5,6,1,2,58,24281.0,18217.0,108870.0,0.00333,120.5,organic_search,3977903.02,2801888.31
2022-02-28,6007208.86,4942844.92,1064363.94,17.72,0,0,2,59,23768.0,17903.0,101385.0,0.00526,115.5,social_media,4374378.65,2872207.52
2022-03-01,4532724.33,3774772.1,757952.23,16.72,1,0,3,60,35076.0,24922.0,188403.0,0.00451,128.5,paid_search,4501036.74,2893188.31
2022-03-02,5221766.09,4446394.75,775371.34,14.85,2,0,3,61,32797.0,24764.0,106597.0,0.00354,234.1,paid_search,4775918.28,2961919.53
2022-03-03,1113577.08,936517.95,177059.13,15.9,3,0,3,62,33496.0,24968.0,128870.0,0.00562,281.3,direct,4539450.58,2876622.9
2022-03-04,1265611.41,1001621.35,263990.06,20.86,4,0,3,63,29143.0,20720.0,149452.0,0.00442,279.9,email_campaign,4299711.21,2816395.98
2022-03-05,1917604.21,1671253.56,246350.65,12.85,5,1,3,64,33090.0,26348.0,124117.0,0.00354,266.0,paid_search,3672976.1,2845085.48
2022-03-06,2406752.08,1881208.83,525543.25,21.84,6,1,3,65,28131.0,21694.0,91898.0,0.00423,170.2,paid_search,3209320.58,2887468.47
2022-03-07,3077438.94,2603663.56,473775.38,15.4,0,0,3,66,36095.0,27441.0,191016.0,0.00418,127.7,organic_search,2790782.02,2945856.21
2022-03-08,3777839.97,3199498.52,578341.45,15.31,1,0,3,67,29608.0,21244.0,113879.0,0.00523,156.0,paid_search,2682941.4,3026432.73
2022-03-09,4138590.91,3354044.48,784546.43,18.96,2,0,3,68,33132.0,25858.0,168575.0,0.00497,218.3,organic_search,2528202.09,3105150.0
2022-03-10,3544992.79,2897669.69,647323.1,18.26,3,0,3,69,36196.0,25978.0,157016.0,0.00511,209.5,email_campaign,2875547.19,3145849.01
2022-03-11,3499825.21,2868355.02,631470.19,18.04,4,0,3,70,37101.0,26313.0,171691.0,0.00476,271.0,direct,3194720.59,3192910.91
2022-03-12,3731020.06,3230097.43,500922.63,13.43,5,1,3,71,30790.0,23651.0,115648.0,0.005,292.4,organic_search,3453779.99,3261212.98
2022-03-13,4026635.22,3346220.86,680414.36,16.9,6,1,3,72,33105.0,26902.0,113884.0,0.00332,255.0,organic_search,3685191.87,3333158.24
2022-03-14,4709281.9,3928279.43,781002.47,16.58,0,0,3,73,31168.0,23392.0,118855.0,0.00493,250.1,social_media,3918312.29,3407345.12
2022-03-15,4619237.89,3907599.13,711638.76,15.41,1,0,3,74,36158.0,26392.0,167365.0,0.00361,212.8,referral,4038512.0,3478950.08
2022-03-16,4519934.96,3787149.37,732785.59,16.21,2,0,3,75,32576.0,26436.0,158677.0,0.00342,171.0,organic_search,4092989.72,3547026.21
2022-03-17,5222281.22,4421275.88,801005.34,15.34,3,0,3,76,31161.0,23115.0,118865.0,0.0042,231.6,email_campaign,4332602.35,3624053.24
2022-03-18,4426435.98,3648313.01,778122.97,17.58,4,0,3,77,35552.0,28747.0,144713.0,0.00443,267.8,paid_search,4464975.32,3665298.51
2022-03-19,4313906.61,3587200.12,726706.49,16.85,5,1,3,78,35007.0,25996.0,181623.0,0.0051,233.8,organic_search,4548244.83,3730262.0
2022-03-20,4198964.15,3744253.09,454711.06,10.83,6,1,3,79,32404.0,24992.0,122416.0,0.00328,295.6,organic_search,4572863.24,3796291.64
2022-03-21,4036051.82,3737447.21,298604.61,7.4,0,0,3,80,30451.0,22765.0,130518.0,0.00519,294.6,social_media,4476687.52,3847583.89
2022-03-22,4626820.15,4342565.79,284254.36,6.14,1,0,3,81,31664.0,25114.0,105997.0,0.00364,223.0,paid_search,4477770.7,3892660.77
2022-03-23,5301842.45,4915987.31,385855.14,7.28,2,0,3,82,35235.0,27474.0,187204.0,0.00541,174.4,paid_search,4589471.77,3961659.53
2022-03-24,5052034.89,4744310.26,307724.63,6.09,3,0,3,83,31578.0,22825.0,157354.0,0.0056,209.3,email_campaign,4565150.86,4008523.44
2022-03-25,4122489.22,4014534.97,107954.25,2.62,4,0,3,84,35014.0,25672.0,113707.0,0.00379,292.1,social_media,4521729.9,4036019.9
2022-03-26,4325007.4,4010228.32,314779.08,7.28,5,1,3,85,33598.0,25782.0,156944.0,0.0055,227.4,organic_search,4523315.73,4087891.78
2022-03-27,5169170.11,4775502.11,393668.0,7.62,6,1,3,86,38704.0,29449.0,130774.0,0.00483,281.4,organic_search,4661916.58,4162071.22
2022-03-28,4855258.01,4607293.73,247964.28,5.11,0,0,3,87,31723.0,23937.0,133339.0,0.00522,306.0,social_media,4778946.03,4113754.82
2022-03-29,4908504.49,4613958.54,294545.95,6.0,1,0,3,88,36844.0,29563.0,162546.0,0.00537,245.3,organic_search,4819186.65,4088960.28
2022-03-30,11643208.73,10896036.48,747172.25,6.42,2,0,3,89,32053.0,23649.0,163462.0,0.00571,280.8,paid_search,5725096.12,4276826.94
2022-03-31,9233141.0,8773718.15,459422.85,4.98,3,0,3,90,39105.0,28896.0,147447.0,0.00409,111.7,paid_search,6322396.99,4433507.5
2022-04-01,8299060.74,8041756.19,257304.55,3.1,4,0,4,91,42144.0,30733.0,195904.0,0.00469,228.2,organic_search,6919050.07,4536083.99
2022-04-02,8289456.22,7808017.19,481439.03,5.81,5,1,4,92,40564.0,31682.0,137174.0,0.00517,146.1,referral,7485399.9,4775279.96
2022-04-03,6547965.12,6148445.74,399519.38,6.1,6,1,4,93,47464.0,37125.0,212580.0,0.00481,309.7,social_media,7682370.62,4951358.42
2022-04-04,1974536.55,1802524.97,172011.58,8.71,0,0,4,94,50915.0,38038.0,215316.0,0.00543,120.6,social_media,7270838.98,4953256.16
2022-04-05,3017582.3,2782222.29,235360.01,7.8,1,0,4,95,40856.0,32721.0,183495.0,0.00541,149.0,social_media,7000707.24,4973617.17
2022-04-06,2934004.6,2645021.55,288983.05,9.85,2,0,4,96,47925.0,38848.0,189601.0,0.0056,208.2,paid_search,5756535.22,4968836.02
2022-04-07,1947894.58,1833343.52,114551.06,5.88,3,0,4,97,43669.0,32002.0,212764.0,0.00569,211.9,organic_search,4715785.73,4907837.84
2022-04-08,2516364.3,2311523.71,204840.59,8.14,4,0,4,98,46962.0,33939.0,177371.0,0.0055,103.2,paid_search,3889686.24,4853763.62
2022-04-09,3523261.24,3380510.41,142750.83,4.05,5,1,4,99,42440.0,33001.0,200920.0,0.00458,108.6,referral,3208801.24,4853039.24
2022-04-10,3747690.93,3511278.1,236412.83,6.31,6,1,4,100,49768.0,36522.0,216764.0,0.00444,277.8,paid_search,2808762.07,4861301.43
2022-04-11,4187283.4,3982564.11,204719.29,4.89,0,0,4,101,45070.0,32885.0,144701.0,0.00563,192.4,referral,3124868.76,4876510.21
2022-04-12,4300020.35,4061975.74,238044.61,5.54,1,0,4,102,43246.0,31856.0,165710.0,0.00411,120.2,organic_search,3308074.2,4885623.04
2022-04-13,4888627.31,4546028.85,342598.46,7.01,2,0,4,103,43972.0,31916.0,224660.0,0.00533,249.2,social_media,3587306.02,4891601.22
2022-04-14,4670014.27,4407778.78,262235.49,5.62,3,0,4,104,46250.0,32446.0,165332.0,0.0034,100.2,organic_search,3976180.26,4893293.77
2022-04-15,4908291.49,4288050.23,620241.26,12.64,4,0,4,105,44514.0,34678.0,218562.0,0.00457,203.9,organic_search,4317884.14,4906238.99
2022-04-16,5147946.06,4540748.11,607197.95,11.79,5,1,4,106,39654.0,29009.0,205953.0,0.00525,186.2,social_media,4549981.97,4903761.15
2022-04-17,4470361.38,3877207.22,593154.16,13.27,6,1,4,107,43425.0,33955.0,164100.0,0.00353,298.5,email_campaign,4653220.61,4905225.33
2022-04-18,3680888.01,2995894.73,684993.28,18.61,0,0,4,108,44198.0,31257.0,158705.0,0.00524,219.7,social_media,4580878.41,4884124.71
2022-04-19,4426735.65,3630694.51,796041.14,17.98,1,0,4,109,46622.0,34253.0,244067.0,0.00531,127.5,referral,4598980.6,4891717.09
2022-04-20,4874458.71,4017615.85,856842.86,17.58,2,0,4,110,46525.0,34875.0,177949.0,0.0032,285.8,social_media,4596956.51,4919663.99
2022-04-21,2926459.0,2418771.53,507687.47,17.35,3,0,4,111,48204.0,38947.0,176259.0,0.00572,172.5,social_media,4347877.19,4862985.28
2022-04-22,4609506.19,3890393.56,719112.63,15.6,4,0,4,112,39015.0,28877.0,210946.0,0.00374,161.8,organic_search,4305193.57,4839907.41
2022-04-23,4709847.04,3925675.06,784171.98,16.65,5,1,4,113,47534.0,35380.0,251668.0,0.00467,172.5,paid_search,4242608.0,4828501.15
2022-04-24,5020542.99,4173556.86,846986.13,16.87,6,1,4,114,50247.0,38699.0,164392.0,0.00485,125.8,paid_search,4321205.37,4858436.27
2022-04-25,4873788.42,3954819.04,918969.38,18.86,0,0,4,115,45074.0,36767.0,194189.0,0.00561,214.1,paid_search,4491619.71,4876728.97
2022-04-26,5688161.6,4770812.83,917348.77,16.13,1,0,4,116,42549.0,33144.0,160644.0,0.0048,141.2,referral,4671823.42,4894028.69
2022-04-27,5361513.76,4376745.35,984768.41,18.37,2,0,4,117,43119.0,33031.0,167038.0,0.00527,147.1,organic_search,4741402.71,4910903.88
2022-04-28,5590934.3,4645081.23,945853.07,16.92,3,0,4,118,46696.0,37526.0,164806.0,0.00574,293.6,social_media,5122042.04,4933651.54
2022-04-29,7579535.07,6187238.79,1392296.28,18.37,4,0,4,119,38774.0,30376.0,149304.0,0.00405,143.7,email_campaign,5546331.88,4798195.75
2022-04-30,6592777.23,5405333.92,1187443.31,18.01,5,1,4,120,48271.0,34401.0,205748.0,0.00483,234.2,paid_search,5815321.91,4710183.63
2022-05-01,5680859.44,4706859.17,974000.27,17.15,6,1,5,121,46440.0,35572.0,150451.0,0.00547,266.2,organic_search,5909652.83,4622910.25
2022-05-02,4291036.44,3434252.59,856783.85,19.97,0,0,5,122,43201.0,31271.0,152718.0,0.00529,110.5,paid_search,5826402.55,4489629.59
2022-05-03,5504853.65,4531490.74,973362.91,17.68,1,0,5,123,43413.0,33025.0,178141.0,0.00351,125.9,organic_search,5800215.7,4454859.21
2022-05-04,1792730.62,1492900.17,299830.45,16.72,2,0,5,124,45850.0,37014.0,214094.0,0.00493,262.5,social_media,5290389.54,4448799.01
2022-05-05,3556300.98,2916616.09,639684.89,17.99,3,0,5,125,47226.0,34964.0,191784.0,0.00537,153.3,direct,4999727.63,4466756.3
2022-05-06,2532060.94,2027456.78,504604.16,19.93,4,0,5,126,37977.0,30976.0,136672.0,0.00484,230.4,social_media,4278659.9,4453358.18
2022-05-07,3620303.23,3000039.1,620264.13,17.13,5,1,5,127,42010.0,29449.0,180265.0,0.00569,254.6,direct,3854020.76,4509105.13
2022-05-08,2468343.71,1923320.47,545023.24,22.08,6,1,5,128,38928.0,30245.0,193556.0,0.00346,241.7,paid_search,3395089.94,4507504.45
2022-05-09,2985986.67,2430054.67,555932.0,18.62,0,0,5,129,42454.0,31780.0,213593.0,0.00337,201.8,organic_search,3208654.26,4489595.29
2022-05-10,3668495.19,2955983.75,712511.44,19.42,1,0,5,130,39754.0,28238.0,178091.0,0.00529,116.9,organic_search,2946317.33,4486955.44
2022-05-11,4347378.73,3521156.43,826222.3,19.01,2,0,5,131,38601.0,27372.0,150402.0,0.00327,136.3,organic_search,3311267.06,4492291.95
2022-05-12,4753134.02,3878195.49,874938.53,18.41,3,0,5,132,39174.0,29779.0,127140.0,0.00348,258.9,organic_search,3482243.21,4507395.74
2022-05-13,3479131.38,2953956.65,525174.73,15.09,4,0,5,133,42638.0,34379.0,150563.0,0.00329,245.1,organic_search,3617538.99,4460412.54
2022-05-14,4406804.98,3730445.32,676359.66,15.35,5,1,5,134,45546.0,36408.0,241402.0,0.0044,197.9,paid_search,3729896.38,4451638.9
2022-05-15,4455089.7,3604418.84,850670.86,19.09,6,1,5,135,48367.0,38529.0,169548.0,0.00512,178.6,direct,4013717.24,4436532.17
2022-05-16,4323621.35,3469983.75,853637.6,19.74,0,0,5,136,37310.0,29184.0,119833.0,0.00509,215.0,social_media,4204807.91,4409054.68
2022-05-17,4158982.96,3363524.3,795458.66,19.13,1,0,5,137,39183.0,30677.0,141878.0,0.00335,165.3,paid_search,4274877.59,4398675.4
2022-05-18,6094171.87,4997123.61,1097048.26,18.0,2,0,5,138,39338.0,28360.0,188861.0,0.00423,150.2,organic_search,4524419.47,4479118.19
2022-05-19,5824908.18,4737898.72,1087009.46,18.66,3,0,5,139,50386.0,38175.0,275560.0,0.00407,288.5,organic_search,4677530.06,4525723.94
2022-05-20,2226534.2,1797128.71,429405.49,19.29,4,0,5,140,36419.0,28338.0,146098.0,0.00533,313.4,organic_search,4498587.61,4437459.79
2022-05-21,4033154.28,3341369.82,691784.46,17.15,5,1,5,141,49387.0,40268.0,207689.0,0.00341,115.5,social_media,4445208.93,4474349.64
2022-05-22,5000275.74,4124194.76,876080.98,17.52,6,1,5,142,42073.0,31253.0,199334.0,0.00407,274.4,organic_search,4523092.65,4487375.29
2022-05-23,3647180.26,3055864.88,591315.38,16.21,0,0,5,143,36172.0,29099.0,175445.0,0.00336,102.5,paid_search,4426458.21,4451953.06
2022-05-24,4442598.36,3584450.45,858147.91,19.32,1,0,5,144,41157.0,31416.0,155103.0,0.00336,294.0,organic_search,4466974.7,4432688.24
2022-05-25,6573956.43,5501922.55,1072033.88,16.31,2,0,5,145,45321.0,35057.0,214638.0,0.00468,109.1,referral,4535515.35,4489360.51
2022-05-26,6284218.49,5141408.99,1142809.5,18.19,3,0,5,146,44370.0,32896.0,225409.0,0.00417,211.5,organic_search,4601131.11,4509229.07
2022-05-27,3652675.9,2933129.2,719546.7,19.7,4,0,5,147,37986.0,27205.0,169620.0,0.00529,172.7,organic_search,4804865.64,4452267.81
2022-05-28,3223975.84,2664148.14,559827.7,17.36,5,1,5,148,41345.0,30685.0,214142.0,0.00537,241.5,organic_search,4689268.72,4373369.19
2022-05-29,5327455.25,4413502.81,913952.44,17.16,6,1,5,149,42319.0,33504.0,190894.0,0.00356,125.9,social_media,4736008.65,4298299.87
2022-05-30,8158502.0,6931185.72,1227316.28,15.04,0,0,5,150,43665.0,35277.0,164071.0,0.00442,129.4,organic_search,5380483.18,4350490.69
2022-05-31,8513166.37,6787523.6,1725642.77,20.27,1,0,5,151,32603.0,24732.0,116825.0,0.00566,315.9,paid_search,5961992.9,4444900.92
2022-06-01,8373363.4,7038218.52,1335144.88,15.95,2,0,6,152,38689.0,28947.0,191690.0,0.00474,149.7,social_media,6219051.04,4580978.49
2022-06-02,8325437.52,6796380.79,1529056.73,18.37,3,0,6,153,38883.0,28520.0,165887.0,0.0036,136.6,organic_search,6510653.75,4674997.95
2022-06-03,6585522.44,5345747.87,1239774.57,18.83,4,0,6,154,47464.0,35006.0,215933.0,0.00426,188.3,email_campaign,6929631.83,4834757.68
2022-06-04,2998952.42,2492875.15,506077.27,16.88,5,1,6,155,42514.0,30168.0,160294.0,0.00513,115.0,social_media,6897485.63,4816179.39
2022-06-05,2945501.79,2481566.23,463935.56,15.75,6,1,6,156,47723.0,37307.0,253750.0,0.00398,206.4,organic_search,6557206.56,4829960.76
2022-06-06,3100859.0,2519872.17,580986.83,18.74,0,0,6,157,41983.0,34144.0,147719.0,0.00436,284.0,paid_search,5834686.13,4812645.95
2022-06-07,3673238.8,3096187.02,577051.78,15.71,1,0,6,158,49231.0,39865.0,223238.0,0.00395,262.8,paid_search,5143267.91,4852809.12
2022-06-08,3686799.9,3086016.13,600783.77,16.3,2,0,6,159,41338.0,31512.0,143167.0,0.00484,314.0,paid_search,4473758.84,4876169.56
2022-06-09,2619038.14,2169844.13,449194.01,17.15,3,0,6,160,44804.0,32533.0,172103.0,0.00327,287.3,social_media,3658558.93,4841187.66
2022-06-10,3369544.01,2830537.04,539006.97,16.0,4,0,6,161,40361.0,29408.0,139315.0,0.00448,217.9,social_media,3199133.44,4808593.17
2022-06-11,4463584.56,3478666.52,984918.04,22.07,5,1,6,162,44509.0,36216.0,151598.0,0.00541,295.8,organic_search,3408366.6,4798941.52
2022-06-12,4561669.81,3820200.11,741469.7,16.25,6,1,6,163,44254.0,35441.0,227739.0,0.00421,223.4,social_media,3639247.75,4835026.13
2022-06-13,4221162.05,3579316.15,641845.9,15.21,0,0,6,164,47786.0,37951.0,241917.0,0.00528,160.6,paid_search,3799291.04,4828838.03
2022-06-14,4843640.76,3943051.0,900589.76,18.59,1,0,6,165,40529.0,32509.0,170075.0,0.00549,163.9,social_media,3966491.32,4841789.74
2022-06-15,4969823.53,4197066.37,772757.16,15.55,2,0,6,166,43670.0,35143.0,238821.0,0.00561,263.8,organic_search,4149780.41,4863329.81
2022-06-16,4143877.35,3546880.86,596996.49,14.41,3,0,6,167,35734.0,26473.0,188402.0,0.00437,188.3,social_media,4367614.58,4862826.29
2022-06-17,4914374.7,4127718.74,786655.96,16.01,4,0,6,168,40803.0,32200.0,144108.0,0.00348,234.2,social_media,4588304.68,4823499.72
2022-06-18,4817780.87,3824360.06,993420.81,20.62,5,1,6,169,41578.0,30956.0,209905.0,0.00326,156.7,organic_search,4638904.15,4789928.81
2022-06-19,3795086.21,3161112.99,633973.22,16.71,6,1,6,170,40028.0,30573.0,130817.0,0.00385,264.8,social_media,4529392.21,4842213.87
2022-06-20,3323030.57,2753309.16,569721.41,17.14,0,0,6,171,44660.0,35988.0,182087.0,0.00369,186.1,email_campaign,4401087.71,4818543.08
2022-06-21,4271838.09,3517936.59,753901.5,17.65,1,0,6,172,42645.0,33601.0,224443.0,0.00486,105.7,social_media,4319401.62,4794261.83
2022-06-22,5182306.11,4283552.22,898753.89,17.34,2,0,6,173,45359.0,34260.0,230261.0,0.00511,213.0,paid_search,4349756.27,4845432.69
2022-06-23,3276933.23,2698817.37,578115.86,17.64,3,0,6,174,44936.0,31522.0,203312.0,0.00442,252.2,referral,4225907.11,4806577.18
2022-06-24,4334289.08,3840132.24,494156.84,11.4,4,0,6,175,45490.0,33696.0,214448.0,0.00441,167.5,paid_search,4143037.74,4731921.61
2022-06-25,3650772.37,3465656.03,185116.34,5.07,5,1,6,176,47230.0,37140.0,153361.0,0.00483,182.7,organic_search,3976322.24,4644140.07
2022-06-26,3313898.55,3251613.07,62285.48,1.88,6,1,6,177,50947.0,37063.0,203644.0,0.00419,104.7,organic_search,3907581.14,4632847.49
2022-06-27,3481464.68,3545701.77,-64237.09,-1.85,0,0,6,178,44325.0,33965.0,198590.0,0.00562,275.2,paid_search,3930214.59,4641430.45
2022-06-28,5799352.35,5797836.84,1515.51,0.03,1,0,6,179,48458.0,35647.0,176247.0,0.00331,301.6,organic_search,4148430.91,4657160.36
2022-06-29,7265484.49,7471904.08,-206419.59,-2.84,2,0,6,180,44124.0,31005.0,144998.0,0.00398,129.7,direct,4446027.82,4627393.11
2022-06-30,5503799.91,5548808.71,-45008.8,-0.82,3,0,6,181,43026.0,32328.0,194772.0,0.00422,301.0,paid_search,4764151.63,4527080.89
2022-07-01,5150082.22,5158929.6,-8847.38,-0.17,4,0,7,182,32388.0,25146.0,126327.0,0.00464,214.1,referral,4880693.51,4419638.18
2022-07-02,4591824.74,4681370.69,-89545.95,-1.95,5,1,7,183,35455.0,25208.0,152256.0,0.00474,289.6,organic_search,5015129.56,4295184.42
2022-07-03,3487232.0,3467227.39,20004.61,0.57,6,1,7,184,32450.0,24137.0,143250.0,0.00454,186.6,social_media,5039891.48,4191908.08
2022-07-04,1208545.64,1210803.29,-2257.65,-0.19,0,0,7,185,31174.0,24165.0,110469.0,0.00381,218.3,organic_search,4715188.76,4132227.85
2022-07-05,1079245.09,1067117.75,12127.34,1.12,1,0,7,186,32386.0,26366.0,104994.0,0.00516,111.2,organic_search,4040887.73,4070019.29
2022-07-06,2003115.26,1958001.67,45113.59,2.25,2,0,7,187,35979.0,25482.0,194096.0,0.00574,261.1,email_campaign,3289120.69,4033427.84
2022-07-07,2178171.4,2191625.58,-13454.18,-0.62,3,0,7,188,35410.0,25983.0,147788.0,0.00404,260.6,email_campaign,2814030.91,3983592.26
2022-07-08,1881078.1,1982500.01,-101421.91,-5.39,4,0,7,189,33780.0,24238.0,125119.0,0.00412,116.6,organic_search,2347030.32,3923401.53
2022-07-09,1988747.3,2091746.39,-102999.09,-5.18,5,1,7,190,32667.0,26631.0,169226.0,0.00324,124.3,organic_search,1975162.11,3902391.83
2022-07-10,2250020.87,2249417.16,603.71,0.03,6,1,7,191,38687.0,30792.0,126697.0,0.00444,270.2,email_campaign,1798417.67,3865074.4
2022-07-11,3085208.06,3120714.69,-35506.63,-1.15,0,0,7,192,34744.0,26462.0,188041.0,0.00527,312.0,paid_search,2066512.3,3819128.51
2022-07-12,3275001.85,3465716.5,-190714.65,-5.82,1,0,7,193,34500.0,26472.0,173654.0,0.00355,172.8,referral,2380191.83,3776239.58
2022-07-13,3331997.68,3265956.0,66041.68,1.98,2,0,7,194,40352.0,30225.0,200261.0,0.00505,242.4,organic_search,2570032.18,3746600.77
2022-07-14,3428606.64,3482102.84,-53496.2,-1.56,3,0,7,195,33730.0,26590.0,136867.0,0.00535,200.5,paid_search,2748665.79,3699432.96
2022-07-15,3272104.3,3382105.17,-110000.87,-3.36,4,0,7,196,31770.0,23096.0,154529.0,0.00444,110.6,organic_search,2947383.81,3642842.32
2022-07-16,3060600.17,3054594.29,6005.88,0.2,5,1,7,197,36700.0,29083.0,182157.0,0.00578,298.3,organic_search,3100505.65,3606733.08
2022-07-17,3238870.01,3239433.47,-563.46,-0.02,6,1,7,198,31361.0,23759.0,152630.0,0.0038,294.1,direct,3241769.82,3550882.93
2022-07-18,3305333.1,3363292.96,-57959.86,-1.75,0,0,7,199,34657.0,26158.0,165506.0,0.00561,120.4,paid_search,3273216.25,3500468.0
2022-07-19,3101945.44,3019090.18,82855.26,2.67,1,0,7,200,31117.0,22846.0,151522.0,0.00474,315.2,paid_search,3248493.91,3477363.31
2022-07-20,3436240.82,3222539.9,213700.92,6.22,2,0,7,201,35172.0,27662.0,169318.0,0.00479,229.1,referral,3263385.78,3481136.98
2022-07-21,3596036.01,3119249.05,476786.96,13.26,3,0,7,202,35179.0,27431.0,163459.0,0.00491,230.6,organic_search,3287304.26,3458610.25
2022-07-22,2771453.13,2364982.84,406470.29,14.67,4,0,7,203,34709.0,28244.0,129053.0,0.00569,114.5,email_campaign,3215782.67,3378248.48
2022-07-23,4190232.53,3612754.83,577477.7,13.78,5,1,7,204,37128.0,28407.0,172419.0,0.0049,290.9,referral,3377158.72,3408691.79
2022-07-24,3833852.9,3118207.38,715645.52,18.67,6,1,7,205,32101.0,24091.0,144729.0,0.00376,135.2,paid_search,3462156.28,3392010.59
2022-07-25,2614143.21,2099890.98,514252.23,19.67,0,0,7,206,32502.0,23998.0,126179.0,0.00519,141.1,direct,3363414.86,3357456.28
2022-07-26,3176075.37,2651641.17,524434.2,16.51,1,0,7,207,37013.0,29716.0,176364.0,0.00489,276.5,social_media,3374004.85,3352862.18
2022-07-27,4214912.76,3467925.47,746987.29,17.72,2,0,7,208,39359.0,29484.0,178642.0,0.00368,227.7,social_media,3485243.7,3377310.44
2022-07-28,4859620.98,3942867.94,916753.04,18.86,3,0,7,209,35826.0,26977.0,136531.0,0.00428,261.6,email_campaign,3665755.84,3345986.07
2022-07-29,3226100.81,2681143.22,544957.59,16.89,4,0,7,210,29929.0,22065.0,126776.0,0.00514,297.4,paid_search,3730705.51,3211339.94
2022-07-30,2682461.47,2137462.32,544999.15,20.32,5,1,7,211,35132.0,25037.0,161051.0,0.0042,266.1,organic_search,3515309.64,3117295.33
2022-07-31,4622917.86,3735517.99,887399.87,19.2,6,1,7,212,34314.0,24482.0,147350.0,0.00329,252.7,email_campaign,3628033.21,3099723.18
2022-08-01,4081818.17,3201046.8,880771.37,21.58,0,0,8,213,39152.0,28060.0,179948.0,0.00458,254.0,social_media,3837701.06,3082722.96
2022-08-02,4490226.96,3711709.11,778517.85,17.34,1,0,8,214,37188.0,27221.0,188219.0,0.00391,240.7,email_campaign,4025437.0,3116156.13
2022-08-03,5085558.26,4209543.55,876014.71,17.23,2,0,8,215,40097.0,32382.0,207500.0,0.00576,211.3,referral,4149814.93,3245389.88
2022-08-04,4345026.44,3614349.89,730676.55,16.82,3,0,8,216,39154.0,30610.0,170894.0,0.00325,127.7,email_campaign,4076301.42,3354249.26
2022-08-05,2114789.45,1780212.48,334576.97,15.82,4,0,8,217,39534.0,30810.0,190411.0,0.00492,295.6,social_media,3917542.66,3357971.74
2022-08-06,2325289.52,2017328.21,307961.31,13.24,5,1,8,218,39578.0,31017.0,160610.0,0.00375,304.9,referral,3866518.09,3362875.67
2022-08-07,2331541.43,1882527.46,449013.97,19.26,6,1,8,219,41050.0,31032.0,160670.0,0.00574,211.9,paid_search,3539178.6,3377891.12
2022-08-08,3054473.91,2576748.48,477725.43,15.64,0,0,8,220,37273.0,30036.0,179334.0,0.00465,185.7,paid_search,3392415.14,3413415.34
2022-08-09,2488386.71,1932711.49,555675.22,22.33,1,0,8,221,35567.0,27505.0,130126.0,0.005,317.9,organic_search,3106437.96,3421360.86
2022-08-10,2963483.62,2399743.47,563740.15,19.02,2,0,8,222,39163.0,30794.0,189381.0,0.00326,206.5,paid_search,2803284.44,3417303.38
2022-08-11,3674343.1,3109434.98,564908.12,15.37,3,0,8,223,39582.0,27936.0,160850.0,0.00547,212.8,organic_search,2707472.53,3430614.76
2022-08-12,2787707.25,2241846.4,545860.85,19.58,4,0,8,224,41209.0,31467.0,172618.0,0.00546,157.4,paid_search,2803603.65,3412471.74
2022-08-13,1789226.45,1446390.99,342835.46,19.16,5,1,8,225,40912.0,33168.0,183089.0,0.00343,118.9,organic_search,2727023.21,3357825.74
2022-08-14,2557373.24,2109123.95,448249.29,17.53,6,1,8,226,37511.0,28726.0,173595.0,0.00483,101.9,email_campaign,2759284.9,3334001.37
2022-08-15,3869248.63,3309171.5,560077.13,14.48,0,0,8,227,36588.0,26589.0,132120.0,0.00451,276.3,email_campaign,2875681.29,3360956.32
2022-08-16,3139997.28,2622848.5,517148.78,16.47,1,0,8,228,34912.0,26494.0,184855.0,0.00467,241.9,social_media,2968768.51,3357660.56
2022-08-17,3480892.06,2948849.64,532042.42,15.28,2,0,8,229,33645.0,24397.0,180016.0,0.00534,169.1,paid_search,3042684.0,3363512.53
2022-08-18,4171974.77,3471070.42,700904.35,16.8,3,0,8,230,36212.0,27205.0,141806.0,0.00415,197.0,organic_search,3113774.24,3399180.17
2022-08-19,2011108.63,1643391.76,367716.87,18.28,4,0,8,231,41063.0,31131.0,138743.0,0.00472,275.3,organic_search,3002831.58,3351675.76
2022-08-20,2479005.37,2092133.98,386871.39,15.61,5,1,8,232,42765.0,30300.0,168327.0,0.0044,240.5,paid_search,3101371.43,3314441.41
2022-08-21,2235990.02,1905397.24,330592.78,14.79,6,1,8,233,39407.0,31207.0,144120.0,0.00347,211.8,paid_search,3055459.54,3296592.64
2022-08-22,3743695.22,3095599.8,648095.42,17.31,0,0,8,234,34255.0,27894.0,122349.0,0.00462,110.9,organic_search,3037523.34,3281708.06
2022-08-23,2422220.1,1951701.71,470518.39,19.43,1,0,8,235,38088.0,28982.0,128979.0,0.00452,315.6,social_media,2934983.74,3234653.64
2022-08-24,3292983.26,2679505.93,613477.33,18.63,2,0,8,236,40479.0,30418.0,146980.0,0.00438,224.4,paid_search,2908139.62,3257281.64
2022-08-25,3512475.16,2996327.54,516147.62,14.69,3,0,8,237,41058.0,30306.0,219198.0,0.00418,301.9,paid_search,2813925.39,3268494.96
2022-08-26,3544046.7,2980867.4,563179.3,15.89,4,0,8,238,38935.0,29454.0,168649.0,0.00493,260.2,organic_search,3032916.55,3246132.76
2022-08-27,2367664.33,1897436.06,470228.27,19.86,5,1,8,239,36063.0,25453.0,181340.0,0.00491,244.5,paid_search,3017010.68,3163067.54
2022-08-28,7051722.27,5879145.36,1172576.91,16.63,6,1,8,240,37831.0,28968.0,138534.0,0.00495,305.0,referral,3704972.43,3290588.25
2022-08-29,7928796.83,6503005.43,1425791.4,17.98,0,0,8,241,34115.0,27071.0,132208.0,0.00396,124.2,direct,4302844.09,3465466.1
2022-08-30,6574345.89,5482415.72,1091930.17,16.61,1,0,8,242,31044.0,22542.0,128484.0,0.00496,308.7,social_media,4896004.92,3530513.7
2022-08-31,7627532.44,6341793.09,1285739.35,16.86,2,0,8,243,36776.0,27593.0,183314.0,0.0058,119.6,referral,5515226.23,3648704.18
2022-09-01,6284732.49,5155753.38,1128979.11,17.96,3,0,9,244,27076.0,19788.0,132027.0,0.00492,312.5,organic_search,5911262.99,3708521.03
2022-09-02,1902817.9,1746845.19,155972.71,8.2,4,0,9,245,26168.0,21157.0,89557.0,0.0033,178.2,paid_search,5676801.74,3602429.68
2022-09-03,1443083.36,1319555.66,123527.7,8.56,5,1,9,246,26717.0,19490.0,89893.0,0.00366,247.7,organic_search,5544718.74,3505698.25
2022-09-04,1814811.35,1668265.18,146546.17,8.08,6,1,9,247,26986.0,20282.0,142233.0,0.0053,241.9,social_media,4796588.61,3495698.98
2022-09-05,2214621.47,2091481.45,123140.02,5.56,0,0,9,248,29790.0,21719.0,129819.0,0.00441,310.0,paid_search,3980277.84,3492010.04
2022-09-06,1440405.44,1324005.11,116400.33,8.08,1,0,9,249,25213.0,18681.0,129916.0,0.0044,295.8,organic_search,3246857.78,3462305.51
2022-09-07,1890879.55,1717460.94,173418.61,9.17,2,0,9,250,27316.0,19634.0,94008.0,0.00353,266.4,paid_search,2427335.94,3423519.03
2022-09-08,3137260.99,2854328.48,282932.51,9.02,3,0,9,251,25002.0,18438.0,137423.0,0.00388,146.1,organic_search,1977697.15,3445148.17
2022-09-09,1905843.43,1773901.8,131941.63,6.92,4,0,9,252,26537.0,21323.0,122541.0,0.00483,108.9,organic_search,1978129.37,3409893.5
2022-09-10,3003150.84,2629180.97,373969.87,12.45,5,1,9,253,28133.0,22594.0,127438.0,0.00419,316.1,email_campaign,2200996.15,3387520.42
2022-09-11,3574194.77,3355823.68,218371.09,6.11,6,1,9,254,29604.0,23624.0,126975.0,0.00378,257.0,email_campaign,2452336.64,3413736.67
2022-09-12,3415849.51,3102681.39,313168.12,9.17,0,0,9,255,27314.0,21746.0,108646.0,0.00328,251.4,direct,2623940.65,3467957.44
2022-09-13,2521208.91,2449598.89,71610.02,2.84,1,0,9,256,27859.0,20442.0,118748.0,0.00463,170.3,direct,2778341.14,3466751.97
2022-09-14,2125189.04,1992207.12,132981.92,6.26,2,0,9,257,29359.0,22541.0,145598.0,0.00526,263.5,social_media,2811813.93,3408616.65
2022-09-15,3154006.65,2833555.37,320451.28,10.16,3,0,9,258,25643.0,19214.0,90014.0,0.00432,198.5,paid_search,2814206.16,3409083.62
2022-09-16,2557894.76,2402816.85,155077.91,6.06,4,0,9,259,25367.0,19808.0,117896.0,0.00434,311.0,paid_search,2907356.35,3378317.05
2022-09-17,1810510.0,1735920.18,74589.82,4.12,5,1,9,260,26163.0,20085.0,88784.0,0.00435,232.0,organic_search,2736979.09,3299601.56
2022-09-18,2355578.71,2098692.33,256886.38,10.91,6,1,9,261,24338.0,17411.0,108739.0,0.00513,148.6,organic_search,2562891.08,3311083.89
2022-09-19,2832515.44,2618684.64,213830.8,7.55,0,0,9,262,27785.0,21122.0,124074.0,0.00514,187.8,paid_search,2479557.64,3322867.56
2022-09-20,1813002.77,1685796.46,127206.31,7.02,1,0,9,263,28085.0,20197.0,102914.0,0.0057,316.2,organic_search,2378385.34,3308767.99
2022-09-21,2262085.02,2156585.58,105499.44,4.66,2,0,9,264,27876.0,21987.0,136252.0,0.00557,293.5,referral,2397941.91,3259380.98
2022-09-22,3106149.95,2910964.29,195185.66,6.28,3,0,9,265,28453.0,22978.0,94157.0,0.00354,289.3,organic_search,2391105.24,3282178.64
2022-09-23,2634119.24,2453809.45,180309.79,6.85,4,0,9,266,28503.0,23121.0,91219.0,0.00362,125.7,email_campaign,2401994.45,3260216.51
2022-09-24,2896411.14,2694695.72,201715.42,6.96,5,1,9,267,25583.0,19006.0,86745.0,0.00439,274.9,social_media,2557123.18,3239681.04
2022-09-25,3041369.47,2753150.12,288219.35,9.48,6,1,9,268,26953.0,19520.0,113157.0,0.00541,245.6,paid_search,2655093.29,3222925.13
2022-09-26,5205389.57,4849044.63,356344.94,6.85,0,0,9,269,29151.0,21331.0,106783.0,0.00344,269.1,organic_search,2994075.31,3317515.97
2022-09-27,4259834.95,3803492.23,456342.72,10.71,1,0,9,270,30503.0,21593.0,118000.0,0.0046,277.8,paid_search,3343622.76,3224453.06
2022-09-28,4257301.76,3860995.61,396306.15,9.31,2,0,9,271,26172.0,18792.0,128060.0,0.00437,179.9,referral,3628653.73,3102069.89
2022-09-29,4352754.23,4023586.93,329167.3,7.56,3,0,9,272,26129.0,20686.0,125303.0,0.00409,254.8,paid_search,3806740.05,3028016.84
2022-09-30,2551313.88,2332362.64,218951.24,8.58,4,0,9,273,26964.0,19431.0,145584.0,0.00339,305.0,email_campaign,3794910.71,2858809.55
2022-10-01,1469771.93,1293984.1,175787.83,11.96,5,1,10,274,21915.0,16618.0,104680.0,0.00553,222.3,organic_search,3591105.11,2698310.87
2022-10-02,1289798.82,1015484.47,274314.35,21.27,6,1,10,275,23650.0,19243.0,102949.0,0.00556,220.7,social_media,3340880.73,2677876.9
2022-10-03,2179072.88,1799910.69,379162.19,17.4,0,0,10,276,23086.0,16613.0,97440.0,0.00402,286.8,referral,2908549.78,2702409.88
2022-10-04,2751920.12,2302490.12,449430.0,16.33,1,0,10,277,19419.0,13982.0,97948.0,0.00359,118.5,paid_search,2693133.37,2733646.84
2022-10-05,1527341.84,1209546.76,317795.08,20.81,2,0,10,278,24340.0,19102.0,77914.0,0.00357,238.3,organic_search,2303139.1,2710737.52
2022-10-06,2026518.43,1678609.18,347909.25,17.17,3,0,10,279,25978.0,20520.0,131568.0,0.00505,254.7,social_media,1970819.7,2730274.62
2022-10-07,1406363.3,1112130.94,294232.36,20.92,4,0,10,280,20341.0,15198.0,108359.0,0.00542,277.7,direct,1807255.33,2714124.08
2022-10-08,2137543.63,1805932.34,331611.29,15.51,5,1,10,281,24311.0,19360.0,90149.0,0.00395,153.3,organic_search,1902651.29,2680800.17
2022-10-09,1805775.79,1488842.7,316933.09,17.55,6,1,10,282,22950.0,16938.0,91335.0,0.00486,167.2,organic_search,1976362.28,2677464.58
2022-10-10,2356440.12,1975941.69,380498.43,16.15,0,0,10,283,20656.0,16553.0,70928.0,0.00349,285.1,referral,2001700.46,2655907.55
2022-10-11,2270162.6,1955651.17,314511.43,13.85,1,0,10,284,18965.0,15480.0,94939.0,0.00416,163.7,organic_search,1932877.96,2612439.82
2022-10-12,1976207.14,1617749.24,358457.9,18.14,2,0,10,285,15278.0,12043.0,64352.0,0.0052,220.3,email_campaign,1997001.57,2564451.74
2022-10-13,2430819.33,1940628.06,490191.27,20.17,3,0,10,286,21504.0,15909.0,88710.0,0.00322,162.6,paid_search,2054758.84,2561438.75
2022-10-14,1927818.67,1586067.15,341751.52,17.73,4,0,10,287,18534.0,14990.0,78741.0,0.00447,210.2,paid_search,2129252.47,2554859.74
2022-10-15,1986495.19,1576156.75,410338.44,20.66,5,1,10,288,19596.0,14437.0,88641.0,0.00383,230.7,social_media,2107674.12,2515942.69
2022-10-16,1897952.11,1655869.65,242082.46,12.75,6,1,10,289,21272.0,15771.0,87737.0,0.00506,173.9,email_campaign,2120842.17,2493944.6
2022-10-17,2507328.8,2119354.36,387974.44,15.47,0,0,10,290,23281.0,18812.0,75013.0,0.00497,202.4,social_media,2142397.69,2517171.89
2022-10-18,3170696.65,2645141.42,525555.23,16.58,1,0,10,291,20030.0,14036.0,71188.0,0.00395,162.3,organic_search,2271045.41,2544342.49
2022-10-19,2324314.45,1931007.25,393307.2,16.92,2,0,10,292,19931.0,14569.0,85875.0,0.00336,218.8,organic_search,2320775.03,2527402.46
2022-10-20,2591151.06,2095872.66,495278.4,19.11,3,0,10,293,25130.0,18775.0,97221.0,0.00579,195.9,social_media,2343679.56,2553340.74
2022-10-21,2662328.56,2201489.2,460839.36,17.31,4,0,10,294,19560.0,14642.0,92451.0,0.00386,183.8,email_campaign,2448609.55,2566682.19
2022-10-22,2407124.47,1949055.98,458068.49,19.03,5,1,10,295,22443.0,16339.0,94221.0,0.00398,114.1,paid_search,2508699.44,2543381.34
2022-10-23,1971627.46,1628494.03,343133.43,17.4,6,1,10,296,19004.0,15022.0,85593.0,0.00393,108.7,social_media,2519224.49,2521298.28
2022-10-24,2678456.17,2245907.36,432548.81,16.15,0,0,10,297,19897.0,14648.0,98981.0,0.00411,230.2,email_campaign,2543671.26,2514033.11
2022-10-25,3003375.87,2373976.27,629399.6,20.96,1,0,10,298,18586.0,13399.0,94207.0,0.00329,192.6,organic_search,2519768.29,2512766.66
2022-10-26,2345490.55,1902512.75,442977.8,18.89,2,0,10,299,20955.0,16059.0,84932.0,0.00471,244.5,organic_search,2522793.45,2417436.69
2022-10-27,2493935.72,2087492.57,406443.15,16.3,3,0,10,300,21533.0,16570.0,81302.0,0.00348,207.3,social_media,2508905.54,2358573.38
2022-10-28,4210212.53,3513694.7,696517.83,16.54,4,0,10,301,21235.0,16676.0,80918.0,0.00523,241.9,social_media,2730031.82,2357003.74
2022-10-29,3626939.26,2918150.87,708788.39,19.54,5,1,10,302,20080.0,14795.0,89735.0,0.00457,258.0,email_campaign,2904291.08,2332809.91
2022-10-30,3130677.4,2518990.77,611686.63,19.54,6,1,10,303,22842.0,16570.0,93151.0,0.00429,250.0,organic_search,3069869.64,2352122.03
2022-10-31,4630791.46,3823758.6,807032.86,17.43,0,0,10,304,21079.0,14809.0,78371.0,0.00549,262.3,organic_search,3348774.68,2457489.35
2022-11-01,3025164.28,2504688.31,520475.97,17.2,1,0,11,305,18752.0,13778.0,88117.0,0.00356,309.0,paid_search,3351887.31,2515334.86
2022-11-02,1338326.56,1136192.76,202133.8,15.1,2,0,11,306,19089.0,14911.0,81187.0,0.00527,142.7,organic_search,3208006.74,2487309.98
2022-11-03,1253721.23,994106.82,259614.41,20.71,3,0,11,307,17164.0,13896.0,75376.0,0.00524,303.7,paid_search,3030833.25,2437370.02
2022-11-04,1065066.0,908402.36,156663.64,14.71,4,0,11,308,16168.0,11784.0,54349.0,0.00347,319.3,social_media,2581526.6,2421960.83
2022-11-05,1826120.07,1592683.79,233436.28,12.78,5,1,11,309,18481.0,13228.0,68053.0,0.00403,288.8,paid_search,2324266.71,2415280.88
2022-11-06,2207719.98,1750011.7,457708.28,20.73,6,1,11,310,19560.0,15002.0,65417.0,0.00387,158.7,email_campaign,2192415.65,2441992.77
2022-11-07,1655852.99,1340974.43,314878.56,19.02,0,0,11,311,17218.0,12471.0,68229.0,0.00468,105.4,email_campaign,1767424.44,2425936.42
2022-11-08,1781413.12,1480654.53,300758.59,16.88,1,0,11,312,17282.0,12705.0,94751.0,0.004,280.0,email_campaign,1589745.71,2425124.33
2022-11-09,845358.47,699535.31,145823.16,17.25,2,0,11,313,14299.0,11080.0,78119.0,0.00423,314.2,email_campaign,1519321.69,2374754.94
2022-11-10,2079598.87,1694276.76,385322.11,18.53,3,0,11,314,17937.0,13772.0,92814.0,0.00496,277.7,organic_search,1637304.21,2368402.81
2022-11-11,1581745.15,1307363.48,274381.67,17.35,4,0,11,315,18150.0,12791.0,78320.0,0.00516,205.0,organic_search,1711115.52,2355254.08
2022-11-12,1354235.95,1091940.76,262295.19,19.37,5,1,11,316,19558.0,13749.0,79761.0,0.00558,219.3,paid_search,1643703.5,2319367.97
2022-11-13,2903552.41,2399414.44,504137.97,17.36,6,1,11,317,15839.0,12192.0,63694.0,0.0044,200.2,organic_search,1743108.14,2351892.43
2022-11-14,1656739.7,1428653.75,228085.95,13.77,0,0,11,318,16503.0,12338.0,77142.0,0.00529,155.3,direct,1743234.81,2340900.58
2022-11-15,1547150.37,1239694.48,307455.89,19.87,1,0,11,319,15437.0,11589.0,71074.0,0.00403,269.5,organic_search,1709768.7,2329207.19
2022-11-16,1436853.58,1152791.3,284062.28,19.77,2,0,11,320,18093.0,13188.0,73967.0,0.00489,155.7,paid_search,1794268.0,2293524.68
2022-11-17,1542318.91,1326508.48,215810.43,13.99,3,0,11,321,17628.0,12749.0,72696.0,0.00463,224.8,paid_search,1717513.72,2239245.42
2022-11-18,2067584.69,1767319.2,300265.49,14.52,4,0,11,322,17800.0,12834.0,85184.0,0.00359,222.9,organic_search,1786919.37,2230687.76
2022-11-19,1496563.56,1377725.1,118838.46,7.94,5,1,11,323,16660.0,12315.0,74131.0,0.00477,238.9,email_campaign,1807251.89,2194201.51
2022-11-20,1857748.24,1631718.89,226029.35,12.17,6,1,11,324,17503.0,13242.0,91960.0,0.00349,224.4,email_campaign,1657851.29,2167382.17
2022-11-21,1349907.06,1276634.29,73272.77,5.43,0,0,11,325,16579.0,13584.0,84017.0,0.00353,312.1,social_media,1614018.06,2132141.59
2022-11-22,853188.02,904694.78,-51506.76,-6.04,1,0,11,326,19652.0,15391.0,73281.0,0.00411,120.5,organic_search,1514880.58,2094860.27
2022-11-23,1060969.69,1157743.64,-96773.95,-9.12,2,0,11,327,20790.0,14720.0,108751.0,0.00368,312.0,direct,1461182.88,2040944.06
2022-11-24,1729664.2,1775190.25,-45526.05,-2.63,3,0,11,328,22800.0,17553.0,111590.0,0.00515,186.0,email_campaign,1487946.49,1998487.0
2022-11-25,1527923.9,1576795.62,-48871.72,-3.2,4,0,11,329,16538.0,11598.0,86095.0,0.00518,269.1,paid_search,1410852.1,1971234.78
2022-11-26,2035639.78,2105948.81,-70309.03,-3.45,5,1,11,330,17711.0,13728.0,57061.0,0.00571,289.0,organic_search,1487862.98,1955958.25
2022-11-27,3138619.13,3283279.48,-144660.35,-4.61,6,1,11,331,17259.0,13973.0,64284.0,0.00526,187.4,email_campaign,1670844.54,1920238.47
2022-11-28,2104917.42,2152332.4,-47414.98,-2.25,0,0,11,332,17198.0,12171.0,84397.0,0.0037,245.7,direct,1778703.16,1869504.41
2022-11-29,2558728.79,2694391.19,-135662.4,-5.3,1,0,11,333,18099.0,12899.0,87262.0,0.00426,181.8,direct,2022351.84,1850439.45
2022-11-30,1317689.52,1346354.39,-28664.87,-2.18,2,0,11,334,20889.0,16323.0,107604.0,0.0051,242.5,social_media,2059026.11,1740002.72
2022-12-01,1668445.9,1683082.9,-14637.0,-0.88,3,0,12,335,18489.0,14922.0,94041.0,0.00578,291.5,organic_search,2050280.63,1694778.78
2022-12-02,720381.04,726739.78,-6358.74,-0.88,4,0,12,336,22309.0,18062.0,85041.0,0.00446,205.7,social_media,1934917.37,1674180.59
2022-12-03,753704.17,751384.0,2320.17,0.31,5,1,12,337,21813.0,17728.0,70937.0,0.00389,124.3,email_campaign,1751783.71,1657513.36
2022-12-04,664409.51,678890.04,-14480.53,-2.18,6,1,12,338,19992.0,14714.0,100587.0,0.00505,167.7,social_media,1398325.19,1644158.14
2022-12-05,1607335.1,1688255.85,-80920.75,-5.03,0,0,12,339,24621.0,19070.0,91083.0,0.00439,120.2,social_media,1327242.0,1636865.31
2022-12-06,1436188.44,1460346.38,-24157.94,-1.68,1,0,12,340,21837.0,16466.0,92381.0,0.00354,186.9,direct,1166879.1,1611147.59
2022-12-07,760218.13,731672.82,28545.31,3.75,2,0,12,341,21436.0,17340.0,76687.0,0.00334,210.3,organic_search,1087240.33,1581293.09
2022-12-08,818209.67,832757.07,-14547.4,-1.78,3,0,12,342,22392.0,16875.0,111333.0,0.00476,210.5,organic_search,965778.01,1549186.31
2022-12-09,1323267.85,1366777.35,-43509.5,-3.29,4,0,12,343,18315.0,14698.0,88470.0,0.00323,101.4,organic_search,1051904.7,1565116.62
2022-12-10,1598936.84,1616981.65,-18044.81,-1.13,5,1,12,344,21589.0,15750.0,85171.0,0.0032,236.8,paid_search,1172652.22,1549094.56
2022-12-11,1420910.74,1526398.5,-105487.76,-7.42,6,1,12,345,20104.0,15975.0,89226.0,0.00547,134.0,organic_search,1280723.82,1543733.41
2022-12-12,1983085.06,2071778.79,-88693.73,-4.47,0,0,12,346,20895.0,17111.0,98147.0,0.00423,147.2,paid_search,1334402.39,1564695.05
2022-12-13,1652309.19,1687562.98,-35253.79,-2.13,1,0,12,347,18678.0,14451.0,81348.0,0.00427,110.3,paid_search,1365276.78,1522986.94
2022-12-14,1662243.59,1688191.22,-25947.63,-1.56,2,0,12,348,19332.0,13535.0,89346.0,0.00333,260.6,paid_search,1494137.56,1523170.4
2022-12-15,1494318.64,1554407.68,-60089.04,-4.02,3,0,12,349,20742.0,14911.0,103929.0,0.00346,154.9,organic_search,1590724.56,1521409.35
2022-12-16,1482192.97,1521540.05,-39347.08,-2.65,4,0,12,350,21729.0,17169.0,114060.0,0.00466,235.3,social_media,1613428.15,1522920.66
2022-12-17,1302193.74,1321522.92,-19329.18,-1.48,5,1,12,351,21209.0,17110.0,116457.0,0.00403,292.3,email_campaign,1571036.28,1514916.49
2022-12-18,2201374.59,2308997.06,-107622.47,-4.89,6,1,12,352,22512.0,17217.0,76624.0,0.00521,233.8,email_campaign,1682531.11,1519376.15
2022-12-19,2250767.39,2245767.23,5000.16,0.22,0,0,12,353,20265.0,14862.0,107960.0,0.00569,233.7,social_media,1720771.44,1544516.28
2022-12-20,2026810.08,2053084.16,-26274.08,-1.3,1,0,12,354,23389.0,18774.0,102140.0,0.00342,233.1,email_campaign,1774271.57,1550151.67
2022-12-21,1795395.02,1806884.57,-11489.55,-0.64,2,0,12,355,19702.0,15507.0,100991.0,0.0047,230.8,direct,1793293.2,1565001.27
2022-12-22,1791622.46,1773829.08,17793.38,0.99,3,0,12,356,20194.0,16347.0,67520.0,0.00328,137.2,organic_search,1835765.18,1596282.42
2022-12-23,1501209.11,1499234.75,1974.36,0.13,4,0,12,357,18193.0,12836.0,88669.0,0.00354,265.7,social_media,1838481.77,1610957.07
2022-12-24,1390870.89,1401661.67,-10790.78,-0.78,5,1,12,358,19257.0,14348.0,98123.0,0.00396,125.3,organic_search,1851149.93,1599663.96
2022-12-25,1136772.53,1160100.63,-23328.1,-2.05,6,1,12,359,19815.0,14725.0,108175.0,0.00452,266.9,direct,1699063.93,1586625.58
2022-12-26,2110830.12,2160963.69,-50133.57,-2.38,0,0,12,360,21676.0,17160.0,79557.0,0.00471,174.5,paid_search,1679072.89,1589131.92
2022-12-27,2100553.66,2184872.24,-84318.58,-4.01,1,0,12,361,17416.0,13150.0,62527.0,0.00506,252.4,organic_search,1689607.68,1554529.74
2022-12-28,3448729.2,3513621.0,-64891.8,-1.88,2,0,12,362,21071.0,15979.0,67456.0,0.0056,177.3,organic_search,1925798.28,1599323.46
2022-12-29,3083944.33,3170787.1,-86842.77,-2.82,3,0,12,363,20884.0,14640.0,82155.0,0.00522,165.6,direct,2110415.69,1616830.65
2022-12-30,2884668.76,3022292.15,-137623.39,-4.77,4,0,12,364,17679.0,13713.0,79308.0,0.0035,183.8,email_campaign,2308052.78,1669063.29
2022-12-31,2383037.48,2279288.13,103749.35,4.35,5,1,12,365,21743.0,15512.0,94844.0,0.00394,151.7,organic_search,2449790.87,1692883.01
